Area Code,Area Code (M49),Area,Item Code,Item,Element Code,Element,Year Code,Year,Unit,Value,Flag,Note
54,'208,Denmark,3102,Nutrient nitrogen N (total),5510,Production,1964,1964,t,25077.0,A,Official data from questionnaire
54,'208,Denmark,3102,Nutrient nitrogen N (total),5510,Production,1965,1965,t,24583.0,A,Official data from questionnaire
54,'208,Denmark,3102,Nutrient nitrogen N (total),5510,Production,1966,1966,t,45275.0,A,Official data from questionnaire
54,'208,Denmark,3102,Nutrient nitrogen N (total),5510,Production,1967,1967,t,59601.0,A,Official data from questionnaire
54,'208,Denmark,3102,Nutrient nitrogen N (total),5510,Production,1968,1968,t,68328.0,A,Official data from questionnaire
54,'208,Denmark,3102,Nutrient nitrogen N (total),5510,Production,1969,1969,t,70664.0,A,Official data from questionnaire
54,'208,Denmark,3102,Nutrient nitrogen N (total),5510,Production,1970,1970,t,73723.0,A,Official data from questionnaire
54,'208,Denmark,3102,Nutrient nitrogen N (total),5510,Production,1971,1971,t,75063.0,A,Official data from questionnaire
54,'208,Denmark,3102,Nutrient nitrogen N (total),5510,Production,1972,1972,t,77213.0,A,Official data from questionnaire
54,'208,Denmark,3102,Nutrient nitrogen N (total),5510,Production,1973,1973,t,63593.0,A,Official data from questionnaire
54,'208,Denmark,3102,Nutrient nitrogen N (total),5510,Production,1974,1974,t,81339.0,A,Official data from questionnaire
54,'208,Denmark,3102,Nutrient nitrogen N (total),5510,Production,1975,1975,t,80033.0,A,Official data from questionnaire
54,'208,Denmark,3102,Nutrient nitrogen N (total),5510,Production,1976,1976,t,109301.0,A,Official data from questionnaire
54,'208,Denmark,3102,Nutrient nitrogen N (total),5510,Production,1977,1977,t,116836.0,A,Official data from questionnaire
54,'208,Denmark,3102,Nutrient nitrogen N (total),5510,Production,1978,1978,t,121318.0,A,Official data from questionnaire
54,'208,Denmark,3102,Nutrient nitrogen N (total),5510,Production,1979,1979,t,130936.0,A,Official data from questionnaire
54,'208,Denmark,3102,Nutrient nitrogen N (total),5510,Production,1980,1980,t,146687.0,A,Official data from questionnaire
54,'208,Denmark,3102,Nutrient nitrogen N (total),5510,Production,1981,1981,t,130703.0,A,Official data from questionnaire
54,'208,Denmark,3102,Nutrient nitrogen N (total),5510,Production,1982,1982,t,161300.0,A,Official data from questionnaire
54,'208,Denmark,3102,Nutrient nitrogen N (total),5510,Production,1983,1983,t,202514.0,A,Official data from questionnaire
54,'208,Denmark,3102,Nutrient nitrogen N (total),5510,Production,1984,1984,t,186727.0,A,Official data from questionnaire
54,'208,Denmark,3102,Nutrient nitrogen N (total),5510,Production,1985,1985,t,169284.0,A,Official data from questionnaire
54,'208,Denmark,3102,Nutrient nitrogen N (total),5510,Production,1986,1986,t,157985.0,A,Official data from questionnaire
54,'208,Denmark,3102,Nutrient nitrogen N (total),5510,Production,1987,1987,t,190600.0,X,Data sourced from another international organization
54,'208,Denmark,3102,Nutrient nitrogen N (total),5510,Production,1988,1988,t,191000.0,X,Data sourced from another international organization
54,'208,Denmark,3102,Nutrient nitrogen N (total),5510,Production,1989,1989,t,200400.0,X,Data sourced from another international organization
54,'208,Denmark,3102,Nutrient nitrogen N (total),5510,Production,1990,1990,t,184900.0,X,Data sourced from another international organization
54,'208,Denmark,3102,Nutrient nitrogen N (total),5510,Production,1991,1991,t,173400.0,X,Data sourced from another international organization
54,'208,Denmark,3102,Nutrient nitrogen N (total),5510,Production,1992,1992,t,171000.0,X,Data sourced from another international organization
54,'208,Denmark,3102,Nutrient nitrogen N (total),5510,Production,1993,1993,t,179000.0,X,Data sourced from another international organization
54,'208,Denmark,3102,Nutrient nitrogen N (total),5510,Production,1994,1994,t,163000.0,X,Data sourced from another international organization
54,'208,Denmark,3102,Nutrient nitrogen N (total),5510,Production,1995,1995,t,165000.0,X,Data sourced from another international organization
54,'208,Denmark,3102,Nutrient nitrogen N (total),5510,Production,1996,1996,t,150000.0,X,Data sourced from another international organization
54,'208,Denmark,3102,Nutrient nitrogen N (total),5510,Production,1997,1997,t,156000.0,X,Data sourced from another international organization
54,'208,Denmark,3102,Nutrient nitrogen N (total),5510,Production,1998,1998,t,150000.0,X,Data sourced from another international organization
54,'208,Denmark,3102,Nutrient nitrogen N (total),5510,Production,1999,1999,t,184000.0,X,Data sourced from another international organization
54,'208,Denmark,3102,Nutrient nitrogen N (total),5510,Production,2000,2000,t,131000.0,X,Data sourced from another international organization
54,'208,Denmark,3102,Nutrient nitrogen N (total),5510,Production,2001,2001,t,132000.0,X,Data sourced from another international organization
54,'208,Denmark,3102,Nutrient nitrogen N (total),5510,Production,2002,2002,t,116165.0,E,
54,'208,Denmark,3102,Nutrient nitrogen N (total),5510,Production,2003,2003,t,148459.0,E,
54,'208,Denmark,3102,Nutrient nitrogen N (total),5510,Production,2004,2004,t,92787.0,E,
54,'208,Denmark,3102,Nutrient nitrogen N (total),5510,Production,2005,2005,t,0.0,E,
54,'208,Denmark,3102,Nutrient nitrogen N (total),5510,Production,2006,2006,t,0.0,A,Official data from questionnaire
54,'208,Denmark,3102,Nutrient nitrogen N (total),5510,Production,2007,2007,t,0.0,A,Official data from questionnaire
54,'208,Denmark,3102,Nutrient nitrogen N (total),5510,Production,2008,2008,t,0.0,A,Official data from questionnaire
54,'208,Denmark,3102,Nutrient nitrogen N (total),5510,Production,2009,2009,t,0.0,A,Official data from questionnaire
54,'208,Denmark,3102,Nutrient nitrogen N (total),5510,Production,2010,2010,t,0.0,A,Official data from questionnaire
54,'208,Denmark,3102,Nutrient nitrogen N (total),5510,Production,2011,2011,t,0.0,A,Official data from questionnaire
54,'208,Denmark,3102,Nutrient nitrogen N (total),5510,Production,2012,2012,t,0.0,A,Official data from questionnaire
54,'208,Denmark,3102,Nutrient nitrogen N (total),5510,Production,2013,2013,t,0.0,A,Official data from questionnaire
54,'208,Denmark,3102,Nutrient nitrogen N (total),5510,Production,2014,2014,t,0.0,A,Official data from questionnaire
54,'208,Denmark,3102,Nutrient nitrogen N (total),5510,Production,2015,2015,t,0.0,E,
54,'208,Denmark,3102,Nutrient nitrogen N (total),5510,Production,2016,2016,t,0.0,A,Official data from questionnaire
54,'208,Denmark,3102,Nutrient nitrogen N (total),5510,Production,2017,2017,t,0.0,A,Official data from questionnaire
54,'208,Denmark,3102,Nutrient nitrogen N (total),5510,Production,2018,2018,t,0.0,E,
54,'208,Denmark,3102,Nutrient nitrogen N (total),5510,Production,2019,2019,t,0.0,E,
54,'208,Denmark,3102,Nutrient nitrogen N (total),5510,Production,2020,2020,t,0.0,E,
54,'208,Denmark,3102,Nutrient nitrogen N (total),5510,Production,2021,2021,t,0.0,E,
54,'208,Denmark,3102,Nutrient nitrogen N (total),5510,Production,2022,2022,t,0.0,E,
54,'208,Denmark,3102,Nutrient nitrogen N (total),5510,Production,2023,2023,t,0.0,E,
54,'208,Denmark,3102,Nutrient nitrogen N (total),5610,Import quantity,1961,1961,t,130229.0,A,Official data from questionnaire
54,'208,Denmark,3102,Nutrient nitrogen N (total),5610,Import quantity,1962,1962,t,143967.0,A,Official data from questionnaire
54,'208,Denmark,3102,Nutrient nitrogen N (total),5610,Import quantity,1963,1963,t,153438.0,A,Official data from questionnaire
54,'208,Denmark,3102,Nutrient nitrogen N (total),5610,Import quantity,1964,1964,t,154606.0,A,Official data from questionnaire
54,'208,Denmark,3102,Nutrient nitrogen N (total),5610,Import quantity,1965,1965,t,178513.0,A,Official data from questionnaire
54,'208,Denmark,3102,Nutrient nitrogen N (total),5610,Import quantity,1966,1966,t,183243.0,A,Official data from questionnaire
54,'208,Denmark,3102,Nutrient nitrogen N (total),5610,Import quantity,1967,1967,t,192169.0,A,Official data from questionnaire
54,'208,Denmark,3102,Nutrient nitrogen N (total),5610,Import quantity,1968,1968,t,182046.0,A,Official data from questionnaire
54,'208,Denmark,3102,Nutrient nitrogen N (total),5610,Import quantity,1969,1969,t,186344.0,A,Official data from questionnaire
54,'208,Denmark,3102,Nutrient nitrogen N (total),5610,Import quantity,1970,1970,t,227174.0,A,Official data from questionnaire
54,'208,Denmark,3102,Nutrient nitrogen N (total),5610,Import quantity,1971,1971,t,221253.0,A,Official data from questionnaire
54,'208,Denmark,3102,Nutrient nitrogen N (total),5610,Import quantity,1972,1972,t,271044.0,A,Official data from questionnaire
54,'208,Denmark,3102,Nutrient nitrogen N (total),5610,Import quantity,1973,1973,t,271502.0,A,Official data from questionnaire
54,'208,Denmark,3102,Nutrient nitrogen N (total),5610,Import quantity,1974,1974,t,266518.0,A,Official data from questionnaire
54,'208,Denmark,3102,Nutrient nitrogen N (total),5610,Import quantity,1975,1975,t,249397.0,A,Official data from questionnaire
54,'208,Denmark,3102,Nutrient nitrogen N (total),5610,Import quantity,1976,1976,t,253911.0,A,Official data from questionnaire
54,'208,Denmark,3102,Nutrient nitrogen N (total),5610,Import quantity,1977,1977,t,248921.0,A,Official data from questionnaire
54,'208,Denmark,3102,Nutrient nitrogen N (total),5610,Import quantity,1978,1978,t,295066.0,A,Official data from questionnaire
54,'208,Denmark,3102,Nutrient nitrogen N (total),5610,Import quantity,1979,1979,t,265689.0,A,Official data from questionnaire
54,'208,Denmark,3102,Nutrient nitrogen N (total),5610,Import quantity,1980,1980,t,264892.0,A,Official data from questionnaire
54,'208,Denmark,3102,Nutrient nitrogen N (total),5610,Import quantity,1981,1981,t,253466.0,A,Official data from questionnaire
54,'208,Denmark,3102,Nutrient nitrogen N (total),5610,Import quantity,1982,1982,t,272486.0,A,Official data from questionnaire
54,'208,Denmark,3102,Nutrient nitrogen N (total),5610,Import quantity,1983,1983,t,287908.0,A,Official data from questionnaire
54,'208,Denmark,3102,Nutrient nitrogen N (total),5610,Import quantity,1984,1984,t,269004.0,A,Official data from questionnaire
54,'208,Denmark,3102,Nutrient nitrogen N (total),5610,Import quantity,1985,1985,t,258574.0,A,Official data from questionnaire
54,'208,Denmark,3102,Nutrient nitrogen N (total),5610,Import quantity,1986,1986,t,249841.0,A,Official data from questionnaire
54,'208,Denmark,3102,Nutrient nitrogen N (total),5610,Import quantity,1987,1987,t,243500.0,X,Data sourced from another international organization
54,'208,Denmark,3102,Nutrient nitrogen N (total),5610,Import quantity,1988,1988,t,246600.0,X,Data sourced from another international organization
54,'208,Denmark,3102,Nutrient nitrogen N (total),5610,Import quantity,1989,1989,t,254300.0,X,Data sourced from another international organization
54,'208,Denmark,3102,Nutrient nitrogen N (total),5610,Import quantity,1990,1990,t,275500.0,X,Data sourced from another international organization
54,'208,Denmark,3102,Nutrient nitrogen N (total),5610,Import quantity,1991,1991,t,259500.0,X,Data sourced from another international organization
54,'208,Denmark,3102,Nutrient nitrogen N (total),5610,Import quantity,1992,1992,t,213000.0,X,Data sourced from another international organization
54,'208,Denmark,3102,Nutrient nitrogen N (total),5610,Import quantity,1993,1993,t,210000.0,X,Data sourced from another international organization
54,'208,Denmark,3102,Nutrient nitrogen N (total),5610,Import quantity,1994,1994,t,220000.0,X,Data sourced from another international organization
54,'208,Denmark,3102,Nutrient nitrogen N (total),5610,Import quantity,1995,1995,t,182000.0,X,Data sourced from another international organization
54,'208,Denmark,3102,Nutrient nitrogen N (total),5610,Import quantity,1996,1996,t,202000.0,X,Data sourced from another international organization
54,'208,Denmark,3102,Nutrient nitrogen N (total),5610,Import quantity,1997,1997,t,176000.0,X,Data sourced from another international organization
54,'208,Denmark,3102,Nutrient nitrogen N (total),5610,Import quantity,1998,1998,t,174000.0,X,Data sourced from another international organization
54,'208,Denmark,3102,Nutrient nitrogen N (total),5610,Import quantity,1999,1999,t,151000.0,X,Data sourced from another international organization
54,'208,Denmark,3102,Nutrient nitrogen N (total),5610,Import quantity,2000,2000,t,161000.0,X,Data sourced from another international organization
54,'208,Denmark,3102,Nutrient nitrogen N (total),5610,Import quantity,2001,2001,t,139000.0,X,Data sourced from another international organization
54,'208,Denmark,3102,Nutrient nitrogen N (total),5610,Import quantity,2002,2002,t,131311.57,I,
54,'208,Denmark,3102,Nutrient nitrogen N (total),5610,Import quantity,2003,2003,t,158799.03,I,
54,'208,Denmark,3102,Nutrient nitrogen N (total),5610,Import quantity,2004,2004,t,192999.13,I,
54,'208,Denmark,3102,Nutrient nitrogen N (total),5610,Import quantity,2005,2005,t,207018.39,I,
54,'208,Denmark,3102,Nutrient nitrogen N (total),5610,Import quantity,2006,2006,t,150182.75,I,
54,'208,Denmark,3102,Nutrient nitrogen N (total),5610,Import quantity,2007,2007,t,152040.85,I,
54,'208,Denmark,3102,Nutrient nitrogen N (total),5610,Import quantity,2008,2008,t,234097.64,I,
54,'208,Denmark,3102,Nutrient nitrogen N (total),5610,Import quantity,2009,2009,t,197999.44,I,
54,'208,Denmark,3102,Nutrient nitrogen N (total),5610,Import quantity,2010,2010,t,170956.31,I,
54,'208,Denmark,3102,Nutrient nitrogen N (total),5610,Import quantity,2011,2011,t,206333.92,I,
54,'208,Denmark,3102,Nutrient nitrogen N (total),5610,Import quantity,2012,2012,t,210690.71,I,
54,'208,Denmark,3102,Nutrient nitrogen N (total),5610,Import quantity,2013,2013,t,224871.24,I,
54,'208,Denmark,3102,Nutrient nitrogen N (total),5610,Import quantity,2014,2014,t,213508.54,I,
54,'208,Denmark,3102,Nutrient nitrogen N (total),5610,Import quantity,2015,2015,t,240107.01,I,
54,'208,Denmark,3102,Nutrient nitrogen N (total),5610,Import quantity,2016,2016,t,247417.98,I,
54,'208,Denmark,3102,Nutrient nitrogen N (total),5610,Import quantity,2017,2017,t,279894.95,I,
54,'208,Denmark,3102,Nutrient nitrogen N (total),5610,Import quantity,2018,2018,t,235581.59,I,
54,'208,Denmark,3102,Nutrient nitrogen N (total),5610,Import quantity,2019,2019,t,246646.68,I,
54,'208,Denmark,3102,Nutrient nitrogen N (total),5610,Import quantity,2020,2020,t,239690.65,I,
54,'208,Denmark,3102,Nutrient nitrogen N (total),5610,Import quantity,2021,2021,t,229567.79,I,
54,'208,Denmark,3102,Nutrient nitrogen N (total),5610,Import quantity,2022,2022,t,318593.98,I,
54,'208,Denmark,3102,Nutrient nitrogen N (total),5610,Import quantity,2023,2023,t,310265.21,I,
54,'208,Denmark,3102,Nutrient nitrogen N (total),5910,Export quantity,1974,1974,t,1736.0,A,Official data from questionnaire
54,'208,Denmark,3102,Nutrient nitrogen N (total),5910,Export quantity,1975,1975,t,849.0,A,Official data from questionnaire
54,'208,Denmark,3102,Nutrient nitrogen N (total),5910,Export quantity,1976,1976,t,12571.0,A,Official data from questionnaire
54,'208,Denmark,3102,Nutrient nitrogen N (total),5910,Export quantity,1977,1977,t,5842.0,A,Official data from questionnaire
54,'208,Denmark,3102,Nutrient nitrogen N (total),5910,Export quantity,1978,1978,t,4875.0,A,Official data from questionnaire
54,'208,Denmark,3102,Nutrient nitrogen N (total),5910,Export quantity,1979,1979,t,10345.0,A,Official data from questionnaire
54,'208,Denmark,3102,Nutrient nitrogen N (total),5910,Export quantity,1980,1980,t,34121.0,A,Official data from questionnaire
54,'208,Denmark,3102,Nutrient nitrogen N (total),5910,Export quantity,1981,1981,t,33668.0,A,Official data from questionnaire
54,'208,Denmark,3102,Nutrient nitrogen N (total),5910,Export quantity,1982,1982,t,40488.0,A,Official data from questionnaire
54,'208,Denmark,3102,Nutrient nitrogen N (total),5910,Export quantity,1983,1983,t,40540.0,A,Official data from questionnaire
54,'208,Denmark,3102,Nutrient nitrogen N (total),5910,Export quantity,1984,1984,t,51194.0,A,Official data from questionnaire
54,'208,Denmark,3102,Nutrient nitrogen N (total),5910,Export quantity,1985,1985,t,48806.0,A,Official data from questionnaire
54,'208,Denmark,3102,Nutrient nitrogen N (total),5910,Export quantity,1986,1986,t,51102.0,A,Official data from questionnaire
54,'208,Denmark,3102,Nutrient nitrogen N (total),5910,Export quantity,1987,1987,t,77300.0,X,Data sourced from another international organization
54,'208,Denmark,3102,Nutrient nitrogen N (total),5910,Export quantity,1988,1988,t,59500.0,X,Data sourced from another international organization
54,'208,Denmark,3102,Nutrient nitrogen N (total),5910,Export quantity,1989,1989,t,63000.0,X,Data sourced from another international organization
54,'208,Denmark,3102,Nutrient nitrogen N (total),5910,Export quantity,1990,1990,t,32400.0,X,Data sourced from another international organization
54,'208,Denmark,3102,Nutrient nitrogen N (total),5910,Export quantity,1991,1991,t,59500.0,X,Data sourced from another international organization
54,'208,Denmark,3102,Nutrient nitrogen N (total),5910,Export quantity,1992,1992,t,51000.0,X,Data sourced from another international organization
54,'208,Denmark,3102,Nutrient nitrogen N (total),5910,Export quantity,1993,1993,t,54000.0,X,Data sourced from another international organization
54,'208,Denmark,3102,Nutrient nitrogen N (total),5910,Export quantity,1994,1994,t,66000.0,X,Data sourced from another international organization
54,'208,Denmark,3102,Nutrient nitrogen N (total),5910,Export quantity,1995,1995,t,56000.0,X,Data sourced from another international organization
54,'208,Denmark,3102,Nutrient nitrogen N (total),5910,Export quantity,1996,1996,t,52000.0,X,Data sourced from another international organization
54,'208,Denmark,3102,Nutrient nitrogen N (total),5910,Export quantity,1997,1997,t,49000.0,X,Data sourced from another international organization
54,'208,Denmark,3102,Nutrient nitrogen N (total),5910,Export quantity,1998,1998,t,51000.0,X,Data sourced from another international organization
54,'208,Denmark,3102,Nutrient nitrogen N (total),5910,Export quantity,1999,1999,t,83000.0,X,Data sourced from another international organization
54,'208,Denmark,3102,Nutrient nitrogen N (total),5910,Export quantity,2000,2000,t,58000.0,X,Data sourced from another international organization
54,'208,Denmark,3102,Nutrient nitrogen N (total),5910,Export quantity,2001,2001,t,57000.0,X,Data sourced from another international organization
54,'208,Denmark,3102,Nutrient nitrogen N (total),5910,Export quantity,2002,2002,t,71249.33,I,
54,'208,Denmark,3102,Nutrient nitrogen N (total),5910,Export quantity,2003,2003,t,70393.5,I,
54,'208,Denmark,3102,Nutrient nitrogen N (total),5910,Export quantity,2004,2004,t,39773.4,I,
54,'208,Denmark,3102,Nutrient nitrogen N (total),5910,Export quantity,2005,2005,t,15627.14,I,
54,'208,Denmark,3102,Nutrient nitrogen N (total),5910,Export quantity,2006,2006,t,13331.42,I,
54,'208,Denmark,3102,Nutrient nitrogen N (total),5910,Export quantity,2007,2007,t,10251.33,I,
54,'208,Denmark,3102,Nutrient nitrogen N (total),5910,Export quantity,2008,2008,t,20800.92,I,
54,'208,Denmark,3102,Nutrient nitrogen N (total),5910,Export quantity,2009,2009,t,11700.62,I,
54,'208,Denmark,3102,Nutrient nitrogen N (total),5910,Export quantity,2010,2010,t,21362.13,I,
54,'208,Denmark,3102,Nutrient nitrogen N (total),5910,Export quantity,2011,2011,t,27056.38,I,
54,'208,Denmark,3102,Nutrient nitrogen N (total),5910,Export quantity,2012,2012,t,53623.02,I,
54,'208,Denmark,3102,Nutrient nitrogen N (total),5910,Export quantity,2013,2013,t,50626.44,I,
54,'208,Denmark,3102,Nutrient nitrogen N (total),5910,Export quantity,2014,2014,t,46404.27,I,
54,'208,Denmark,3102,Nutrient nitrogen N (total),5910,Export quantity,2015,2015,t,38188.31,I,
54,'208,Denmark,3102,Nutrient nitrogen N (total),5910,Export quantity,2016,2016,t,37052.08,I,
54,'208,Denmark,3102,Nutrient nitrogen N (total),5910,Export quantity,2017,2017,t,38087.89,I,
54,'208,Denmark,3102,Nutrient nitrogen N (total),5910,Export quantity,2018,2018,t,33281.86,I,
54,'208,Denmark,3102,Nutrient nitrogen N (total),5910,Export quantity,2019,2019,t,35362.03,I,
54,'208,Denmark,3102,Nutrient nitrogen N (total),5910,Export quantity,2020,2020,t,46693.56,I,
54,'208,Denmark,3102,Nutrient nitrogen N (total),5910,Export quantity,2021,2021,t,43071.29,I,
54,'208,Denmark,3102,Nutrient nitrogen N (total),5910,Export quantity,2022,2022,t,52085.77,I,
54,'208,Denmark,3102,Nutrient nitrogen N (total),5910,Export quantity,2023,2023,t,12622.08,I,
54,'208,Denmark,3102,Nutrient nitrogen N (total),5157,Agricultural Use,1961,1961,t,133481.0,A,Official data from questionnaire
54,'208,Denmark,3102,Nutrient nitrogen N (total),5157,Agricultural Use,1962,1962,t,142167.0,A,Official data from questionnaire
54,'208,Denmark,3102,Nutrient nitrogen N (total),5157,Agricultural Use,1963,1963,t,152795.0,A,Official data from questionnaire
54,'208,Denmark,3102,Nutrient nitrogen N (total),5157,Agricultural Use,1964,1964,t,168692.0,A,Official data from questionnaire
54,'208,Denmark,3102,Nutrient nitrogen N (total),5157,Agricultural Use,1965,1965,t,191595.0,A,Official data from questionnaire
54,'208,Denmark,3102,Nutrient nitrogen N (total),5157,Agricultural Use,1966,1966,t,214856.0,A,Official data from questionnaire
54,'208,Denmark,3102,Nutrient nitrogen N (total),5157,Agricultural Use,1967,1967,t,232631.0,A,Official data from questionnaire
54,'208,Denmark,3102,Nutrient nitrogen N (total),5157,Agricultural Use,1968,1968,t,247988.0,A,Official data from questionnaire
54,'208,Denmark,3102,Nutrient nitrogen N (total),5157,Agricultural Use,1969,1969,t,270213.0,A,Official data from questionnaire
54,'208,Denmark,3102,Nutrient nitrogen N (total),5157,Agricultural Use,1970,1970,t,289341.0,A,Official data from questionnaire
54,'208,Denmark,3102,Nutrient nitrogen N (total),5157,Agricultural Use,1971,1971,t,308252.0,A,Official data from questionnaire
54,'208,Denmark,3102,Nutrient nitrogen N (total),5157,Agricultural Use,1972,1972,t,329476.0,A,Official data from questionnaire
54,'208,Denmark,3102,Nutrient nitrogen N (total),5157,Agricultural Use,1973,1973,t,365148.0,A,Official data from questionnaire
54,'208,Denmark,3102,Nutrient nitrogen N (total),5157,Agricultural Use,1974,1974,t,300445.0,A,Official data from questionnaire
54,'208,Denmark,3102,Nutrient nitrogen N (total),5157,Agricultural Use,1975,1975,t,339088.0,A,Official data from questionnaire
54,'208,Denmark,3102,Nutrient nitrogen N (total),5157,Agricultural Use,1976,1976,t,349497.0,A,Official data from questionnaire
54,'208,Denmark,3102,Nutrient nitrogen N (total),5157,Agricultural Use,1977,1977,t,373710.0,A,Official data from questionnaire
54,'208,Denmark,3102,Nutrient nitrogen N (total),5157,Agricultural Use,1978,1978,t,379884.0,A,Official data from questionnaire
54,'208,Denmark,3102,Nutrient nitrogen N (total),5157,Agricultural Use,1979,1979,t,393900.0,A,Official data from questionnaire
54,'208,Denmark,3102,Nutrient nitrogen N (total),5157,Agricultural Use,1980,1980,t,374099.0,A,Official data from questionnaire
54,'208,Denmark,3102,Nutrient nitrogen N (total),5157,Agricultural Use,1981,1981,t,375972.0,A,Official data from questionnaire
54,'208,Denmark,3102,Nutrient nitrogen N (total),5157,Agricultural Use,1982,1982,t,391392.0,A,Official data from questionnaire
54,'208,Denmark,3102,Nutrient nitrogen N (total),5157,Agricultural Use,1983,1983,t,419037.0,A,Official data from questionnaire
54,'208,Denmark,3102,Nutrient nitrogen N (total),5157,Agricultural Use,1984,1984,t,398147.0,A,Official data from questionnaire
54,'208,Denmark,3102,Nutrient nitrogen N (total),5157,Agricultural Use,1985,1985,t,382087.0,A,Official data from questionnaire
54,'208,Denmark,3102,Nutrient nitrogen N (total),5157,Agricultural Use,1986,1986,t,381263.0,A,Official data from questionnaire
54,'208,Denmark,3102,Nutrient nitrogen N (total),5157,Agricultural Use,1987,1987,t,367000.0,X,Data sourced from another international organization
54,'208,Denmark,3102,Nutrient nitrogen N (total),5157,Agricultural Use,1988,1988,t,376900.0,X,Data sourced from another international organization
54,'208,Denmark,3102,Nutrient nitrogen N (total),5157,Agricultural Use,1989,1989,t,400400.0,X,Data sourced from another international organization
54,'208,Denmark,3102,Nutrient nitrogen N (total),5157,Agricultural Use,1990,1990,t,394900.0,X,Data sourced from another international organization
54,'208,Denmark,3102,Nutrient nitrogen N (total),5157,Agricultural Use,1991,1991,t,370000.0,X,Data sourced from another international organization
54,'208,Denmark,3102,Nutrient nitrogen N (total),5157,Agricultural Use,1992,1992,t,333000.0,X,Data sourced from another international organization
54,'208,Denmark,3102,Nutrient nitrogen N (total),5157,Agricultural Use,1993,1993,t,325000.0,X,Data sourced from another international organization
54,'208,Denmark,3102,Nutrient nitrogen N (total),5157,Agricultural Use,1994,1994,t,316000.0,X,Data sourced from another international organization
54,'208,Denmark,3102,Nutrient nitrogen N (total),5157,Agricultural Use,1995,1995,t,291000.0,X,Data sourced from another international organization
54,'208,Denmark,3102,Nutrient nitrogen N (total),5157,Agricultural Use,1996,1996,t,288000.0,X,Data sourced from another international organization
54,'208,Denmark,3102,Nutrient nitrogen N (total),5157,Agricultural Use,1997,1997,t,283000.0,X,Data sourced from another international organization
54,'208,Denmark,3102,Nutrient nitrogen N (total),5157,Agricultural Use,1998,1998,t,263000.0,X,Data sourced from another international organization
54,'208,Denmark,3102,Nutrient nitrogen N (total),5157,Agricultural Use,1999,1999,t,248000.0,X,Data sourced from another international organization
54,'208,Denmark,3102,Nutrient nitrogen N (total),5157,Agricultural Use,2000,2000,t,234000.0,X,Data sourced from another international organization
54,'208,Denmark,3102,Nutrient nitrogen N (total),5157,Agricultural Use,2001,2001,t,210629.0,X,Data sourced from another international organization
54,'208,Denmark,3102,Nutrient nitrogen N (total),5157,Agricultural Use,2002,2002,t,202000.0,X,Data sourced from IFA
54,'208,Denmark,3102,Nutrient nitrogen N (total),5157,Agricultural Use,2003,2003,t,206000.0,X,Data sourced from IFA
54,'208,Denmark,3102,Nutrient nitrogen N (total),5157,Agricultural Use,2004,2004,t,182171.0,A,Official data from questionnaire
54,'208,Denmark,3102,Nutrient nitrogen N (total),5157,Agricultural Use,2005,2005,t,179046.0,A,Official data from questionnaire
54,'208,Denmark,3102,Nutrient nitrogen N (total),5157,Agricultural Use,2006,2006,t,190309.0,A,Official data from questionnaire
54,'208,Denmark,3102,Nutrient nitrogen N (total),5157,Agricultural Use,2007,2007,t,192937.0,A,Official data from questionnaire
54,'208,Denmark,3102,Nutrient nitrogen N (total),5157,Agricultural Use,2008,2008,t,218223.0,A,Official data from questionnaire
54,'208,Denmark,3102,Nutrient nitrogen N (total),5157,Agricultural Use,2009,2009,t,186981.0,A,Official data from questionnaire
54,'208,Denmark,3102,Nutrient nitrogen N (total),5157,Agricultural Use,2010,2010,t,180105.0,A,Official data from questionnaire
54,'208,Denmark,3102,Nutrient nitrogen N (total),5157,Agricultural Use,2011,2011,t,183151.0,A,Official data from questionnaire
54,'208,Denmark,3102,Nutrient nitrogen N (total),5157,Agricultural Use,2012,2012,t,189000.0,E,
54,'208,Denmark,3102,Nutrient nitrogen N (total),5157,Agricultural Use,2013,2013,t,178564.0,A,Official data from questionnaire
54,'208,Denmark,3102,Nutrient nitrogen N (total),5157,Agricultural Use,2014,2014,t,204668.0,E,
54,'208,Denmark,3102,Nutrient nitrogen N (total),5157,Agricultural Use,2015,2015,t,225054.0,E,
54,'208,Denmark,3102,Nutrient nitrogen N (total),5157,Agricultural Use,2016,2016,t,240726.0,A,Official data from questionnaire
54,'208,Denmark,3102,Nutrient nitrogen N (total),5157,Agricultural Use,2017,2017,t,236492.0,A,Official data from questionnaire
54,'208,Denmark,3102,Nutrient nitrogen N (total),5157,Agricultural Use,2018,2018,t,224387.0,A,Official data from questionnaire
54,'208,Denmark,3102,Nutrient nitrogen N (total),5157,Agricultural Use,2019,2019,t,225242.0,A,Official data from questionnaire
54,'208,Denmark,3102,Nutrient nitrogen N (total),5157,Agricultural Use,2020,2020,t,233473.0,A,Official data from questionnaire
54,'208,Denmark,3102,Nutrient nitrogen N (total),5157,Agricultural Use,2021,2021,t,202583.0,A,Official data from questionnaire
54,'208,Denmark,3102,Nutrient nitrogen N (total),5157,Agricultural Use,2022,2022,t,196076.0,A,Official data from questionnaire
54,'208,Denmark,3102,Nutrient nitrogen N (total),5157,Agricultural Use,2023,2023,t,196052.0,A,Official data from questionnaire
54,'208,Denmark,3102,Nutrient nitrogen N (total),5159,Use per area of cropland,1961,1961,kg/ha,47.38,E,
54,'208,Denmark,3102,Nutrient nitrogen N (total),5159,Use per area of cropland,1962,1962,kg/ha,51.08,E,
54,'208,Denmark,3102,Nutrient nitrogen N (total),5159,Use per area of cropland,1963,1963,kg/ha,55.44,E,
54,'208,Denmark,3102,Nutrient nitrogen N (total),5159,Use per area of cropland,1964,1964,kg/ha,61.57,E,
54,'208,Denmark,3102,Nutrient nitrogen N (total),5159,Use per area of cropland,1965,1965,kg/ha,70.75,E,
54,'208,Denmark,3102,Nutrient nitrogen N (total),5159,Use per area of cropland,1966,1966,kg/ha,79.55,E,
54,'208,Denmark,3102,Nutrient nitrogen N (total),5159,Use per area of cropland,1967,1967,kg/ha,86.16,E,
54,'208,Denmark,3102,Nutrient nitrogen N (total),5159,Use per area of cropland,1968,1968,kg/ha,91.54,E,
54,'208,Denmark,3102,Nutrient nitrogen N (total),5159,Use per area of cropland,1969,1969,kg/ha,100.34,E,
54,'208,Denmark,3102,Nutrient nitrogen N (total),5159,Use per area of cropland,1970,1970,kg/ha,108.12,E,
54,'208,Denmark,3102,Nutrient nitrogen N (total),5159,Use per area of cropland,1971,1971,kg/ha,115.8,E,
54,'208,Denmark,3102,Nutrient nitrogen N (total),5159,Use per area of cropland,1972,1972,kg/ha,123.58,E,
54,'208,Denmark,3102,Nutrient nitrogen N (total),5159,Use per area of cropland,1973,1973,kg/ha,136.86,E,
54,'208,Denmark,3102,Nutrient nitrogen N (total),5159,Use per area of cropland,1974,1974,kg/ha,113.16,E,
54,'208,Denmark,3102,Nutrient nitrogen N (total),5159,Use per area of cropland,1975,1975,kg/ha,127.48,E,
54,'208,Denmark,3102,Nutrient nitrogen N (total),5159,Use per area of cropland,1976,1976,kg/ha,131.04,E,
54,'208,Denmark,3102,Nutrient nitrogen N (total),5159,Use per area of cropland,1977,1977,kg/ha,141.13,E,
54,'208,Denmark,3102,Nutrient nitrogen N (total),5159,Use per area of cropland,1978,1978,kg/ha,143.19,E,
54,'208,Denmark,3102,Nutrient nitrogen N (total),5159,Use per area of cropland,1979,1979,kg/ha,148.31,E,
54,'208,Denmark,3102,Nutrient nitrogen N (total),5159,Use per area of cropland,1980,1980,kg/ha,141.01,E,
54,'208,Denmark,3102,Nutrient nitrogen N (total),5159,Use per area of cropland,1981,1981,kg/ha,141.82,E,
54,'208,Denmark,3102,Nutrient nitrogen N (total),5159,Use per area of cropland,1982,1982,kg/ha,148.03,E,
54,'208,Denmark,3102,Nutrient nitrogen N (total),5159,Use per area of cropland,1983,1983,kg/ha,160.55,E,
54,'208,Denmark,3102,Nutrient nitrogen N (total),5159,Use per area of cropland,1984,1984,kg/ha,151.56,E,
54,'208,Denmark,3102,Nutrient nitrogen N (total),5159,Use per area of cropland,1985,1985,kg/ha,146.17,E,
54,'208,Denmark,3102,Nutrient nitrogen N (total),5159,Use per area of cropland,1986,1986,kg/ha,146.41,E,
54,'208,Denmark,3102,Nutrient nitrogen N (total),5159,Use per area of cropland,1987,1987,kg/ha,141.81,E,
54,'208,Denmark,3102,Nutrient nitrogen N (total),5159,Use per area of cropland,1988,1988,kg/ha,146.65,E,
54,'208,Denmark,3102,Nutrient nitrogen N (total),5159,Use per area of cropland,1989,1989,kg/ha,156.71,E,
54,'208,Denmark,3102,Nutrient nitrogen N (total),5159,Use per area of cropland,1990,1990,kg/ha,153.6,E,
54,'208,Denmark,3102,Nutrient nitrogen N (total),5159,Use per area of cropland,1991,1991,kg/ha,144.64,E,
54,'208,Denmark,3102,Nutrient nitrogen N (total),5159,Use per area of cropland,1992,1992,kg/ha,130.69,E,
54,'208,Denmark,3102,Nutrient nitrogen N (total),5159,Use per area of cropland,1993,1993,kg/ha,127.85,E,
54,'208,Denmark,3102,Nutrient nitrogen N (total),5159,Use per area of cropland,1994,1994,kg/ha,133.11,E,
54,'208,Denmark,3102,Nutrient nitrogen N (total),5159,Use per area of cropland,1995,1995,kg/ha,125.0,E,
54,'208,Denmark,3102,Nutrient nitrogen N (total),5159,Use per area of cropland,1996,1996,kg/ha,123.55,E,
54,'208,Denmark,3102,Nutrient nitrogen N (total),5159,Use per area of cropland,1997,1997,kg/ha,119.26,E,
54,'208,Denmark,3102,Nutrient nitrogen N (total),5159,Use per area of cropland,1998,1998,kg/ha,110.78,E,
54,'208,Denmark,3102,Nutrient nitrogen N (total),5159,Use per area of cropland,1999,1999,kg/ha,107.73,E,
54,'208,Denmark,3102,Nutrient nitrogen N (total),5159,Use per area of cropland,2000,2000,kg/ha,102.23,E,
54,'208,Denmark,3102,Nutrient nitrogen N (total),5159,Use per area of cropland,2001,2001,kg/ha,91.58,E,
54,'208,Denmark,3102,Nutrient nitrogen N (total),5159,Use per area of cropland,2002,2002,kg/ha,88.48,E,
54,'208,Denmark,3102,Nutrient nitrogen N (total),5159,Use per area of cropland,2003,2003,kg/ha,90.59,E,
54,'208,Denmark,3102,Nutrient nitrogen N (total),5159,Use per area of cropland,2004,2004,kg/ha,80.04,E,
54,'208,Denmark,3102,Nutrient nitrogen N (total),5159,Use per area of cropland,2005,2005,kg/ha,76.55,E,
54,'208,Denmark,3102,Nutrient nitrogen N (total),5159,Use per area of cropland,2006,2006,kg/ha,80.88,E,
54,'208,Denmark,3102,Nutrient nitrogen N (total),5159,Use per area of cropland,2007,2007,kg/ha,83.41,E,
54,'208,Denmark,3102,Nutrient nitrogen N (total),5159,Use per area of cropland,2008,2008,kg/ha,90.66,E,
54,'208,Denmark,3102,Nutrient nitrogen N (total),5159,Use per area of cropland,2009,2009,kg/ha,76.73,E,
54,'208,Denmark,3102,Nutrient nitrogen N (total),5159,Use per area of cropland,2010,2010,kg/ha,74.24,E,
54,'208,Denmark,3102,Nutrient nitrogen N (total),5159,Use per area of cropland,2011,2011,kg/ha,73.17,E,
54,'208,Denmark,3102,Nutrient nitrogen N (total),5159,Use per area of cropland,2012,2012,kg/ha,77.97,E,
54,'208,Denmark,3102,Nutrient nitrogen N (total),5159,Use per area of cropland,2013,2013,kg/ha,73.39,E,
54,'208,Denmark,3102,Nutrient nitrogen N (total),5159,Use per area of cropland,2014,2014,kg/ha,83.21,E,
54,'208,Denmark,3102,Nutrient nitrogen N (total),5159,Use per area of cropland,2015,2015,kg/ha,94.6,E,
54,'208,Denmark,3102,Nutrient nitrogen N (total),5159,Use per area of cropland,2016,2016,kg/ha,100.32,E,
54,'208,Denmark,3102,Nutrient nitrogen N (total),5159,Use per area of cropland,2017,2017,kg/ha,98.68,E,
54,'208,Denmark,3102,Nutrient nitrogen N (total),5159,Use per area of cropland,2018,2018,kg/ha,92.73,E,
54,'208,Denmark,3102,Nutrient nitrogen N (total),5159,Use per area of cropland,2019,2019,kg/ha,93.1,E,
54,'208,Denmark,3102,Nutrient nitrogen N (total),5159,Use per area of cropland,2020,2020,kg/ha,97.38,E,
54,'208,Denmark,3102,Nutrient nitrogen N (total),5159,Use per area of cropland,2021,2021,kg/ha,84.98,E,
54,'208,Denmark,3102,Nutrient nitrogen N (total),5159,Use per area of cropland,2022,2022,kg/ha,82.01,E,
54,'208,Denmark,3102,Nutrient nitrogen N (total),5159,Use per area of cropland,2023,2023,kg/ha,81.86,E,
54,'208,Denmark,3102,Nutrient nitrogen N (total),5172,Use per capita,1961,1961,kg/cap,28.95,E,
54,'208,Denmark,3102,Nutrient nitrogen N (total),5172,Use per capita,1962,1962,kg/cap,30.59,E,
54,'208,Denmark,3102,Nutrient nitrogen N (total),5172,Use per capita,1963,1963,kg/cap,32.62,E,
54,'208,Denmark,3102,Nutrient nitrogen N (total),5172,Use per capita,1964,1964,kg/cap,35.73,E,
54,'208,Denmark,3102,Nutrient nitrogen N (total),5172,Use per capita,1965,1965,kg/cap,40.26,E,
54,'208,Denmark,3102,Nutrient nitrogen N (total),5172,Use per capita,1966,1966,kg/cap,44.79,E,
54,'208,Denmark,3102,Nutrient nitrogen N (total),5172,Use per capita,1967,1967,kg/cap,48.11,E,
54,'208,Denmark,3102,Nutrient nitrogen N (total),5172,Use per capita,1968,1968,kg/cap,50.98,E,
54,'208,Denmark,3102,Nutrient nitrogen N (total),5172,Use per capita,1969,1969,kg/cap,55.24,E,
54,'208,Denmark,3102,Nutrient nitrogen N (total),5172,Use per capita,1970,1970,kg/cap,58.71,E,
54,'208,Denmark,3102,Nutrient nitrogen N (total),5172,Use per capita,1971,1971,kg/cap,62.11,E,
54,'208,Denmark,3102,Nutrient nitrogen N (total),5172,Use per capita,1972,1972,kg/cap,66.01,E,
54,'208,Denmark,3102,Nutrient nitrogen N (total),5172,Use per capita,1973,1973,kg/cap,72.71,E,
54,'208,Denmark,3102,Nutrient nitrogen N (total),5172,Use per capita,1974,1974,kg/cap,59.55,E,
54,'208,Denmark,3102,Nutrient nitrogen N (total),5172,Use per capita,1975,1975,kg/cap,67.01,E,
54,'208,Denmark,3102,Nutrient nitrogen N (total),5172,Use per capita,1976,1976,kg/cap,68.9,E,
54,'208,Denmark,3102,Nutrient nitrogen N (total),5172,Use per capita,1977,1977,kg/cap,73.44,E,
54,'208,Denmark,3102,Nutrient nitrogen N (total),5172,Use per capita,1978,1978,kg/cap,74.42,E,
54,'208,Denmark,3102,Nutrient nitrogen N (total),5172,Use per capita,1979,1979,kg/cap,76.98,E,
54,'208,Denmark,3102,Nutrient nitrogen N (total),5172,Use per capita,1980,1980,kg/cap,73.02,E,
54,'208,Denmark,3102,Nutrient nitrogen N (total),5172,Use per capita,1981,1981,kg/cap,73.41,E,
54,'208,Denmark,3102,Nutrient nitrogen N (total),5172,Use per capita,1982,1982,kg/cap,76.48,E,
54,'208,Denmark,3102,Nutrient nitrogen N (total),5172,Use per capita,1983,1983,kg/cap,81.93,E,
54,'208,Denmark,3102,Nutrient nitrogen N (total),5172,Use per capita,1984,1984,kg/cap,77.89,E,
54,'208,Denmark,3102,Nutrient nitrogen N (total),5172,Use per capita,1985,1985,kg/cap,74.72,E,
54,'208,Denmark,3102,Nutrient nitrogen N (total),5172,Use per capita,1986,1986,kg/cap,74.46,E,
54,'208,Denmark,3102,Nutrient nitrogen N (total),5172,Use per capita,1987,1987,kg/cap,71.58,E,
54,'208,Denmark,3102,Nutrient nitrogen N (total),5172,Use per capita,1988,1988,kg/cap,73.47,E,
54,'208,Denmark,3102,Nutrient nitrogen N (total),5172,Use per capita,1989,1989,kg/cap,78.01,E,
54,'208,Denmark,3102,Nutrient nitrogen N (total),5172,Use per capita,1990,1990,kg/cap,76.81,E,
54,'208,Denmark,3102,Nutrient nitrogen N (total),5172,Use per capita,1991,1991,kg/cap,71.78,E,
54,'208,Denmark,3102,Nutrient nitrogen N (total),5172,Use per capita,1992,1992,kg/cap,64.39,E,
54,'208,Denmark,3102,Nutrient nitrogen N (total),5172,Use per capita,1993,1993,kg/cap,62.64,E,
54,'208,Denmark,3102,Nutrient nitrogen N (total),5172,Use per capita,1994,1994,kg/cap,60.7,E,
54,'208,Denmark,3102,Nutrient nitrogen N (total),5172,Use per capita,1995,1995,kg/cap,55.6,E,
54,'208,Denmark,3102,Nutrient nitrogen N (total),5172,Use per capita,1996,1996,kg/cap,54.72,E,
54,'208,Denmark,3102,Nutrient nitrogen N (total),5172,Use per capita,1997,1997,kg/cap,53.55,E,
54,'208,Denmark,3102,Nutrient nitrogen N (total),5172,Use per capita,1998,1998,kg/cap,49.58,E,
54,'208,Denmark,3102,Nutrient nitrogen N (total),5172,Use per capita,1999,1999,kg/cap,46.6,E,
54,'208,Denmark,3102,Nutrient nitrogen N (total),5172,Use per capita,2000,2000,kg/cap,43.82,E,
54,'208,Denmark,3102,Nutrient nitrogen N (total),5172,Use per capita,2001,2001,kg/cap,39.31,E,
54,'208,Denmark,3102,Nutrient nitrogen N (total),5172,Use per capita,2002,2002,kg/cap,37.57,E,
54,'208,Denmark,3102,Nutrient nitrogen N (total),5172,Use per capita,2003,2003,kg/cap,38.21,E,
54,'208,Denmark,3102,Nutrient nitrogen N (total),5172,Use per capita,2004,2004,kg/cap,33.71,E,
54,'208,Denmark,3102,Nutrient nitrogen N (total),5172,Use per capita,2005,2005,kg/cap,33.04,E,
54,'208,Denmark,3102,Nutrient nitrogen N (total),5172,Use per capita,2006,2006,kg/cap,35.0,E,
54,'208,Denmark,3102,Nutrient nitrogen N (total),5172,Use per capita,2007,2007,kg/cap,35.33,E,
54,'208,Denmark,3102,Nutrient nitrogen N (total),5172,Use per capita,2008,2008,kg/cap,39.72,E,
54,'208,Denmark,3102,Nutrient nitrogen N (total),5172,Use per capita,2009,2009,kg/cap,33.85,E,
54,'208,Denmark,3102,Nutrient nitrogen N (total),5172,Use per capita,2010,2010,kg/cap,32.46,E,
54,'208,Denmark,3102,Nutrient nitrogen N (total),5172,Use per capita,2011,2011,kg/cap,32.88,E,
54,'208,Denmark,3102,Nutrient nitrogen N (total),5172,Use per capita,2012,2012,kg/cap,33.8,E,
54,'208,Denmark,3102,Nutrient nitrogen N (total),5172,Use per capita,2013,2013,kg/cap,31.8,E,
54,'208,Denmark,3102,Nutrient nitrogen N (total),5172,Use per capita,2014,2014,kg/cap,36.26,E,
54,'208,Denmark,3102,Nutrient nitrogen N (total),5172,Use per capita,2015,2015,kg/cap,39.6,E,
54,'208,Denmark,3102,Nutrient nitrogen N (total),5172,Use per capita,2016,2016,kg/cap,42.02,E,
54,'208,Denmark,3102,Nutrient nitrogen N (total),5172,Use per capita,2017,2017,kg/cap,41.02,E,
54,'208,Denmark,3102,Nutrient nitrogen N (total),5172,Use per capita,2018,2018,kg/cap,38.73,E,
54,'208,Denmark,3102,Nutrient nitrogen N (total),5172,Use per capita,2019,2019,kg/cap,38.74,E,
54,'208,Denmark,3102,Nutrient nitrogen N (total),5172,Use per capita,2020,2020,kg/cap,40.04,E,
54,'208,Denmark,3102,Nutrient nitrogen N (total),5172,Use per capita,2021,2021,kg/cap,34.59,E,
54,'208,Denmark,3102,Nutrient nitrogen N (total),5172,Use per capita,2022,2022,kg/cap,33.22,E,
54,'208,Denmark,3102,Nutrient nitrogen N (total),5172,Use per capita,2023,2023,kg/cap,32.96,E,
54,'208,Denmark,3102,Nutrient nitrogen N (total),5173,Use per value of agricultural production,1961,1961,g/Int$,21.55,E,
54,'208,Denmark,3102,Nutrient nitrogen N (total),5173,Use per value of agricultural production,1962,1962,g/Int$,22.36,E,
54,'208,Denmark,3102,Nutrient nitrogen N (total),5173,Use per value of agricultural production,1963,1963,g/Int$,24.38,E,
54,'208,Denmark,3102,Nutrient nitrogen N (total),5173,Use per value of agricultural production,1964,1964,g/Int$,26.03,E,
54,'208,Denmark,3102,Nutrient nitrogen N (total),5173,Use per value of agricultural production,1965,1965,g/Int$,29.69,E,
54,'208,Denmark,3102,Nutrient nitrogen N (total),5173,Use per value of agricultural production,1966,1966,g/Int$,33.06,E,
54,'208,Denmark,3102,Nutrient nitrogen N (total),5173,Use per value of agricultural production,1967,1967,g/Int$,35.34,E,
54,'208,Denmark,3102,Nutrient nitrogen N (total),5173,Use per value of agricultural production,1968,1968,g/Int$,37.58,E,
54,'208,Denmark,3102,Nutrient nitrogen N (total),5173,Use per value of agricultural production,1969,1969,g/Int$,42.8,E,
54,'208,Denmark,3102,Nutrient nitrogen N (total),5173,Use per value of agricultural production,1970,1970,g/Int$,46.41,E,
54,'208,Denmark,3102,Nutrient nitrogen N (total),5173,Use per value of agricultural production,1971,1971,g/Int$,48.4,E,
54,'208,Denmark,3102,Nutrient nitrogen N (total),5173,Use per value of agricultural production,1972,1972,g/Int$,51.91,E,
54,'208,Denmark,3102,Nutrient nitrogen N (total),5173,Use per value of agricultural production,1973,1973,g/Int$,56.76,E,
54,'208,Denmark,3102,Nutrient nitrogen N (total),5173,Use per value of agricultural production,1974,1974,g/Int$,43.86,E,
54,'208,Denmark,3102,Nutrient nitrogen N (total),5173,Use per value of agricultural production,1975,1975,g/Int$,51.37,E,
54,'208,Denmark,3102,Nutrient nitrogen N (total),5173,Use per value of agricultural production,1976,1976,g/Int$,53.4,E,
54,'208,Denmark,3102,Nutrient nitrogen N (total),5173,Use per value of agricultural production,1977,1977,g/Int$,52.67,E,
54,'208,Denmark,3102,Nutrient nitrogen N (total),5173,Use per value of agricultural production,1978,1978,g/Int$,52.32,E,
54,'208,Denmark,3102,Nutrient nitrogen N (total),5173,Use per value of agricultural production,1979,1979,g/Int$,52.33,E,
54,'208,Denmark,3102,Nutrient nitrogen N (total),5173,Use per value of agricultural production,1980,1980,g/Int$,50.06,E,
54,'208,Denmark,3102,Nutrient nitrogen N (total),5173,Use per value of agricultural production,1981,1981,g/Int$,49.62,E,
54,'208,Denmark,3102,Nutrient nitrogen N (total),5173,Use per value of agricultural production,1982,1982,g/Int$,49.39,E,
54,'208,Denmark,3102,Nutrient nitrogen N (total),5173,Use per value of agricultural production,1983,1983,g/Int$,54.26,E,
54,'208,Denmark,3102,Nutrient nitrogen N (total),5173,Use per value of agricultural production,1984,1984,g/Int$,46.48,E,
54,'208,Denmark,3102,Nutrient nitrogen N (total),5173,Use per value of agricultural production,1985,1985,g/Int$,45.45,E,
54,'208,Denmark,3102,Nutrient nitrogen N (total),5173,Use per value of agricultural production,1986,1986,g/Int$,44.33,E,
54,'208,Denmark,3102,Nutrient nitrogen N (total),5173,Use per value of agricultural production,1987,1987,g/Int$,44.99,E,
54,'208,Denmark,3102,Nutrient nitrogen N (total),5173,Use per value of agricultural production,1988,1988,g/Int$,45.31,E,
54,'208,Denmark,3102,Nutrient nitrogen N (total),5173,Use per value of agricultural production,1989,1989,g/Int$,46.83,E,
54,'208,Denmark,3102,Nutrient nitrogen N (total),5173,Use per value of agricultural production,1990,1990,g/Int$,44.02,E,
54,'208,Denmark,3102,Nutrient nitrogen N (total),5173,Use per value of agricultural production,1991,1991,g/Int$,41.53,E,
54,'208,Denmark,3102,Nutrient nitrogen N (total),5173,Use per value of agricultural production,1992,1992,g/Int$,39.19,E,
54,'208,Denmark,3102,Nutrient nitrogen N (total),5173,Use per value of agricultural production,1993,1993,g/Int$,35.71,E,
54,'208,Denmark,3102,Nutrient nitrogen N (total),5173,Use per value of agricultural production,1994,1994,g/Int$,35.95,E,
54,'208,Denmark,3102,Nutrient nitrogen N (total),5173,Use per value of agricultural production,1995,1995,g/Int$,32.09,E,
54,'208,Denmark,3102,Nutrient nitrogen N (total),5173,Use per value of agricultural production,1996,1996,g/Int$,31.86,E,
54,'208,Denmark,3102,Nutrient nitrogen N (total),5173,Use per value of agricultural production,1997,1997,g/Int$,30.81,E,
54,'208,Denmark,3102,Nutrient nitrogen N (total),5173,Use per value of agricultural production,1998,1998,g/Int$,28.09,E,
54,'208,Denmark,3102,Nutrient nitrogen N (total),5173,Use per value of agricultural production,1999,1999,g/Int$,26.9,E,
54,'208,Denmark,3102,Nutrient nitrogen N (total),5173,Use per value of agricultural production,2000,2000,g/Int$,25.25,E,
54,'208,Denmark,3102,Nutrient nitrogen N (total),5173,Use per value of agricultural production,2001,2001,g/Int$,22.55,E,
54,'208,Denmark,3102,Nutrient nitrogen N (total),5173,Use per value of agricultural production,2002,2002,g/Int$,21.73,E,
54,'208,Denmark,3102,Nutrient nitrogen N (total),5173,Use per value of agricultural production,2003,2003,g/Int$,21.91,E,
54,'208,Denmark,3102,Nutrient nitrogen N (total),5173,Use per value of agricultural production,2004,2004,g/Int$,19.1,E,
54,'208,Denmark,3102,Nutrient nitrogen N (total),5173,Use per value of agricultural production,2005,2005,g/Int$,19.01,E,
54,'208,Denmark,3102,Nutrient nitrogen N (total),5173,Use per value of agricultural production,2006,2006,g/Int$,20.9,E,
54,'208,Denmark,3102,Nutrient nitrogen N (total),5173,Use per value of agricultural production,2007,2007,g/Int$,20.82,E,
54,'208,Denmark,3102,Nutrient nitrogen N (total),5173,Use per value of agricultural production,2008,2008,g/Int$,23.35,E,
54,'208,Denmark,3102,Nutrient nitrogen N (total),5173,Use per value of agricultural production,2009,2009,g/Int$,19.99,E,
54,'208,Denmark,3102,Nutrient nitrogen N (total),5173,Use per value of agricultural production,2010,2010,g/Int$,19.47,E,
54,'208,Denmark,3102,Nutrient nitrogen N (total),5173,Use per value of agricultural production,2011,2011,g/Int$,19.46,E,
54,'208,Denmark,3102,Nutrient nitrogen N (total),5173,Use per value of agricultural production,2012,2012,g/Int$,20.07,E,
54,'208,Denmark,3102,Nutrient nitrogen N (total),5173,Use per value of agricultural production,2013,2013,g/Int$,19.24,E,
54,'208,Denmark,3102,Nutrient nitrogen N (total),5173,Use per value of agricultural production,2014,2014,g/Int$,21.48,E,
54,'208,Denmark,3102,Nutrient nitrogen N (total),5173,Use per value of agricultural production,2015,2015,g/Int$,23.31,E,
54,'208,Denmark,3102,Nutrient nitrogen N (total),5173,Use per value of agricultural production,2016,2016,g/Int$,25.54,E,
54,'208,Denmark,3102,Nutrient nitrogen N (total),5173,Use per value of agricultural production,2017,2017,g/Int$,24.29,E,
54,'208,Denmark,3102,Nutrient nitrogen N (total),5173,Use per value of agricultural production,2018,2018,g/Int$,25.34,E,
54,'208,Denmark,3102,Nutrient nitrogen N (total),5173,Use per value of agricultural production,2019,2019,g/Int$,23.48,E,
54,'208,Denmark,3102,Nutrient nitrogen N (total),5173,Use per value of agricultural production,2020,2020,g/Int$,23.85,E,
54,'208,Denmark,3102,Nutrient nitrogen N (total),5173,Use per value of agricultural production,2021,2021,g/Int$,20.63,E,
54,'208,Denmark,3102,Nutrient nitrogen N (total),5173,Use per value of agricultural production,2022,2022,g/Int$,19.8,E,
54,'208,Denmark,3102,Nutrient nitrogen N (total),5173,Use per value of agricultural production,2023,2023,g/Int$,22.41,E,
54,'208,Denmark,3103,Nutrient phosphate P2O5 (total),5510,Production,1961,1961,t,90048.0,A,Official data from questionnaire
54,'208,Denmark,3103,Nutrient phosphate P2O5 (total),5510,Production,1962,1962,t,91150.0,A,Official data from questionnaire
54,'208,Denmark,3103,Nutrient phosphate P2O5 (total),5510,Production,1963,1963,t,90152.0,A,Official data from questionnaire
54,'208,Denmark,3103,Nutrient phosphate P2O5 (total),5510,Production,1964,1964,t,102865.0,A,Official data from questionnaire
54,'208,Denmark,3103,Nutrient phosphate P2O5 (total),5510,Production,1965,1965,t,99303.0,A,Official data from questionnaire
54,'208,Denmark,3103,Nutrient phosphate P2O5 (total),5510,Production,1966,1966,t,93034.0,A,Official data from questionnaire
54,'208,Denmark,3103,Nutrient phosphate P2O5 (total),5510,Production,1967,1967,t,85384.0,A,Official data from questionnaire
54,'208,Denmark,3103,Nutrient phosphate P2O5 (total),5510,Production,1968,1968,t,89820.0,A,Official data from questionnaire
54,'208,Denmark,3103,Nutrient phosphate P2O5 (total),5510,Production,1969,1969,t,94717.0,A,Official data from questionnaire
54,'208,Denmark,3103,Nutrient phosphate P2O5 (total),5510,Production,1970,1970,t,94538.0,A,Official data from questionnaire
54,'208,Denmark,3103,Nutrient phosphate P2O5 (total),5510,Production,1971,1971,t,95859.0,A,Official data from questionnaire
54,'208,Denmark,3103,Nutrient phosphate P2O5 (total),5510,Production,1972,1972,t,96831.0,A,Official data from questionnaire
54,'208,Denmark,3103,Nutrient phosphate P2O5 (total),5510,Production,1973,1973,t,103468.0,A,Official data from questionnaire
54,'208,Denmark,3103,Nutrient phosphate P2O5 (total),5510,Production,1974,1974,t,100706.0,A,Official data from questionnaire
54,'208,Denmark,3103,Nutrient phosphate P2O5 (total),5510,Production,1975,1975,t,87178.0,A,Official data from questionnaire
54,'208,Denmark,3103,Nutrient phosphate P2O5 (total),5510,Production,1976,1976,t,86627.0,A,Official data from questionnaire
54,'208,Denmark,3103,Nutrient phosphate P2O5 (total),5510,Production,1977,1977,t,98628.0,A,Official data from questionnaire
54,'208,Denmark,3103,Nutrient phosphate P2O5 (total),5510,Production,1978,1978,t,105624.0,A,Official data from questionnaire
54,'208,Denmark,3103,Nutrient phosphate P2O5 (total),5510,Production,1979,1979,t,115345.0,A,Official data from questionnaire
54,'208,Denmark,3103,Nutrient phosphate P2O5 (total),5510,Production,1980,1980,t,134931.0,A,Official data from questionnaire
54,'208,Denmark,3103,Nutrient phosphate P2O5 (total),5510,Production,1981,1981,t,107806.0,A,Official data from questionnaire
54,'208,Denmark,3103,Nutrient phosphate P2O5 (total),5510,Production,1982,1982,t,130395.0,A,Official data from questionnaire
54,'208,Denmark,3103,Nutrient phosphate P2O5 (total),5510,Production,1983,1983,t,146607.0,A,Official data from questionnaire
54,'208,Denmark,3103,Nutrient phosphate P2O5 (total),5510,Production,1984,1984,t,170159.0,A,Official data from questionnaire
54,'208,Denmark,3103,Nutrient phosphate P2O5 (total),5510,Production,1985,1985,t,151175.0,A,Official data from questionnaire
54,'208,Denmark,3103,Nutrient phosphate P2O5 (total),5510,Production,1986,1986,t,121305.0,A,Official data from questionnaire
54,'208,Denmark,3103,Nutrient phosphate P2O5 (total),5510,Production,1987,1987,t,165800.0,X,Data sourced from another international organization
54,'208,Denmark,3103,Nutrient phosphate P2O5 (total),5510,Production,1988,1988,t,150300.0,X,Data sourced from another international organization
54,'208,Denmark,3103,Nutrient phosphate P2O5 (total),5510,Production,1989,1989,t,136200.0,A,Official data from questionnaire
54,'208,Denmark,3103,Nutrient phosphate P2O5 (total),5510,Production,1990,1990,t,81100.0,A,Official data from questionnaire
54,'208,Denmark,3103,Nutrient phosphate P2O5 (total),5510,Production,1991,1991,t,72600.0,X,Data sourced from another international organization
54,'208,Denmark,3103,Nutrient phosphate P2O5 (total),5510,Production,1992,1992,t,41000.0,X,Data sourced from another international organization
54,'208,Denmark,3103,Nutrient phosphate P2O5 (total),5510,Production,1993,1993,t,51000.0,X,Data sourced from another international organization
54,'208,Denmark,3103,Nutrient phosphate P2O5 (total),5510,Production,1994,1994,t,72000.0,X,Data sourced from another international organization
54,'208,Denmark,3103,Nutrient phosphate P2O5 (total),5510,Production,1995,1995,t,58000.0,X,Data sourced from another international organization
54,'208,Denmark,3103,Nutrient phosphate P2O5 (total),5510,Production,1996,1996,t,46000.0,X,Data sourced from another international organization
54,'208,Denmark,3103,Nutrient phosphate P2O5 (total),5510,Production,1997,1997,t,47000.0,X,Data sourced from another international organization
54,'208,Denmark,3103,Nutrient phosphate P2O5 (total),5510,Production,1998,1998,t,47000.0,X,Data sourced from another international organization
54,'208,Denmark,3103,Nutrient phosphate P2O5 (total),5510,Production,1999,1999,t,38000.0,X,Data sourced from another international organization
54,'208,Denmark,3103,Nutrient phosphate P2O5 (total),5510,Production,2000,2000,t,24000.0,X,Data sourced from another international organization
54,'208,Denmark,3103,Nutrient phosphate P2O5 (total),5510,Production,2001,2001,t,23000.0,X,Data sourced from another international organization
54,'208,Denmark,3103,Nutrient phosphate P2O5 (total),5510,Production,2002,2002,t,15000.0,E,
54,'208,Denmark,3103,Nutrient phosphate P2O5 (total),5510,Production,2003,2003,t,15000.0,E,
54,'208,Denmark,3103,Nutrient phosphate P2O5 (total),5510,Production,2004,2004,t,7500.0,E,
54,'208,Denmark,3103,Nutrient phosphate P2O5 (total),5510,Production,2005,2005,t,0.0,E,
54,'208,Denmark,3103,Nutrient phosphate P2O5 (total),5510,Production,2006,2006,t,0.0,A,Official data from questionnaire
54,'208,Denmark,3103,Nutrient phosphate P2O5 (total),5510,Production,2007,2007,t,0.0,A,Official data from questionnaire
54,'208,Denmark,3103,Nutrient phosphate P2O5 (total),5510,Production,2008,2008,t,0.0,A,Official data from questionnaire
54,'208,Denmark,3103,Nutrient phosphate P2O5 (total),5510,Production,2009,2009,t,0.0,A,Official data from questionnaire
54,'208,Denmark,3103,Nutrient phosphate P2O5 (total),5510,Production,2010,2010,t,0.0,A,Official data from questionnaire
54,'208,Denmark,3103,Nutrient phosphate P2O5 (total),5510,Production,2011,2011,t,0.0,A,Official data from questionnaire
54,'208,Denmark,3103,Nutrient phosphate P2O5 (total),5510,Production,2012,2012,t,0.0,A,Official data from questionnaire
54,'208,Denmark,3103,Nutrient phosphate P2O5 (total),5510,Production,2013,2013,t,0.0,A,Official data from questionnaire
54,'208,Denmark,3103,Nutrient phosphate P2O5 (total),5510,Production,2014,2014,t,0.0,A,Official data from questionnaire
54,'208,Denmark,3103,Nutrient phosphate P2O5 (total),5510,Production,2015,2015,t,0.0,E,
54,'208,Denmark,3103,Nutrient phosphate P2O5 (total),5510,Production,2016,2016,t,0.0,A,Official data from questionnaire
54,'208,Denmark,3103,Nutrient phosphate P2O5 (total),5510,Production,2017,2017,t,0.0,A,Official data from questionnaire
54,'208,Denmark,3103,Nutrient phosphate P2O5 (total),5510,Production,2018,2018,t,0.0,E,
54,'208,Denmark,3103,Nutrient phosphate P2O5 (total),5510,Production,2019,2019,t,0.0,E,
54,'208,Denmark,3103,Nutrient phosphate P2O5 (total),5510,Production,2020,2020,t,0.0,E,
54,'208,Denmark,3103,Nutrient phosphate P2O5 (total),5510,Production,2021,2021,t,0.0,E,
54,'208,Denmark,3103,Nutrient phosphate P2O5 (total),5510,Production,2022,2022,t,0.0,E,
54,'208,Denmark,3103,Nutrient phosphate P2O5 (total),5510,Production,2023,2023,t,0.0,E,
54,'208,Denmark,3103,Nutrient phosphate P2O5 (total),5610,Import quantity,1961,1961,t,27211.0,A,Official data from questionnaire
54,'208,Denmark,3103,Nutrient phosphate P2O5 (total),5610,Import quantity,1962,1962,t,20030.0,A,Official data from questionnaire
54,'208,Denmark,3103,Nutrient phosphate P2O5 (total),5610,Import quantity,1963,1963,t,20266.0,A,Official data from questionnaire
54,'208,Denmark,3103,Nutrient phosphate P2O5 (total),5610,Import quantity,1964,1964,t,26917.0,A,Official data from questionnaire
54,'208,Denmark,3103,Nutrient phosphate P2O5 (total),5610,Import quantity,1965,1965,t,45777.0,A,Official data from questionnaire
54,'208,Denmark,3103,Nutrient phosphate P2O5 (total),5610,Import quantity,1966,1966,t,47000.0,A,Official data from questionnaire
54,'208,Denmark,3103,Nutrient phosphate P2O5 (total),5610,Import quantity,1967,1967,t,40313.0,A,Official data from questionnaire
54,'208,Denmark,3103,Nutrient phosphate P2O5 (total),5610,Import quantity,1968,1968,t,34157.0,A,Official data from questionnaire
54,'208,Denmark,3103,Nutrient phosphate P2O5 (total),5610,Import quantity,1969,1969,t,44018.0,A,Official data from questionnaire
54,'208,Denmark,3103,Nutrient phosphate P2O5 (total),5610,Import quantity,1970,1970,t,42527.0,A,Official data from questionnaire
54,'208,Denmark,3103,Nutrient phosphate P2O5 (total),5610,Import quantity,1971,1971,t,36127.0,A,Official data from questionnaire
54,'208,Denmark,3103,Nutrient phosphate P2O5 (total),5610,Import quantity,1972,1972,t,50404.0,A,Official data from questionnaire
54,'208,Denmark,3103,Nutrient phosphate P2O5 (total),5610,Import quantity,1973,1973,t,51715.0,A,Official data from questionnaire
54,'208,Denmark,3103,Nutrient phosphate P2O5 (total),5610,Import quantity,1974,1974,t,58470.0,A,Official data from questionnaire
54,'208,Denmark,3103,Nutrient phosphate P2O5 (total),5610,Import quantity,1975,1975,t,36511.0,A,Official data from questionnaire
54,'208,Denmark,3103,Nutrient phosphate P2O5 (total),5610,Import quantity,1976,1976,t,52796.0,A,Official data from questionnaire
54,'208,Denmark,3103,Nutrient phosphate P2O5 (total),5610,Import quantity,1977,1977,t,38830.0,A,Official data from questionnaire
54,'208,Denmark,3103,Nutrient phosphate P2O5 (total),5610,Import quantity,1978,1978,t,56271.0,A,Official data from questionnaire
54,'208,Denmark,3103,Nutrient phosphate P2O5 (total),5610,Import quantity,1979,1979,t,45649.0,A,Official data from questionnaire
54,'208,Denmark,3103,Nutrient phosphate P2O5 (total),5610,Import quantity,1980,1980,t,40587.0,A,Official data from questionnaire
54,'208,Denmark,3103,Nutrient phosphate P2O5 (total),5610,Import quantity,1981,1981,t,37948.0,A,Official data from questionnaire
54,'208,Denmark,3103,Nutrient phosphate P2O5 (total),5610,Import quantity,1982,1982,t,59974.0,A,Official data from questionnaire
54,'208,Denmark,3103,Nutrient phosphate P2O5 (total),5610,Import quantity,1983,1983,t,60115.0,A,Official data from questionnaire
54,'208,Denmark,3103,Nutrient phosphate P2O5 (total),5610,Import quantity,1984,1984,t,56569.0,A,Official data from questionnaire
54,'208,Denmark,3103,Nutrient phosphate P2O5 (total),5610,Import quantity,1985,1985,t,55100.0,A,Official data from questionnaire
54,'208,Denmark,3103,Nutrient phosphate P2O5 (total),5610,Import quantity,1986,1986,t,50937.0,A,Official data from questionnaire
54,'208,Denmark,3103,Nutrient phosphate P2O5 (total),5610,Import quantity,1987,1987,t,49700.0,X,Data sourced from another international organization
54,'208,Denmark,3103,Nutrient phosphate P2O5 (total),5610,Import quantity,1988,1988,t,53600.0,X,Data sourced from another international organization
54,'208,Denmark,3103,Nutrient phosphate P2O5 (total),5610,Import quantity,1989,1989,t,54800.0,X,Data sourced from another international organization
54,'208,Denmark,3103,Nutrient phosphate P2O5 (total),5610,Import quantity,1990,1990,t,58800.0,X,Data sourced from another international organization
54,'208,Denmark,3103,Nutrient phosphate P2O5 (total),5610,Import quantity,1991,1991,t,55500.0,X,Data sourced from another international organization
54,'208,Denmark,3103,Nutrient phosphate P2O5 (total),5610,Import quantity,1992,1992,t,70000.0,X,Data sourced from another international organization
54,'208,Denmark,3103,Nutrient phosphate P2O5 (total),5610,Import quantity,1993,1993,t,58000.0,X,Data sourced from another international organization
54,'208,Denmark,3103,Nutrient phosphate P2O5 (total),5610,Import quantity,1994,1994,t,34000.0,X,Data sourced from another international organization
54,'208,Denmark,3103,Nutrient phosphate P2O5 (total),5610,Import quantity,1995,1995,t,36000.0,X,Data sourced from another international organization
54,'208,Denmark,3103,Nutrient phosphate P2O5 (total),5610,Import quantity,1996,1996,t,53000.0,X,Data sourced from another international organization
54,'208,Denmark,3103,Nutrient phosphate P2O5 (total),5610,Import quantity,1997,1997,t,42000.0,X,Data sourced from another international organization
54,'208,Denmark,3103,Nutrient phosphate P2O5 (total),5610,Import quantity,1998,1998,t,31000.0,X,Data sourced from another international organization
54,'208,Denmark,3103,Nutrient phosphate P2O5 (total),5610,Import quantity,1999,1999,t,32000.0,X,Data sourced from another international organization
54,'208,Denmark,3103,Nutrient phosphate P2O5 (total),5610,Import quantity,2000,2000,t,51000.0,X,Data sourced from another international organization
54,'208,Denmark,3103,Nutrient phosphate P2O5 (total),5610,Import quantity,2001,2001,t,21000.0,X,Data sourced from another international organization
54,'208,Denmark,3103,Nutrient phosphate P2O5 (total),5610,Import quantity,2002,2002,t,37056.27,I,
54,'208,Denmark,3103,Nutrient phosphate P2O5 (total),5610,Import quantity,2003,2003,t,48332.14,I,
54,'208,Denmark,3103,Nutrient phosphate P2O5 (total),5610,Import quantity,2004,2004,t,57638.67,I,
54,'208,Denmark,3103,Nutrient phosphate P2O5 (total),5610,Import quantity,2005,2005,t,65177.01,I,
54,'208,Denmark,3103,Nutrient phosphate P2O5 (total),5610,Import quantity,2006,2006,t,63715.81,I,
54,'208,Denmark,3103,Nutrient phosphate P2O5 (total),5610,Import quantity,2007,2007,t,60267.32,I,
54,'208,Denmark,3103,Nutrient phosphate P2O5 (total),5610,Import quantity,2008,2008,t,54919.94,I,
54,'208,Denmark,3103,Nutrient phosphate P2O5 (total),5610,Import quantity,2009,2009,t,23434.41,I,
54,'208,Denmark,3103,Nutrient phosphate P2O5 (total),5610,Import quantity,2010,2010,t,34493.43,I,
54,'208,Denmark,3103,Nutrient phosphate P2O5 (total),5610,Import quantity,2011,2011,t,46563.03,I,
54,'208,Denmark,3103,Nutrient phosphate P2O5 (total),5610,Import quantity,2012,2012,t,52180.01,I,
54,'208,Denmark,3103,Nutrient phosphate P2O5 (total),5610,Import quantity,2013,2013,t,57584.91,I,
54,'208,Denmark,3103,Nutrient phosphate P2O5 (total),5610,Import quantity,2014,2014,t,61189.53,I,
54,'208,Denmark,3103,Nutrient phosphate P2O5 (total),5610,Import quantity,2015,2015,t,67204.6,I,
54,'208,Denmark,3103,Nutrient phosphate P2O5 (total),5610,Import quantity,2016,2016,t,68084.74,I,
54,'208,Denmark,3103,Nutrient phosphate P2O5 (total),5610,Import quantity,2017,2017,t,89228.06,I,
54,'208,Denmark,3103,Nutrient phosphate P2O5 (total),5610,Import quantity,2018,2018,t,56641.44,I,
54,'208,Denmark,3103,Nutrient phosphate P2O5 (total),5610,Import quantity,2019,2019,t,50995.1,I,
54,'208,Denmark,3103,Nutrient phosphate P2O5 (total),5610,Import quantity,2020,2020,t,63701.94,I,
54,'208,Denmark,3103,Nutrient phosphate P2O5 (total),5610,Import quantity,2021,2021,t,54755.41,I,
54,'208,Denmark,3103,Nutrient phosphate P2O5 (total),5610,Import quantity,2022,2022,t,36618.14,I,
54,'208,Denmark,3103,Nutrient phosphate P2O5 (total),5610,Import quantity,2023,2023,t,133417.29,I,
54,'208,Denmark,3103,Nutrient phosphate P2O5 (total),5910,Export quantity,1964,1964,t,669.0,A,Official data from questionnaire
54,'208,Denmark,3103,Nutrient phosphate P2O5 (total),5910,Export quantity,1965,1965,t,113.0,A,Official data from questionnaire
54,'208,Denmark,3103,Nutrient phosphate P2O5 (total),5910,Export quantity,1966,1966,t,11514.0,A,Official data from questionnaire
54,'208,Denmark,3103,Nutrient phosphate P2O5 (total),5910,Export quantity,1967,1967,t,3333.0,A,Official data from questionnaire
54,'208,Denmark,3103,Nutrient phosphate P2O5 (total),5910,Export quantity,1968,1968,t,7657.0,A,Official data from questionnaire
54,'208,Denmark,3103,Nutrient phosphate P2O5 (total),5910,Export quantity,1969,1969,t,11565.0,A,Official data from questionnaire
54,'208,Denmark,3103,Nutrient phosphate P2O5 (total),5910,Export quantity,1970,1970,t,5.0,A,Official data from questionnaire
54,'208,Denmark,3103,Nutrient phosphate P2O5 (total),5910,Export quantity,1971,1971,t,8983.0,A,Official data from questionnaire
54,'208,Denmark,3103,Nutrient phosphate P2O5 (total),5910,Export quantity,1972,1972,t,946.0,A,Official data from questionnaire
54,'208,Denmark,3103,Nutrient phosphate P2O5 (total),5910,Export quantity,1973,1973,t,6338.0,A,Official data from questionnaire
54,'208,Denmark,3103,Nutrient phosphate P2O5 (total),5910,Export quantity,1974,1974,t,18679.0,A,Official data from questionnaire
54,'208,Denmark,3103,Nutrient phosphate P2O5 (total),5910,Export quantity,1975,1975,t,11115.0,A,Official data from questionnaire
54,'208,Denmark,3103,Nutrient phosphate P2O5 (total),5910,Export quantity,1976,1976,t,2426.0,A,Official data from questionnaire
54,'208,Denmark,3103,Nutrient phosphate P2O5 (total),5910,Export quantity,1977,1977,t,9174.0,A,Official data from questionnaire
54,'208,Denmark,3103,Nutrient phosphate P2O5 (total),5910,Export quantity,1978,1978,t,16807.0,A,Official data from questionnaire
54,'208,Denmark,3103,Nutrient phosphate P2O5 (total),5910,Export quantity,1979,1979,t,29173.0,A,Official data from questionnaire
54,'208,Denmark,3103,Nutrient phosphate P2O5 (total),5910,Export quantity,1980,1980,t,56464.0,A,Official data from questionnaire
54,'208,Denmark,3103,Nutrient phosphate P2O5 (total),5910,Export quantity,1981,1981,t,50880.0,A,Official data from questionnaire
54,'208,Denmark,3103,Nutrient phosphate P2O5 (total),5910,Export quantity,1982,1982,t,79562.0,A,Official data from questionnaire
54,'208,Denmark,3103,Nutrient phosphate P2O5 (total),5910,Export quantity,1983,1983,t,85288.0,A,Official data from questionnaire
54,'208,Denmark,3103,Nutrient phosphate P2O5 (total),5910,Export quantity,1984,1984,t,110668.0,A,Official data from questionnaire
54,'208,Denmark,3103,Nutrient phosphate P2O5 (total),5910,Export quantity,1985,1985,t,103760.0,A,Official data from questionnaire
54,'208,Denmark,3103,Nutrient phosphate P2O5 (total),5910,Export quantity,1986,1986,t,78745.0,A,Official data from questionnaire
54,'208,Denmark,3103,Nutrient phosphate P2O5 (total),5910,Export quantity,1987,1987,t,110700.0,X,Data sourced from another international organization
54,'208,Denmark,3103,Nutrient phosphate P2O5 (total),5910,Export quantity,1988,1988,t,120800.0,X,Data sourced from another international organization
54,'208,Denmark,3103,Nutrient phosphate P2O5 (total),5910,Export quantity,1989,1989,t,97900.0,X,Data sourced from another international organization
54,'208,Denmark,3103,Nutrient phosphate P2O5 (total),5910,Export quantity,1990,1990,t,40000.0,X,Data sourced from another international organization
54,'208,Denmark,3103,Nutrient phosphate P2O5 (total),5910,Export quantity,1991,1991,t,48500.0,X,Data sourced from another international organization
54,'208,Denmark,3103,Nutrient phosphate P2O5 (total),5910,Export quantity,1992,1992,t,47000.0,X,Data sourced from another international organization
54,'208,Denmark,3103,Nutrient phosphate P2O5 (total),5910,Export quantity,1993,1993,t,55000.0,X,Data sourced from another international organization
54,'208,Denmark,3103,Nutrient phosphate P2O5 (total),5910,Export quantity,1994,1994,t,55000.0,X,Data sourced from another international organization
54,'208,Denmark,3103,Nutrient phosphate P2O5 (total),5910,Export quantity,1995,1995,t,45000.0,X,Data sourced from another international organization
54,'208,Denmark,3103,Nutrient phosphate P2O5 (total),5910,Export quantity,1996,1996,t,41000.0,X,Data sourced from another international organization
54,'208,Denmark,3103,Nutrient phosphate P2O5 (total),5910,Export quantity,1997,1997,t,39000.0,X,Data sourced from another international organization
54,'208,Denmark,3103,Nutrient phosphate P2O5 (total),5910,Export quantity,1998,1998,t,31000.0,X,Data sourced from another international organization
54,'208,Denmark,3103,Nutrient phosphate P2O5 (total),5910,Export quantity,1999,1999,t,29000.0,X,Data sourced from another international organization
54,'208,Denmark,3103,Nutrient phosphate P2O5 (total),5910,Export quantity,2000,2000,t,39000.0,X,Data sourced from another international organization
54,'208,Denmark,3103,Nutrient phosphate P2O5 (total),5910,Export quantity,2001,2001,t,15000.0,X,Data sourced from another international organization
54,'208,Denmark,3103,Nutrient phosphate P2O5 (total),5910,Export quantity,2002,2002,t,47665.87,I,
54,'208,Denmark,3103,Nutrient phosphate P2O5 (total),5910,Export quantity,2003,2003,t,47913.75,I,
54,'208,Denmark,3103,Nutrient phosphate P2O5 (total),5910,Export quantity,2004,2004,t,30852.17,I,
54,'208,Denmark,3103,Nutrient phosphate P2O5 (total),5910,Export quantity,2005,2005,t,6594.97,I,
54,'208,Denmark,3103,Nutrient phosphate P2O5 (total),5910,Export quantity,2006,2006,t,5238.17,I,
54,'208,Denmark,3103,Nutrient phosphate P2O5 (total),5910,Export quantity,2007,2007,t,7319.52,I,
54,'208,Denmark,3103,Nutrient phosphate P2O5 (total),5910,Export quantity,2008,2008,t,6120.0,I,
54,'208,Denmark,3103,Nutrient phosphate P2O5 (total),5910,Export quantity,2009,2009,t,5405.06,I,
54,'208,Denmark,3103,Nutrient phosphate P2O5 (total),5910,Export quantity,2010,2010,t,5444.99,I,
54,'208,Denmark,3103,Nutrient phosphate P2O5 (total),5910,Export quantity,2011,2011,t,3264.69,I,
54,'208,Denmark,3103,Nutrient phosphate P2O5 (total),5910,Export quantity,2012,2012,t,9089.77,I,
54,'208,Denmark,3103,Nutrient phosphate P2O5 (total),5910,Export quantity,2013,2013,t,15774.39,I,
54,'208,Denmark,3103,Nutrient phosphate P2O5 (total),5910,Export quantity,2014,2014,t,15933.7,I,
54,'208,Denmark,3103,Nutrient phosphate P2O5 (total),5910,Export quantity,2015,2015,t,16968.1,I,
54,'208,Denmark,3103,Nutrient phosphate P2O5 (total),5910,Export quantity,2016,2016,t,20043.95,I,
54,'208,Denmark,3103,Nutrient phosphate P2O5 (total),5910,Export quantity,2017,2017,t,17491.3,I,
54,'208,Denmark,3103,Nutrient phosphate P2O5 (total),5910,Export quantity,2018,2018,t,16626.32,I,
54,'208,Denmark,3103,Nutrient phosphate P2O5 (total),5910,Export quantity,2019,2019,t,17234.13,I,
54,'208,Denmark,3103,Nutrient phosphate P2O5 (total),5910,Export quantity,2020,2020,t,21561.54,I,
54,'208,Denmark,3103,Nutrient phosphate P2O5 (total),5910,Export quantity,2021,2021,t,12781.08,I,
54,'208,Denmark,3103,Nutrient phosphate P2O5 (total),5910,Export quantity,2022,2022,t,2517.94,I,
54,'208,Denmark,3103,Nutrient phosphate P2O5 (total),5910,Export quantity,2023,2023,t,1019.73,I,
54,'208,Denmark,3103,Nutrient phosphate P2O5 (total),5157,Agricultural Use,1961,1961,t,115080.0,A,Official data from questionnaire
54,'208,Denmark,3103,Nutrient phosphate P2O5 (total),5157,Agricultural Use,1962,1962,t,114118.0,A,Official data from questionnaire
54,'208,Denmark,3103,Nutrient phosphate P2O5 (total),5157,Agricultural Use,1963,1963,t,118301.0,A,Official data from questionnaire
54,'208,Denmark,3103,Nutrient phosphate P2O5 (total),5157,Agricultural Use,1964,1964,t,124584.0,A,Official data from questionnaire
54,'208,Denmark,3103,Nutrient phosphate P2O5 (total),5157,Agricultural Use,1965,1965,t,127192.0,A,Official data from questionnaire
54,'208,Denmark,3103,Nutrient phosphate P2O5 (total),5157,Agricultural Use,1966,1966,t,129570.0,A,Official data from questionnaire
54,'208,Denmark,3103,Nutrient phosphate P2O5 (total),5157,Agricultural Use,1967,1967,t,119691.0,A,Official data from questionnaire
54,'208,Denmark,3103,Nutrient phosphate P2O5 (total),5157,Agricultural Use,1968,1968,t,124200.0,A,Official data from questionnaire
54,'208,Denmark,3103,Nutrient phosphate P2O5 (total),5157,Agricultural Use,1969,1969,t,126810.0,A,Official data from questionnaire
54,'208,Denmark,3103,Nutrient phosphate P2O5 (total),5157,Agricultural Use,1970,1970,t,126814.0,A,Official data from questionnaire
54,'208,Denmark,3103,Nutrient phosphate P2O5 (total),5157,Agricultural Use,1971,1971,t,133267.0,A,Official data from questionnaire
54,'208,Denmark,3103,Nutrient phosphate P2O5 (total),5157,Agricultural Use,1972,1972,t,143548.0,A,Official data from questionnaire
54,'208,Denmark,3103,Nutrient phosphate P2O5 (total),5157,Agricultural Use,1973,1973,t,155343.0,A,Official data from questionnaire
54,'208,Denmark,3103,Nutrient phosphate P2O5 (total),5157,Agricultural Use,1974,1974,t,114058.0,A,Official data from questionnaire
54,'208,Denmark,3103,Nutrient phosphate P2O5 (total),5157,Agricultural Use,1975,1975,t,128684.0,A,Official data from questionnaire
54,'208,Denmark,3103,Nutrient phosphate P2O5 (total),5157,Agricultural Use,1976,1976,t,134487.0,A,Official data from questionnaire
54,'208,Denmark,3103,Nutrient phosphate P2O5 (total),5157,Agricultural Use,1977,1977,t,140571.0,A,Official data from questionnaire
54,'208,Denmark,3103,Nutrient phosphate P2O5 (total),5157,Agricultural Use,1978,1978,t,135570.0,A,Official data from questionnaire
54,'208,Denmark,3103,Nutrient phosphate P2O5 (total),5157,Agricultural Use,1979,1979,t,133181.0,A,Official data from questionnaire
54,'208,Denmark,3103,Nutrient phosphate P2O5 (total),5157,Agricultural Use,1980,1980,t,110972.0,A,Official data from questionnaire
54,'208,Denmark,3103,Nutrient phosphate P2O5 (total),5157,Agricultural Use,1981,1981,t,105283.0,A,Official data from questionnaire
54,'208,Denmark,3103,Nutrient phosphate P2O5 (total),5157,Agricultural Use,1982,1982,t,113333.0,A,Official data from questionnaire
54,'208,Denmark,3103,Nutrient phosphate P2O5 (total),5157,Agricultural Use,1983,1983,t,118731.0,A,Official data from questionnaire
54,'208,Denmark,3103,Nutrient phosphate P2O5 (total),5157,Agricultural Use,1984,1984,t,111323.0,A,Official data from questionnaire
54,'208,Denmark,3103,Nutrient phosphate P2O5 (total),5157,Agricultural Use,1985,1985,t,105592.0,A,Official data from questionnaire
54,'208,Denmark,3103,Nutrient phosphate P2O5 (total),5157,Agricultural Use,1986,1986,t,107125.0,A,Official data from questionnaire
54,'208,Denmark,3103,Nutrient phosphate P2O5 (total),5157,Agricultural Use,1987,1987,t,95500.0,X,Data sourced from another international organization
54,'208,Denmark,3103,Nutrient phosphate P2O5 (total),5157,Agricultural Use,1988,1988,t,92200.0,X,Data sourced from another international organization
54,'208,Denmark,3103,Nutrient phosphate P2O5 (total),5157,Agricultural Use,1989,1989,t,94800.0,X,Data sourced from another international organization
54,'208,Denmark,3103,Nutrient phosphate P2O5 (total),5157,Agricultural Use,1990,1990,t,88600.0,X,Data sourced from another international organization
54,'208,Denmark,3103,Nutrient phosphate P2O5 (total),5157,Agricultural Use,1991,1991,t,76000.0,X,Data sourced from another international organization
54,'208,Denmark,3103,Nutrient phosphate P2O5 (total),5157,Agricultural Use,1992,1992,t,64000.0,X,Data sourced from another international organization
54,'208,Denmark,3103,Nutrient phosphate P2O5 (total),5157,Agricultural Use,1993,1993,t,54000.0,X,Data sourced from another international organization
54,'208,Denmark,3103,Nutrient phosphate P2O5 (total),5157,Agricultural Use,1994,1994,t,51000.0,X,Data sourced from another international organization
54,'208,Denmark,3103,Nutrient phosphate P2O5 (total),5157,Agricultural Use,1995,1995,t,49000.0,X,Data sourced from another international organization
54,'208,Denmark,3103,Nutrient phosphate P2O5 (total),5157,Agricultural Use,1996,1996,t,53000.0,X,Data sourced from another international organization
54,'208,Denmark,3103,Nutrient phosphate P2O5 (total),5157,Agricultural Use,1997,1997,t,50000.0,X,Data sourced from another international organization
54,'208,Denmark,3103,Nutrient phosphate P2O5 (total),5157,Agricultural Use,1998,1998,t,47000.0,A,Official data from questionnaire
54,'208,Denmark,3103,Nutrient phosphate P2O5 (total),5157,Agricultural Use,1999,1999,t,41000.0,X,Data sourced from another international organization
54,'208,Denmark,3103,Nutrient phosphate P2O5 (total),5157,Agricultural Use,2000,2000,t,36000.0,X,Data sourced from another international organization
54,'208,Denmark,3103,Nutrient phosphate P2O5 (total),5157,Agricultural Use,2001,2001,t,34000.0,X,Data sourced from another international organization
54,'208,Denmark,3103,Nutrient phosphate P2O5 (total),5157,Agricultural Use,2002,2002,t,33000.0,X,Data sourced from IFA
54,'208,Denmark,3103,Nutrient phosphate P2O5 (total),5157,Agricultural Use,2003,2003,t,32000.0,X,Data sourced from IFA
54,'208,Denmark,3103,Nutrient phosphate P2O5 (total),5157,Agricultural Use,2004,2004,t,45410.0,A,Official data from questionnaire
54,'208,Denmark,3103,Nutrient phosphate P2O5 (total),5157,Agricultural Use,2005,2005,t,41662.0,A,Official data from questionnaire
54,'208,Denmark,3103,Nutrient phosphate P2O5 (total),5157,Agricultural Use,2006,2006,t,39806.0,A,Official data from questionnaire
54,'208,Denmark,3103,Nutrient phosphate P2O5 (total),5157,Agricultural Use,2007,2007,t,40663.0,A,Official data from questionnaire
54,'208,Denmark,3103,Nutrient phosphate P2O5 (total),5157,Agricultural Use,2008,2008,t,40049.0,A,Official data from questionnaire
54,'208,Denmark,3103,Nutrient phosphate P2O5 (total),5157,Agricultural Use,2009,2009,t,22395.0,A,Official data from questionnaire
54,'208,Denmark,3103,Nutrient phosphate P2O5 (total),5157,Agricultural Use,2010,2010,t,32982.0,A,Official data from questionnaire
54,'208,Denmark,3103,Nutrient phosphate P2O5 (total),5157,Agricultural Use,2011,2011,t,34257.0,A,Official data from questionnaire
54,'208,Denmark,3103,Nutrient phosphate P2O5 (total),5157,Agricultural Use,2012,2012,t,23000.0,E,
54,'208,Denmark,3103,Nutrient phosphate P2O5 (total),5157,Agricultural Use,2013,2013,t,34911.0,A,Official data from questionnaire
54,'208,Denmark,3103,Nutrient phosphate P2O5 (total),5157,Agricultural Use,2014,2014,t,32031.0,E,
54,'208,Denmark,3103,Nutrient phosphate P2O5 (total),5157,Agricultural Use,2015,2015,t,33093.0,E,
54,'208,Denmark,3103,Nutrient phosphate P2O5 (total),5157,Agricultural Use,2016,2016,t,31628.0,A,Official data collected from national publication
54,'208,Denmark,3103,Nutrient phosphate P2O5 (total),5157,Agricultural Use,2017,2017,t,47672.0,A,Official data collected from national publication
54,'208,Denmark,3103,Nutrient phosphate P2O5 (total),5157,Agricultural Use,2018,2018,t,33964.0,A,Official data from questionnaire
54,'208,Denmark,3103,Nutrient phosphate P2O5 (total),5157,Agricultural Use,2019,2019,t,33803.0,A,Official data from questionnaire
54,'208,Denmark,3103,Nutrient phosphate P2O5 (total),5157,Agricultural Use,2020,2020,t,37326.0,A,Official data from questionnaire
54,'208,Denmark,3103,Nutrient phosphate P2O5 (total),5157,Agricultural Use,2021,2021,t,34603.0,A,Official data from questionnaire
54,'208,Denmark,3103,Nutrient phosphate P2O5 (total),5157,Agricultural Use,2022,2022,t,25252.0,A,Official data from questionnaire
54,'208,Denmark,3103,Nutrient phosphate P2O5 (total),5157,Agricultural Use,2023,2023,t,23717.0,A,Official data from questionnaire
54,'208,Denmark,3103,Nutrient phosphate P2O5 (total),5159,Use per area of cropland,1961,1961,kg/ha,40.85,E,
54,'208,Denmark,3103,Nutrient phosphate P2O5 (total),5159,Use per area of cropland,1962,1962,kg/ha,41.01,E,
54,'208,Denmark,3103,Nutrient phosphate P2O5 (total),5159,Use per area of cropland,1963,1963,kg/ha,42.92,E,
54,'208,Denmark,3103,Nutrient phosphate P2O5 (total),5159,Use per area of cropland,1964,1964,kg/ha,45.47,E,
54,'208,Denmark,3103,Nutrient phosphate P2O5 (total),5159,Use per area of cropland,1965,1965,kg/ha,46.97,E,
54,'208,Denmark,3103,Nutrient phosphate P2O5 (total),5159,Use per area of cropland,1966,1966,kg/ha,47.97,E,
54,'208,Denmark,3103,Nutrient phosphate P2O5 (total),5159,Use per area of cropland,1967,1967,kg/ha,44.33,E,
54,'208,Denmark,3103,Nutrient phosphate P2O5 (total),5159,Use per area of cropland,1968,1968,kg/ha,45.85,E,
54,'208,Denmark,3103,Nutrient phosphate P2O5 (total),5159,Use per area of cropland,1969,1969,kg/ha,47.09,E,
54,'208,Denmark,3103,Nutrient phosphate P2O5 (total),5159,Use per area of cropland,1970,1970,kg/ha,47.39,E,
54,'208,Denmark,3103,Nutrient phosphate P2O5 (total),5159,Use per area of cropland,1971,1971,kg/ha,50.06,E,
54,'208,Denmark,3103,Nutrient phosphate P2O5 (total),5159,Use per area of cropland,1972,1972,kg/ha,53.84,E,
54,'208,Denmark,3103,Nutrient phosphate P2O5 (total),5159,Use per area of cropland,1973,1973,kg/ha,58.22,E,
54,'208,Denmark,3103,Nutrient phosphate P2O5 (total),5159,Use per area of cropland,1974,1974,kg/ha,42.96,E,
54,'208,Denmark,3103,Nutrient phosphate P2O5 (total),5159,Use per area of cropland,1975,1975,kg/ha,48.38,E,
54,'208,Denmark,3103,Nutrient phosphate P2O5 (total),5159,Use per area of cropland,1976,1976,kg/ha,50.43,E,
54,'208,Denmark,3103,Nutrient phosphate P2O5 (total),5159,Use per area of cropland,1977,1977,kg/ha,53.09,E,
54,'208,Denmark,3103,Nutrient phosphate P2O5 (total),5159,Use per area of cropland,1978,1978,kg/ha,51.1,E,
54,'208,Denmark,3103,Nutrient phosphate P2O5 (total),5159,Use per area of cropland,1979,1979,kg/ha,50.14,E,
54,'208,Denmark,3103,Nutrient phosphate P2O5 (total),5159,Use per area of cropland,1980,1980,kg/ha,41.83,E,
54,'208,Denmark,3103,Nutrient phosphate P2O5 (total),5159,Use per area of cropland,1981,1981,kg/ha,39.71,E,
54,'208,Denmark,3103,Nutrient phosphate P2O5 (total),5159,Use per area of cropland,1982,1982,kg/ha,42.86,E,
54,'208,Denmark,3103,Nutrient phosphate P2O5 (total),5159,Use per area of cropland,1983,1983,kg/ha,45.49,E,
54,'208,Denmark,3103,Nutrient phosphate P2O5 (total),5159,Use per area of cropland,1984,1984,kg/ha,42.38,E,
54,'208,Denmark,3103,Nutrient phosphate P2O5 (total),5159,Use per area of cropland,1985,1985,kg/ha,40.39,E,
54,'208,Denmark,3103,Nutrient phosphate P2O5 (total),5159,Use per area of cropland,1986,1986,kg/ha,41.14,E,
54,'208,Denmark,3103,Nutrient phosphate P2O5 (total),5159,Use per area of cropland,1987,1987,kg/ha,36.9,E,
54,'208,Denmark,3103,Nutrient phosphate P2O5 (total),5159,Use per area of cropland,1988,1988,kg/ha,35.88,E,
54,'208,Denmark,3103,Nutrient phosphate P2O5 (total),5159,Use per area of cropland,1989,1989,kg/ha,37.1,E,
54,'208,Denmark,3103,Nutrient phosphate P2O5 (total),5159,Use per area of cropland,1990,1990,kg/ha,34.46,E,
54,'208,Denmark,3103,Nutrient phosphate P2O5 (total),5159,Use per area of cropland,1991,1991,kg/ha,29.71,E,
54,'208,Denmark,3103,Nutrient phosphate P2O5 (total),5159,Use per area of cropland,1992,1992,kg/ha,25.12,E,
54,'208,Denmark,3103,Nutrient phosphate P2O5 (total),5159,Use per area of cropland,1993,1993,kg/ha,21.24,E,
54,'208,Denmark,3103,Nutrient phosphate P2O5 (total),5159,Use per area of cropland,1994,1994,kg/ha,21.48,E,
54,'208,Denmark,3103,Nutrient phosphate P2O5 (total),5159,Use per area of cropland,1995,1995,kg/ha,21.05,E,
54,'208,Denmark,3103,Nutrient phosphate P2O5 (total),5159,Use per area of cropland,1996,1996,kg/ha,22.74,E,
54,'208,Denmark,3103,Nutrient phosphate P2O5 (total),5159,Use per area of cropland,1997,1997,kg/ha,21.07,E,
54,'208,Denmark,3103,Nutrient phosphate P2O5 (total),5159,Use per area of cropland,1998,1998,kg/ha,19.8,E,
54,'208,Denmark,3103,Nutrient phosphate P2O5 (total),5159,Use per area of cropland,1999,1999,kg/ha,17.81,E,
54,'208,Denmark,3103,Nutrient phosphate P2O5 (total),5159,Use per area of cropland,2000,2000,kg/ha,15.73,E,
54,'208,Denmark,3103,Nutrient phosphate P2O5 (total),5159,Use per area of cropland,2001,2001,kg/ha,14.78,E,
54,'208,Denmark,3103,Nutrient phosphate P2O5 (total),5159,Use per area of cropland,2002,2002,kg/ha,14.45,E,
54,'208,Denmark,3103,Nutrient phosphate P2O5 (total),5159,Use per area of cropland,2003,2003,kg/ha,14.07,E,
54,'208,Denmark,3103,Nutrient phosphate P2O5 (total),5159,Use per area of cropland,2004,2004,kg/ha,19.95,E,
54,'208,Denmark,3103,Nutrient phosphate P2O5 (total),5159,Use per area of cropland,2005,2005,kg/ha,17.81,E,
54,'208,Denmark,3103,Nutrient phosphate P2O5 (total),5159,Use per area of cropland,2006,2006,kg/ha,16.92,E,
54,'208,Denmark,3103,Nutrient phosphate P2O5 (total),5159,Use per area of cropland,2007,2007,kg/ha,17.58,E,
54,'208,Denmark,3103,Nutrient phosphate P2O5 (total),5159,Use per area of cropland,2008,2008,kg/ha,16.64,E,
54,'208,Denmark,3103,Nutrient phosphate P2O5 (total),5159,Use per area of cropland,2009,2009,kg/ha,9.19,E,
54,'208,Denmark,3103,Nutrient phosphate P2O5 (total),5159,Use per area of cropland,2010,2010,kg/ha,13.6,E,
54,'208,Denmark,3103,Nutrient phosphate P2O5 (total),5159,Use per area of cropland,2011,2011,kg/ha,13.69,E,
54,'208,Denmark,3103,Nutrient phosphate P2O5 (total),5159,Use per area of cropland,2012,2012,kg/ha,9.49,E,
54,'208,Denmark,3103,Nutrient phosphate P2O5 (total),5159,Use per area of cropland,2013,2013,kg/ha,14.35,E,
54,'208,Denmark,3103,Nutrient phosphate P2O5 (total),5159,Use per area of cropland,2014,2014,kg/ha,13.02,E,
54,'208,Denmark,3103,Nutrient phosphate P2O5 (total),5159,Use per area of cropland,2015,2015,kg/ha,13.91,E,
54,'208,Denmark,3103,Nutrient phosphate P2O5 (total),5159,Use per area of cropland,2016,2016,kg/ha,13.18,E,
54,'208,Denmark,3103,Nutrient phosphate P2O5 (total),5159,Use per area of cropland,2017,2017,kg/ha,19.89,E,
54,'208,Denmark,3103,Nutrient phosphate P2O5 (total),5159,Use per area of cropland,2018,2018,kg/ha,14.04,E,
54,'208,Denmark,3103,Nutrient phosphate P2O5 (total),5159,Use per area of cropland,2019,2019,kg/ha,13.97,E,
54,'208,Denmark,3103,Nutrient phosphate P2O5 (total),5159,Use per area of cropland,2020,2020,kg/ha,15.57,E,
54,'208,Denmark,3103,Nutrient phosphate P2O5 (total),5159,Use per area of cropland,2021,2021,kg/ha,14.51,E,
54,'208,Denmark,3103,Nutrient phosphate P2O5 (total),5159,Use per area of cropland,2022,2022,kg/ha,10.56,E,
54,'208,Denmark,3103,Nutrient phosphate P2O5 (total),5159,Use per area of cropland,2023,2023,kg/ha,9.9,E,
54,'208,Denmark,3103,Nutrient phosphate P2O5 (total),5172,Use per capita,1961,1961,kg/cap,24.96,E,
54,'208,Denmark,3103,Nutrient phosphate P2O5 (total),5172,Use per capita,1962,1962,kg/cap,24.55,E,
54,'208,Denmark,3103,Nutrient phosphate P2O5 (total),5172,Use per capita,1963,1963,kg/cap,25.25,E,
54,'208,Denmark,3103,Nutrient phosphate P2O5 (total),5172,Use per capita,1964,1964,kg/cap,26.38,E,
54,'208,Denmark,3103,Nutrient phosphate P2O5 (total),5172,Use per capita,1965,1965,kg/cap,26.73,E,
54,'208,Denmark,3103,Nutrient phosphate P2O5 (total),5172,Use per capita,1966,1966,kg/cap,27.01,E,
54,'208,Denmark,3103,Nutrient phosphate P2O5 (total),5172,Use per capita,1967,1967,kg/cap,24.75,E,
54,'208,Denmark,3103,Nutrient phosphate P2O5 (total),5172,Use per capita,1968,1968,kg/cap,25.53,E,
54,'208,Denmark,3103,Nutrient phosphate P2O5 (total),5172,Use per capita,1969,1969,kg/cap,25.92,E,
54,'208,Denmark,3103,Nutrient phosphate P2O5 (total),5172,Use per capita,1970,1970,kg/cap,25.73,E,
54,'208,Denmark,3103,Nutrient phosphate P2O5 (total),5172,Use per capita,1971,1971,kg/cap,26.85,E,
54,'208,Denmark,3103,Nutrient phosphate P2O5 (total),5172,Use per capita,1972,1972,kg/cap,28.76,E,
54,'208,Denmark,3103,Nutrient phosphate P2O5 (total),5172,Use per capita,1973,1973,kg/cap,30.93,E,
54,'208,Denmark,3103,Nutrient phosphate P2O5 (total),5172,Use per capita,1974,1974,kg/cap,22.61,E,
54,'208,Denmark,3103,Nutrient phosphate P2O5 (total),5172,Use per capita,1975,1975,kg/cap,25.43,E,
54,'208,Denmark,3103,Nutrient phosphate P2O5 (total),5172,Use per capita,1976,1976,kg/cap,26.51,E,
54,'208,Denmark,3103,Nutrient phosphate P2O5 (total),5172,Use per capita,1977,1977,kg/cap,27.62,E,
54,'208,Denmark,3103,Nutrient phosphate P2O5 (total),5172,Use per capita,1978,1978,kg/cap,26.56,E,
54,'208,Denmark,3103,Nutrient phosphate P2O5 (total),5172,Use per capita,1979,1979,kg/cap,26.03,E,
54,'208,Denmark,3103,Nutrient phosphate P2O5 (total),5172,Use per capita,1980,1980,kg/cap,21.66,E,
54,'208,Denmark,3103,Nutrient phosphate P2O5 (total),5172,Use per capita,1981,1981,kg/cap,20.56,E,
54,'208,Denmark,3103,Nutrient phosphate P2O5 (total),5172,Use per capita,1982,1982,kg/cap,22.14,E,
54,'208,Denmark,3103,Nutrient phosphate P2O5 (total),5172,Use per capita,1983,1983,kg/cap,23.21,E,
54,'208,Denmark,3103,Nutrient phosphate P2O5 (total),5172,Use per capita,1984,1984,kg/cap,21.78,E,
54,'208,Denmark,3103,Nutrient phosphate P2O5 (total),5172,Use per capita,1985,1985,kg/cap,20.65,E,
54,'208,Denmark,3103,Nutrient phosphate P2O5 (total),5172,Use per capita,1986,1986,kg/cap,20.92,E,
54,'208,Denmark,3103,Nutrient phosphate P2O5 (total),5172,Use per capita,1987,1987,kg/cap,18.63,E,
54,'208,Denmark,3103,Nutrient phosphate P2O5 (total),5172,Use per capita,1988,1988,kg/cap,17.97,E,
54,'208,Denmark,3103,Nutrient phosphate P2O5 (total),5172,Use per capita,1989,1989,kg/cap,18.47,E,
54,'208,Denmark,3103,Nutrient phosphate P2O5 (total),5172,Use per capita,1990,1990,kg/cap,17.23,E,
54,'208,Denmark,3103,Nutrient phosphate P2O5 (total),5172,Use per capita,1991,1991,kg/cap,14.74,E,
54,'208,Denmark,3103,Nutrient phosphate P2O5 (total),5172,Use per capita,1992,1992,kg/cap,12.38,E,
54,'208,Denmark,3103,Nutrient phosphate P2O5 (total),5172,Use per capita,1993,1993,kg/cap,10.41,E,
54,'208,Denmark,3103,Nutrient phosphate P2O5 (total),5172,Use per capita,1994,1994,kg/cap,9.8,E,
54,'208,Denmark,3103,Nutrient phosphate P2O5 (total),5172,Use per capita,1995,1995,kg/cap,9.36,E,
54,'208,Denmark,3103,Nutrient phosphate P2O5 (total),5172,Use per capita,1996,1996,kg/cap,10.07,E,
54,'208,Denmark,3103,Nutrient phosphate P2O5 (total),5172,Use per capita,1997,1997,kg/cap,9.46,E,
54,'208,Denmark,3103,Nutrient phosphate P2O5 (total),5172,Use per capita,1998,1998,kg/cap,8.86,E,
54,'208,Denmark,3103,Nutrient phosphate P2O5 (total),5172,Use per capita,1999,1999,kg/cap,7.7,E,
54,'208,Denmark,3103,Nutrient phosphate P2O5 (total),5172,Use per capita,2000,2000,kg/cap,6.74,E,
54,'208,Denmark,3103,Nutrient phosphate P2O5 (total),5172,Use per capita,2001,2001,kg/cap,6.34,E,
54,'208,Denmark,3103,Nutrient phosphate P2O5 (total),5172,Use per capita,2002,2002,kg/cap,6.14,E,
54,'208,Denmark,3103,Nutrient phosphate P2O5 (total),5172,Use per capita,2003,2003,kg/cap,5.94,E,
54,'208,Denmark,3103,Nutrient phosphate P2O5 (total),5172,Use per capita,2004,2004,kg/cap,8.4,E,
54,'208,Denmark,3103,Nutrient phosphate P2O5 (total),5172,Use per capita,2005,2005,kg/cap,7.69,E,
54,'208,Denmark,3103,Nutrient phosphate P2O5 (total),5172,Use per capita,2006,2006,kg/cap,7.32,E,
54,'208,Denmark,3103,Nutrient phosphate P2O5 (total),5172,Use per capita,2007,2007,kg/cap,7.45,E,
54,'208,Denmark,3103,Nutrient phosphate P2O5 (total),5172,Use per capita,2008,2008,kg/cap,7.29,E,
54,'208,Denmark,3103,Nutrient phosphate P2O5 (total),5172,Use per capita,2009,2009,kg/cap,4.05,E,
54,'208,Denmark,3103,Nutrient phosphate P2O5 (total),5172,Use per capita,2010,2010,kg/cap,5.94,E,
54,'208,Denmark,3103,Nutrient phosphate P2O5 (total),5172,Use per capita,2011,2011,kg/cap,6.15,E,
54,'208,Denmark,3103,Nutrient phosphate P2O5 (total),5172,Use per capita,2012,2012,kg/cap,4.11,E,
54,'208,Denmark,3103,Nutrient phosphate P2O5 (total),5172,Use per capita,2013,2013,kg/cap,6.22,E,
54,'208,Denmark,3103,Nutrient phosphate P2O5 (total),5172,Use per capita,2014,2014,kg/cap,5.68,E,
54,'208,Denmark,3103,Nutrient phosphate P2O5 (total),5172,Use per capita,2015,2015,kg/cap,5.82,E,
54,'208,Denmark,3103,Nutrient phosphate P2O5 (total),5172,Use per capita,2016,2016,kg/cap,5.52,E,
54,'208,Denmark,3103,Nutrient phosphate P2O5 (total),5172,Use per capita,2017,2017,kg/cap,8.27,E,
54,'208,Denmark,3103,Nutrient phosphate P2O5 (total),5172,Use per capita,2018,2018,kg/cap,5.86,E,
54,'208,Denmark,3103,Nutrient phosphate P2O5 (total),5172,Use per capita,2019,2019,kg/cap,5.81,E,
54,'208,Denmark,3103,Nutrient phosphate P2O5 (total),5172,Use per capita,2020,2020,kg/cap,6.4,E,
54,'208,Denmark,3103,Nutrient phosphate P2O5 (total),5172,Use per capita,2021,2021,kg/cap,5.91,E,
54,'208,Denmark,3103,Nutrient phosphate P2O5 (total),5172,Use per capita,2022,2022,kg/cap,4.28,E,
54,'208,Denmark,3103,Nutrient phosphate P2O5 (total),5172,Use per capita,2023,2023,kg/cap,3.99,E,
54,'208,Denmark,3103,Nutrient phosphate P2O5 (total),5173,Use per value of agricultural production,1961,1961,g/Int$,18.58,E,
54,'208,Denmark,3103,Nutrient phosphate P2O5 (total),5173,Use per value of agricultural production,1962,1962,g/Int$,17.95,E,
54,'208,Denmark,3103,Nutrient phosphate P2O5 (total),5173,Use per value of agricultural production,1963,1963,g/Int$,18.87,E,
54,'208,Denmark,3103,Nutrient phosphate P2O5 (total),5173,Use per value of agricultural production,1964,1964,g/Int$,19.23,E,
54,'208,Denmark,3103,Nutrient phosphate P2O5 (total),5173,Use per value of agricultural production,1965,1965,g/Int$,19.71,E,
54,'208,Denmark,3103,Nutrient phosphate P2O5 (total),5173,Use per value of agricultural production,1966,1966,g/Int$,19.94,E,
54,'208,Denmark,3103,Nutrient phosphate P2O5 (total),5173,Use per value of agricultural production,1967,1967,g/Int$,18.18,E,
54,'208,Denmark,3103,Nutrient phosphate P2O5 (total),5173,Use per value of agricultural production,1968,1968,g/Int$,18.82,E,
54,'208,Denmark,3103,Nutrient phosphate P2O5 (total),5173,Use per value of agricultural production,1969,1969,g/Int$,20.08,E,
54,'208,Denmark,3103,Nutrient phosphate P2O5 (total),5173,Use per value of agricultural production,1970,1970,g/Int$,20.34,E,
54,'208,Denmark,3103,Nutrient phosphate P2O5 (total),5173,Use per value of agricultural production,1971,1971,g/Int$,20.92,E,
54,'208,Denmark,3103,Nutrient phosphate P2O5 (total),5173,Use per value of agricultural production,1972,1972,g/Int$,22.61,E,
54,'208,Denmark,3103,Nutrient phosphate P2O5 (total),5173,Use per value of agricultural production,1973,1973,g/Int$,24.15,E,
54,'208,Denmark,3103,Nutrient phosphate P2O5 (total),5173,Use per value of agricultural production,1974,1974,g/Int$,16.65,E,
54,'208,Denmark,3103,Nutrient phosphate P2O5 (total),5173,Use per value of agricultural production,1975,1975,g/Int$,19.5,E,
54,'208,Denmark,3103,Nutrient phosphate P2O5 (total),5173,Use per value of agricultural production,1976,1976,g/Int$,20.55,E,
54,'208,Denmark,3103,Nutrient phosphate P2O5 (total),5173,Use per value of agricultural production,1977,1977,g/Int$,19.81,E,
54,'208,Denmark,3103,Nutrient phosphate P2O5 (total),5173,Use per value of agricultural production,1978,1978,g/Int$,18.67,E,
54,'208,Denmark,3103,Nutrient phosphate P2O5 (total),5173,Use per value of agricultural production,1979,1979,g/Int$,17.69,E,
54,'208,Denmark,3103,Nutrient phosphate P2O5 (total),5173,Use per value of agricultural production,1980,1980,g/Int$,14.85,E,
54,'208,Denmark,3103,Nutrient phosphate P2O5 (total),5173,Use per value of agricultural production,1981,1981,g/Int$,13.9,E,
54,'208,Denmark,3103,Nutrient phosphate P2O5 (total),5173,Use per value of agricultural production,1982,1982,g/Int$,14.3,E,
54,'208,Denmark,3103,Nutrient phosphate P2O5 (total),5173,Use per value of agricultural production,1983,1983,g/Int$,15.37,E,
54,'208,Denmark,3103,Nutrient phosphate P2O5 (total),5173,Use per value of agricultural production,1984,1984,g/Int$,12.99,E,
54,'208,Denmark,3103,Nutrient phosphate P2O5 (total),5173,Use per value of agricultural production,1985,1985,g/Int$,12.56,E,
54,'208,Denmark,3103,Nutrient phosphate P2O5 (total),5173,Use per value of agricultural production,1986,1986,g/Int$,12.46,E,
54,'208,Denmark,3103,Nutrient phosphate P2O5 (total),5173,Use per value of agricultural production,1987,1987,g/Int$,11.71,E,
54,'208,Denmark,3103,Nutrient phosphate P2O5 (total),5173,Use per value of agricultural production,1988,1988,g/Int$,11.08,E,
54,'208,Denmark,3103,Nutrient phosphate P2O5 (total),5173,Use per value of agricultural production,1989,1989,g/Int$,11.09,E,
54,'208,Denmark,3103,Nutrient phosphate P2O5 (total),5173,Use per value of agricultural production,1990,1990,g/Int$,9.88,E,
54,'208,Denmark,3103,Nutrient phosphate P2O5 (total),5173,Use per value of agricultural production,1991,1991,g/Int$,8.53,E,
54,'208,Denmark,3103,Nutrient phosphate P2O5 (total),5173,Use per value of agricultural production,1992,1992,g/Int$,7.53,E,
54,'208,Denmark,3103,Nutrient phosphate P2O5 (total),5173,Use per value of agricultural production,1993,1993,g/Int$,5.93,E,
54,'208,Denmark,3103,Nutrient phosphate P2O5 (total),5173,Use per value of agricultural production,1994,1994,g/Int$,5.8,E,
54,'208,Denmark,3103,Nutrient phosphate P2O5 (total),5173,Use per value of agricultural production,1995,1995,g/Int$,5.4,E,
54,'208,Denmark,3103,Nutrient phosphate P2O5 (total),5173,Use per value of agricultural production,1996,1996,g/Int$,5.86,E,
54,'208,Denmark,3103,Nutrient phosphate P2O5 (total),5173,Use per value of agricultural production,1997,1997,g/Int$,5.44,E,
54,'208,Denmark,3103,Nutrient phosphate P2O5 (total),5173,Use per value of agricultural production,1998,1998,g/Int$,5.02,E,
54,'208,Denmark,3103,Nutrient phosphate P2O5 (total),5173,Use per value of agricultural production,1999,1999,g/Int$,4.45,E,
54,'208,Denmark,3103,Nutrient phosphate P2O5 (total),5173,Use per value of agricultural production,2000,2000,g/Int$,3.88,E,
54,'208,Denmark,3103,Nutrient phosphate P2O5 (total),5173,Use per value of agricultural production,2001,2001,g/Int$,3.64,E,
54,'208,Denmark,3103,Nutrient phosphate P2O5 (total),5173,Use per value of agricultural production,2002,2002,g/Int$,3.55,E,
54,'208,Denmark,3103,Nutrient phosphate P2O5 (total),5173,Use per value of agricultural production,2003,2003,g/Int$,3.4,E,
54,'208,Denmark,3103,Nutrient phosphate P2O5 (total),5173,Use per value of agricultural production,2004,2004,g/Int$,4.76,E,
54,'208,Denmark,3103,Nutrient phosphate P2O5 (total),5173,Use per value of agricultural production,2005,2005,g/Int$,4.42,E,
54,'208,Denmark,3103,Nutrient phosphate P2O5 (total),5173,Use per value of agricultural production,2006,2006,g/Int$,4.37,E,
54,'208,Denmark,3103,Nutrient phosphate P2O5 (total),5173,Use per value of agricultural production,2007,2007,g/Int$,4.39,E,
54,'208,Denmark,3103,Nutrient phosphate P2O5 (total),5173,Use per value of agricultural production,2008,2008,g/Int$,4.28,E,
54,'208,Denmark,3103,Nutrient phosphate P2O5 (total),5173,Use per value of agricultural production,2009,2009,g/Int$,2.39,E,
54,'208,Denmark,3103,Nutrient phosphate P2O5 (total),5173,Use per value of agricultural production,2010,2010,g/Int$,3.56,E,
54,'208,Denmark,3103,Nutrient phosphate P2O5 (total),5173,Use per value of agricultural production,2011,2011,g/Int$,3.64,E,
54,'208,Denmark,3103,Nutrient phosphate P2O5 (total),5173,Use per value of agricultural production,2012,2012,g/Int$,2.44,E,
54,'208,Denmark,3103,Nutrient phosphate P2O5 (total),5173,Use per value of agricultural production,2013,2013,g/Int$,3.76,E,
54,'208,Denmark,3103,Nutrient phosphate P2O5 (total),5173,Use per value of agricultural production,2014,2014,g/Int$,3.36,E,
54,'208,Denmark,3103,Nutrient phosphate P2O5 (total),5173,Use per value of agricultural production,2015,2015,g/Int$,3.43,E,
54,'208,Denmark,3103,Nutrient phosphate P2O5 (total),5173,Use per value of agricultural production,2016,2016,g/Int$,3.36,E,
54,'208,Denmark,3103,Nutrient phosphate P2O5 (total),5173,Use per value of agricultural production,2017,2017,g/Int$,4.9,E,
54,'208,Denmark,3103,Nutrient phosphate P2O5 (total),5173,Use per value of agricultural production,2018,2018,g/Int$,3.84,E,
54,'208,Denmark,3103,Nutrient phosphate P2O5 (total),5173,Use per value of agricultural production,2019,2019,g/Int$,3.52,E,
54,'208,Denmark,3103,Nutrient phosphate P2O5 (total),5173,Use per value of agricultural production,2020,2020,g/Int$,3.81,E,
54,'208,Denmark,3103,Nutrient phosphate P2O5 (total),5173,Use per value of agricultural production,2021,2021,g/Int$,3.52,E,
54,'208,Denmark,3103,Nutrient phosphate P2O5 (total),5173,Use per value of agricultural production,2022,2022,g/Int$,2.55,E,
54,'208,Denmark,3103,Nutrient phosphate P2O5 (total),5173,Use per value of agricultural production,2023,2023,g/Int$,2.71,E,
54,'208,Denmark,3104,Nutrient potash K2O (total),5510,Production,2002,2002,t,0.0,E,
54,'208,Denmark,3104,Nutrient potash K2O (total),5510,Production,2003,2003,t,0.0,E,
54,'208,Denmark,3104,Nutrient potash K2O (total),5510,Production,2004,2004,t,0.0,E,
54,'208,Denmark,3104,Nutrient potash K2O (total),5510,Production,2005,2005,t,0.0,E,
54,'208,Denmark,3104,Nutrient potash K2O (total),5510,Production,2006,2006,t,0.0,A,Official data from questionnaire
54,'208,Denmark,3104,Nutrient potash K2O (total),5510,Production,2007,2007,t,0.0,A,Official data from questionnaire
54,'208,Denmark,3104,Nutrient potash K2O (total),5510,Production,2008,2008,t,0.0,A,Official data from questionnaire
54,'208,Denmark,3104,Nutrient potash K2O (total),5510,Production,2009,2009,t,0.0,A,Official data from questionnaire
54,'208,Denmark,3104,Nutrient potash K2O (total),5510,Production,2010,2010,t,0.0,A,Official data from questionnaire
54,'208,Denmark,3104,Nutrient potash K2O (total),5510,Production,2011,2011,t,0.0,A,Official data from questionnaire
54,'208,Denmark,3104,Nutrient potash K2O (total),5510,Production,2012,2012,t,0.0,A,Official data from questionnaire
54,'208,Denmark,3104,Nutrient potash K2O (total),5510,Production,2013,2013,t,0.0,A,Official data from questionnaire
54,'208,Denmark,3104,Nutrient potash K2O (total),5510,Production,2014,2014,t,0.0,A,Official data from questionnaire
54,'208,Denmark,3104,Nutrient potash K2O (total),5510,Production,2015,2015,t,0.0,E,
54,'208,Denmark,3104,Nutrient potash K2O (total),5510,Production,2016,2016,t,0.0,A,Official data from questionnaire
54,'208,Denmark,3104,Nutrient potash K2O (total),5510,Production,2017,2017,t,0.0,A,Official data from questionnaire
54,'208,Denmark,3104,Nutrient potash K2O (total),5510,Production,2018,2018,t,0.0,E,
54,'208,Denmark,3104,Nutrient potash K2O (total),5510,Production,2019,2019,t,0.0,E,
54,'208,Denmark,3104,Nutrient potash K2O (total),5510,Production,2020,2020,t,0.0,E,
54,'208,Denmark,3104,Nutrient potash K2O (total),5510,Production,2021,2021,t,0.0,E,
54,'208,Denmark,3104,Nutrient potash K2O (total),5510,Production,2022,2022,t,0.0,E,
54,'208,Denmark,3104,Nutrient potash K2O (total),5510,Production,2023,2023,t,0.0,E,
54,'208,Denmark,3104,Nutrient potash K2O (total),5610,Import quantity,1961,1961,t,171093.0,A,Official data from questionnaire
54,'208,Denmark,3104,Nutrient potash K2O (total),5610,Import quantity,1962,1962,t,165198.0,A,Official data from questionnaire
54,'208,Denmark,3104,Nutrient potash K2O (total),5610,Import quantity,1963,1963,t,170658.0,A,Official data from questionnaire
54,'208,Denmark,3104,Nutrient potash K2O (total),5610,Import quantity,1964,1964,t,175477.0,A,Official data from questionnaire
54,'208,Denmark,3104,Nutrient potash K2O (total),5610,Import quantity,1965,1965,t,197959.0,A,Official data from questionnaire
54,'208,Denmark,3104,Nutrient potash K2O (total),5610,Import quantity,1966,1966,t,195629.0,A,Official data from questionnaire
54,'208,Denmark,3104,Nutrient potash K2O (total),5610,Import quantity,1967,1967,t,172590.0,A,Official data from questionnaire
54,'208,Denmark,3104,Nutrient potash K2O (total),5610,Import quantity,1968,1968,t,170929.0,A,Official data from questionnaire
54,'208,Denmark,3104,Nutrient potash K2O (total),5610,Import quantity,1969,1969,t,180248.0,A,Official data from questionnaire
54,'208,Denmark,3104,Nutrient potash K2O (total),5610,Import quantity,1970,1970,t,188471.0,A,Official data from questionnaire
54,'208,Denmark,3104,Nutrient potash K2O (total),5610,Import quantity,1971,1971,t,177673.0,A,Official data from questionnaire
54,'208,Denmark,3104,Nutrient potash K2O (total),5610,Import quantity,1972,1972,t,209613.0,A,Official data from questionnaire
54,'208,Denmark,3104,Nutrient potash K2O (total),5610,Import quantity,1973,1973,t,215238.0,A,Official data from questionnaire
54,'208,Denmark,3104,Nutrient potash K2O (total),5610,Import quantity,1974,1974,t,194228.0,A,Official data from questionnaire
54,'208,Denmark,3104,Nutrient potash K2O (total),5610,Import quantity,1975,1975,t,181277.0,A,Official data from questionnaire
54,'208,Denmark,3104,Nutrient potash K2O (total),5610,Import quantity,1976,1976,t,197511.0,A,Official data from questionnaire
54,'208,Denmark,3104,Nutrient potash K2O (total),5610,Import quantity,1977,1977,t,215833.0,A,Official data from questionnaire
54,'208,Denmark,3104,Nutrient potash K2O (total),5610,Import quantity,1978,1978,t,201850.0,A,Official data from questionnaire
54,'208,Denmark,3104,Nutrient potash K2O (total),5610,Import quantity,1979,1979,t,172819.0,A,Official data from questionnaire
54,'208,Denmark,3104,Nutrient potash K2O (total),5610,Import quantity,1980,1980,t,176467.0,A,Official data from questionnaire
54,'208,Denmark,3104,Nutrient potash K2O (total),5610,Import quantity,1981,1981,t,162300.0,A,Official data from questionnaire
54,'208,Denmark,3104,Nutrient potash K2O (total),5610,Import quantity,1982,1982,t,185100.0,X,Data sourced from another international organization
54,'208,Denmark,3104,Nutrient potash K2O (total),5610,Import quantity,1983,1983,t,200000.0,X,Data sourced from another international organization
54,'208,Denmark,3104,Nutrient potash K2O (total),5610,Import quantity,1984,1984,t,238200.0,A,Official data from questionnaire
54,'208,Denmark,3104,Nutrient potash K2O (total),5610,Import quantity,1985,1985,t,225924.0,X,Data sourced from another international organization
54,'208,Denmark,3104,Nutrient potash K2O (total),5610,Import quantity,1986,1986,t,201545.0,X,Data sourced from another international organization
54,'208,Denmark,3104,Nutrient potash K2O (total),5610,Import quantity,1987,1987,t,239000.0,X,Data sourced from another international organization
54,'208,Denmark,3104,Nutrient potash K2O (total),5610,Import quantity,1988,1988,t,221300.0,X,Data sourced from another international organization
54,'208,Denmark,3104,Nutrient potash K2O (total),5610,Import quantity,1989,1989,t,228600.0,X,Data sourced from another international organization
54,'208,Denmark,3104,Nutrient potash K2O (total),5610,Import quantity,1990,1990,t,207600.0,X,Data sourced from another international organization
54,'208,Denmark,3104,Nutrient potash K2O (total),5610,Import quantity,1991,1991,t,191200.0,X,Data sourced from another international organization
54,'208,Denmark,3104,Nutrient potash K2O (total),5610,Import quantity,1992,1992,t,180000.0,X,Data sourced from another international organization
54,'208,Denmark,3104,Nutrient potash K2O (total),5610,Import quantity,1993,1993,t,174000.0,X,Data sourced from another international organization
54,'208,Denmark,3104,Nutrient potash K2O (total),5610,Import quantity,1994,1994,t,179000.0,X,Data sourced from another international organization
54,'208,Denmark,3104,Nutrient potash K2O (total),5610,Import quantity,1995,1995,t,195000.0,X,Data sourced from another international organization
54,'208,Denmark,3104,Nutrient potash K2O (total),5610,Import quantity,1996,1996,t,157000.0,X,Data sourced from another international organization
54,'208,Denmark,3104,Nutrient potash K2O (total),5610,Import quantity,1997,1997,t,143000.0,X,Data sourced from another international organization
54,'208,Denmark,3104,Nutrient potash K2O (total),5610,Import quantity,1998,1998,t,149000.0,X,Data sourced from another international organization
54,'208,Denmark,3104,Nutrient potash K2O (total),5610,Import quantity,1999,1999,t,145000.0,X,Data sourced from another international organization
54,'208,Denmark,3104,Nutrient potash K2O (total),5610,Import quantity,2000,2000,t,150400.0,X,Data sourced from another international organization
54,'208,Denmark,3104,Nutrient potash K2O (total),5610,Import quantity,2001,2001,t,129600.0,X,Data sourced from another international organization
54,'208,Denmark,3104,Nutrient potash K2O (total),5610,Import quantity,2002,2002,t,116650.47,I,
54,'208,Denmark,3104,Nutrient potash K2O (total),5610,Import quantity,2003,2003,t,138480.68,I,
54,'208,Denmark,3104,Nutrient potash K2O (total),5610,Import quantity,2004,2004,t,144799.07,I,
54,'208,Denmark,3104,Nutrient potash K2O (total),5610,Import quantity,2005,2005,t,82559.4,I,
54,'208,Denmark,3104,Nutrient potash K2O (total),5610,Import quantity,2006,2006,t,120360.97,I,
54,'208,Denmark,3104,Nutrient potash K2O (total),5610,Import quantity,2007,2007,t,75054.84,I,
54,'208,Denmark,3104,Nutrient potash K2O (total),5610,Import quantity,2008,2008,t,81382.28,I,
54,'208,Denmark,3104,Nutrient potash K2O (total),5610,Import quantity,2009,2009,t,13142.54,I,
54,'208,Denmark,3104,Nutrient potash K2O (total),5610,Import quantity,2010,2010,t,53397.29,I,
54,'208,Denmark,3104,Nutrient potash K2O (total),5610,Import quantity,2011,2011,t,57667.52,I,
54,'208,Denmark,3104,Nutrient potash K2O (total),5610,Import quantity,2012,2012,t,60771.99,I,
54,'208,Denmark,3104,Nutrient potash K2O (total),5610,Import quantity,2013,2013,t,70563.18,I,
54,'208,Denmark,3104,Nutrient potash K2O (total),5610,Import quantity,2014,2014,t,99029.25,I,
54,'208,Denmark,3104,Nutrient potash K2O (total),5610,Import quantity,2015,2015,t,81147.67,I,
54,'208,Denmark,3104,Nutrient potash K2O (total),5610,Import quantity,2016,2016,t,87989.12,I,
54,'208,Denmark,3104,Nutrient potash K2O (total),5610,Import quantity,2017,2017,t,97212.14,I,
54,'208,Denmark,3104,Nutrient potash K2O (total),5610,Import quantity,2018,2018,t,80217.49,I,
54,'208,Denmark,3104,Nutrient potash K2O (total),5610,Import quantity,2019,2019,t,79205.97,I,
54,'208,Denmark,3104,Nutrient potash K2O (total),5610,Import quantity,2020,2020,t,104053.02,I,
54,'208,Denmark,3104,Nutrient potash K2O (total),5610,Import quantity,2021,2021,t,85356.83,I,
54,'208,Denmark,3104,Nutrient potash K2O (total),5610,Import quantity,2022,2022,t,107769.13,I,
54,'208,Denmark,3104,Nutrient potash K2O (total),5610,Import quantity,2023,2023,t,158362.04,I,
54,'208,Denmark,3104,Nutrient potash K2O (total),5910,Export quantity,1982,1982,t,62200.0,X,Data sourced from another international organization
54,'208,Denmark,3104,Nutrient potash K2O (total),5910,Export quantity,1983,1983,t,73900.0,X,Data sourced from another international organization
54,'208,Denmark,3104,Nutrient potash K2O (total),5910,Export quantity,1984,1984,t,84900.0,X,Data sourced from another international organization
54,'208,Denmark,3104,Nutrient potash K2O (total),5910,Export quantity,1985,1985,t,77500.0,X,Data sourced from another international organization
54,'208,Denmark,3104,Nutrient potash K2O (total),5910,Export quantity,1986,1986,t,74600.0,X,Data sourced from another international organization
54,'208,Denmark,3104,Nutrient potash K2O (total),5910,Export quantity,1987,1987,t,88700.0,X,Data sourced from another international organization
54,'208,Denmark,3104,Nutrient potash K2O (total),5910,Export quantity,1988,1988,t,78400.0,X,Data sourced from another international organization
54,'208,Denmark,3104,Nutrient potash K2O (total),5910,Export quantity,1989,1989,t,74000.0,X,Data sourced from another international organization
54,'208,Denmark,3104,Nutrient potash K2O (total),5910,Export quantity,1990,1990,t,50300.0,X,Data sourced from another international organization
54,'208,Denmark,3104,Nutrient potash K2O (total),5910,Export quantity,1991,1991,t,63300.0,X,Data sourced from another international organization
54,'208,Denmark,3104,Nutrient potash K2O (total),5910,Export quantity,1992,1992,t,63000.0,X,Data sourced from another international organization
54,'208,Denmark,3104,Nutrient potash K2O (total),5910,Export quantity,1993,1993,t,70000.0,X,Data sourced from another international organization
54,'208,Denmark,3104,Nutrient potash K2O (total),5910,Export quantity,1994,1994,t,70000.0,X,Data sourced from another international organization
54,'208,Denmark,3104,Nutrient potash K2O (total),5910,Export quantity,1995,1995,t,75000.0,X,Data sourced from another international organization
54,'208,Denmark,3104,Nutrient potash K2O (total),5910,Export quantity,1996,1996,t,50000.0,X,Data sourced from another international organization
54,'208,Denmark,3104,Nutrient potash K2O (total),5910,Export quantity,1997,1997,t,48000.0,X,Data sourced from another international organization
54,'208,Denmark,3104,Nutrient potash K2O (total),5910,Export quantity,1998,1998,t,47000.0,X,Data sourced from another international organization
54,'208,Denmark,3104,Nutrient potash K2O (total),5910,Export quantity,1999,1999,t,59000.0,X,Data sourced from another international organization
54,'208,Denmark,3104,Nutrient potash K2O (total),5910,Export quantity,2000,2000,t,65000.0,X,Data sourced from another international organization
54,'208,Denmark,3104,Nutrient potash K2O (total),5910,Export quantity,2001,2001,t,55000.0,X,Data sourced from another international organization
54,'208,Denmark,3104,Nutrient potash K2O (total),5910,Export quantity,2002,2002,t,57702.51,I,
54,'208,Denmark,3104,Nutrient potash K2O (total),5910,Export quantity,2003,2003,t,62551.66,I,
54,'208,Denmark,3104,Nutrient potash K2O (total),5910,Export quantity,2004,2004,t,42367.91,I,
54,'208,Denmark,3104,Nutrient potash K2O (total),5910,Export quantity,2005,2005,t,15428.51,I,
54,'208,Denmark,3104,Nutrient potash K2O (total),5910,Export quantity,2006,2006,t,32647.82,I,
54,'208,Denmark,3104,Nutrient potash K2O (total),5910,Export quantity,2007,2007,t,14770.88,I,
54,'208,Denmark,3104,Nutrient potash K2O (total),5910,Export quantity,2008,2008,t,16291.44,I,
54,'208,Denmark,3104,Nutrient potash K2O (total),5910,Export quantity,2009,2009,t,9530.22,I,
54,'208,Denmark,3104,Nutrient potash K2O (total),5910,Export quantity,2010,2010,t,14270.18,I,
54,'208,Denmark,3104,Nutrient potash K2O (total),5910,Export quantity,2011,2011,t,31384.47,I,
54,'208,Denmark,3104,Nutrient potash K2O (total),5910,Export quantity,2012,2012,t,28529.47,I,
54,'208,Denmark,3104,Nutrient potash K2O (total),5910,Export quantity,2013,2013,t,31241.93,I,
54,'208,Denmark,3104,Nutrient potash K2O (total),5910,Export quantity,2014,2014,t,38595.97,I,
54,'208,Denmark,3104,Nutrient potash K2O (total),5910,Export quantity,2015,2015,t,39262.1,I,
54,'208,Denmark,3104,Nutrient potash K2O (total),5910,Export quantity,2016,2016,t,40136.72,I,
54,'208,Denmark,3104,Nutrient potash K2O (total),5910,Export quantity,2017,2017,t,37209.16,I,
54,'208,Denmark,3104,Nutrient potash K2O (total),5910,Export quantity,2018,2018,t,29401.87,I,
54,'208,Denmark,3104,Nutrient potash K2O (total),5910,Export quantity,2019,2019,t,40202.54,I,
54,'208,Denmark,3104,Nutrient potash K2O (total),5910,Export quantity,2020,2020,t,44439.59,I,
54,'208,Denmark,3104,Nutrient potash K2O (total),5910,Export quantity,2021,2021,t,36039.55,I,
54,'208,Denmark,3104,Nutrient potash K2O (total),5910,Export quantity,2022,2022,t,16311.84,I,
54,'208,Denmark,3104,Nutrient potash K2O (total),5910,Export quantity,2023,2023,t,17638.56,I,
54,'208,Denmark,3104,Nutrient potash K2O (total),5157,Agricultural Use,1961,1961,t,180132.0,A,Official data from questionnaire
54,'208,Denmark,3104,Nutrient potash K2O (total),5157,Agricultural Use,1962,1962,t,174222.0,A,Official data from questionnaire
54,'208,Denmark,3104,Nutrient potash K2O (total),5157,Agricultural Use,1963,1963,t,175364.0,A,Official data from questionnaire
54,'208,Denmark,3104,Nutrient potash K2O (total),5157,Agricultural Use,1964,1964,t,181971.0,A,Official data from questionnaire
54,'208,Denmark,3104,Nutrient potash K2O (total),5157,Agricultural Use,1965,1965,t,174839.0,A,Official data from questionnaire
54,'208,Denmark,3104,Nutrient potash K2O (total),5157,Agricultural Use,1966,1966,t,178282.0,A,Official data from questionnaire
54,'208,Denmark,3104,Nutrient potash K2O (total),5157,Agricultural Use,1967,1967,t,173798.0,A,Official data from questionnaire
54,'208,Denmark,3104,Nutrient potash K2O (total),5157,Agricultural Use,1968,1968,t,181043.0,A,Official data from questionnaire
54,'208,Denmark,3104,Nutrient potash K2O (total),5157,Agricultural Use,1969,1969,t,182630.0,A,Official data from questionnaire
54,'208,Denmark,3104,Nutrient potash K2O (total),5157,Agricultural Use,1970,1970,t,181536.0,A,Official data from questionnaire
54,'208,Denmark,3104,Nutrient potash K2O (total),5157,Agricultural Use,1971,1971,t,190950.0,A,Official data from questionnaire
54,'208,Denmark,3104,Nutrient potash K2O (total),5157,Agricultural Use,1972,1972,t,203673.0,A,Official data from questionnaire
54,'208,Denmark,3104,Nutrient potash K2O (total),5157,Agricultural Use,1973,1973,t,215664.0,A,Official data from questionnaire
54,'208,Denmark,3104,Nutrient potash K2O (total),5157,Agricultural Use,1974,1974,t,159690.0,A,Official data from questionnaire
54,'208,Denmark,3104,Nutrient potash K2O (total),5157,Agricultural Use,1975,1975,t,171279.0,A,Official data from questionnaire
54,'208,Denmark,3104,Nutrient potash K2O (total),5157,Agricultural Use,1976,1976,t,167565.0,A,Official data from questionnaire
54,'208,Denmark,3104,Nutrient potash K2O (total),5157,Agricultural Use,1977,1977,t,177189.0,A,Official data from questionnaire
54,'208,Denmark,3104,Nutrient potash K2O (total),5157,Agricultural Use,1978,1978,t,172642.0,A,Official data from questionnaire
54,'208,Denmark,3104,Nutrient potash K2O (total),5157,Agricultural Use,1979,1979,t,170676.0,A,Official data from questionnaire
54,'208,Denmark,3104,Nutrient potash K2O (total),5157,Agricultural Use,1980,1980,t,142203.0,A,Official data from questionnaire
54,'208,Denmark,3104,Nutrient potash K2O (total),5157,Agricultural Use,1981,1981,t,136413.0,A,Official data from questionnaire
54,'208,Denmark,3104,Nutrient potash K2O (total),5157,Agricultural Use,1982,1982,t,147931.0,A,Official data from questionnaire
54,'208,Denmark,3104,Nutrient potash K2O (total),5157,Agricultural Use,1983,1983,t,156537.0,A,Official data from questionnaire
54,'208,Denmark,3104,Nutrient potash K2O (total),5157,Agricultural Use,1984,1984,t,149857.0,A,Official data from questionnaire
54,'208,Denmark,3104,Nutrient potash K2O (total),5157,Agricultural Use,1985,1985,t,145912.0,A,Official data from questionnaire
54,'208,Denmark,3104,Nutrient potash K2O (total),5157,Agricultural Use,1986,1986,t,153706.0,A,Official data from questionnaire
54,'208,Denmark,3104,Nutrient potash K2O (total),5157,Agricultural Use,1987,1987,t,143300.0,X,Data sourced from another international organization
54,'208,Denmark,3104,Nutrient potash K2O (total),5157,Agricultural Use,1988,1988,t,147900.0,X,Data sourced from another international organization
54,'208,Denmark,3104,Nutrient potash K2O (total),5157,Agricultural Use,1989,1989,t,155400.0,X,Data sourced from another international organization
54,'208,Denmark,3104,Nutrient potash K2O (total),5157,Agricultural Use,1990,1990,t,149700.0,X,Data sourced from another international organization
54,'208,Denmark,3104,Nutrient potash K2O (total),5157,Agricultural Use,1991,1991,t,134600.0,X,Data sourced from another international organization
54,'208,Denmark,3104,Nutrient potash K2O (total),5157,Agricultural Use,1992,1992,t,110000.0,X,Data sourced from another international organization
54,'208,Denmark,3104,Nutrient potash K2O (total),5157,Agricultural Use,1993,1993,t,104000.0,X,Data sourced from another international organization
54,'208,Denmark,3104,Nutrient potash K2O (total),5157,Agricultural Use,1994,1994,t,99000.0,X,Data sourced from another international organization
54,'208,Denmark,3104,Nutrient potash K2O (total),5157,Agricultural Use,1995,1995,t,98000.0,X,Data sourced from another international organization
54,'208,Denmark,3104,Nutrient potash K2O (total),5157,Agricultural Use,1996,1996,t,108000.0,X,Data sourced from another international organization
54,'208,Denmark,3104,Nutrient potash K2O (total),5157,Agricultural Use,1997,1997,t,104000.0,X,Data sourced from another international organization
54,'208,Denmark,3104,Nutrient potash K2O (total),5157,Agricultural Use,1998,1998,t,102000.0,X,Data sourced from another international organization
54,'208,Denmark,3104,Nutrient potash K2O (total),5157,Agricultural Use,1999,1999,t,86000.0,X,Data sourced from another international organization
54,'208,Denmark,3104,Nutrient potash K2O (total),5157,Agricultural Use,2000,2000,t,79000.0,X,Data sourced from another international organization
54,'208,Denmark,3104,Nutrient potash K2O (total),5157,Agricultural Use,2001,2001,t,64039.0,A,Official data from questionnaire
54,'208,Denmark,3104,Nutrient potash K2O (total),5157,Agricultural Use,2002,2002,t,58318.0,I,
54,'208,Denmark,3104,Nutrient potash K2O (total),5157,Agricultural Use,2003,2003,t,75116.0,I,
54,'208,Denmark,3104,Nutrient potash K2O (total),5157,Agricultural Use,2004,2004,t,100935.0,A,Official data from questionnaire
54,'208,Denmark,3104,Nutrient potash K2O (total),5157,Agricultural Use,2005,2005,t,99049.0,A,Official data from questionnaire
54,'208,Denmark,3104,Nutrient potash K2O (total),5157,Agricultural Use,2006,2006,t,95135.0,A,Official data from questionnaire
54,'208,Denmark,3104,Nutrient potash K2O (total),5157,Agricultural Use,2007,2007,t,94802.0,A,Official data from questionnaire
54,'208,Denmark,3104,Nutrient potash K2O (total),5157,Agricultural Use,2008,2008,t,96446.0,A,Official data from questionnaire
54,'208,Denmark,3104,Nutrient potash K2O (total),5157,Agricultural Use,2009,2009,t,40818.0,A,Official data from questionnaire
54,'208,Denmark,3104,Nutrient potash K2O (total),5157,Agricultural Use,2010,2010,t,62210.0,A,Official data from questionnaire
54,'208,Denmark,3104,Nutrient potash K2O (total),5157,Agricultural Use,2011,2011,t,64601.0,A,Official data from questionnaire
54,'208,Denmark,3104,Nutrient potash K2O (total),5157,Agricultural Use,2012,2012,t,47000.0,E,
54,'208,Denmark,3104,Nutrient potash K2O (total),5157,Agricultural Use,2013,2013,t,67306.0,A,Official data from questionnaire
54,'208,Denmark,3104,Nutrient potash K2O (total),5157,Agricultural Use,2014,2014,t,63813.0,E,
54,'208,Denmark,3104,Nutrient potash K2O (total),5157,Agricultural Use,2015,2015,t,63748.0,E,
54,'208,Denmark,3104,Nutrient potash K2O (total),5157,Agricultural Use,2016,2016,t,57482.0,I,
54,'208,Denmark,3104,Nutrient potash K2O (total),5157,Agricultural Use,2017,2017,t,102117.0,I,
54,'208,Denmark,3104,Nutrient potash K2O (total),5157,Agricultural Use,2018,2018,t,63692.0,I,
54,'208,Denmark,3104,Nutrient potash K2O (total),5157,Agricultural Use,2019,2019,t,67002.0,I,
54,'208,Denmark,3104,Nutrient potash K2O (total),5157,Agricultural Use,2020,2020,t,87874.0,A,Official data from questionnaire
54,'208,Denmark,3104,Nutrient potash K2O (total),5157,Agricultural Use,2021,2021,t,91433.0,A,Official data from questionnaire
54,'208,Denmark,3104,Nutrient potash K2O (total),5157,Agricultural Use,2022,2022,t,63927.0,A,Official data from questionnaire
54,'208,Denmark,3104,Nutrient potash K2O (total),5157,Agricultural Use,2023,2023,t,49001.0,A,Official data from questionnaire
54,'208,Denmark,3104,Nutrient potash K2O (total),5159,Use per area of cropland,1961,1961,kg/ha,63.94,E,
54,'208,Denmark,3104,Nutrient potash K2O (total),5159,Use per area of cropland,1962,1962,kg/ha,62.6,E,
54,'208,Denmark,3104,Nutrient potash K2O (total),5159,Use per area of cropland,1963,1963,kg/ha,63.63,E,
54,'208,Denmark,3104,Nutrient potash K2O (total),5159,Use per area of cropland,1964,1964,kg/ha,66.41,E,
54,'208,Denmark,3104,Nutrient potash K2O (total),5159,Use per area of cropland,1965,1965,kg/ha,64.56,E,
54,'208,Denmark,3104,Nutrient potash K2O (total),5159,Use per area of cropland,1966,1966,kg/ha,66.01,E,
54,'208,Denmark,3104,Nutrient potash K2O (total),5159,Use per area of cropland,1967,1967,kg/ha,64.37,E,
54,'208,Denmark,3104,Nutrient potash K2O (total),5159,Use per area of cropland,1968,1968,kg/ha,66.83,E,
54,'208,Denmark,3104,Nutrient potash K2O (total),5159,Use per area of cropland,1969,1969,kg/ha,67.82,E,
54,'208,Denmark,3104,Nutrient potash K2O (total),5159,Use per area of cropland,1970,1970,kg/ha,67.84,E,
54,'208,Denmark,3104,Nutrient potash K2O (total),5159,Use per area of cropland,1971,1971,kg/ha,71.73,E,
54,'208,Denmark,3104,Nutrient potash K2O (total),5159,Use per area of cropland,1972,1972,kg/ha,76.4,E,
54,'208,Denmark,3104,Nutrient potash K2O (total),5159,Use per area of cropland,1973,1973,kg/ha,80.83,E,
54,'208,Denmark,3104,Nutrient potash K2O (total),5159,Use per area of cropland,1974,1974,kg/ha,60.15,E,
54,'208,Denmark,3104,Nutrient potash K2O (total),5159,Use per area of cropland,1975,1975,kg/ha,64.39,E,
54,'208,Denmark,3104,Nutrient potash K2O (total),5159,Use per area of cropland,1976,1976,kg/ha,62.83,E,
54,'208,Denmark,3104,Nutrient potash K2O (total),5159,Use per area of cropland,1977,1977,kg/ha,66.91,E,
54,'208,Denmark,3104,Nutrient potash K2O (total),5159,Use per area of cropland,1978,1978,kg/ha,65.07,E,
54,'208,Denmark,3104,Nutrient potash K2O (total),5159,Use per area of cropland,1979,1979,kg/ha,64.26,E,
54,'208,Denmark,3104,Nutrient potash K2O (total),5159,Use per area of cropland,1980,1980,kg/ha,53.6,E,
54,'208,Denmark,3104,Nutrient potash K2O (total),5159,Use per area of cropland,1981,1981,kg/ha,51.46,E,
54,'208,Denmark,3104,Nutrient potash K2O (total),5159,Use per area of cropland,1982,1982,kg/ha,55.95,E,
54,'208,Denmark,3104,Nutrient potash K2O (total),5159,Use per area of cropland,1983,1983,kg/ha,59.98,E,
54,'208,Denmark,3104,Nutrient potash K2O (total),5159,Use per area of cropland,1984,1984,kg/ha,57.04,E,
54,'208,Denmark,3104,Nutrient potash K2O (total),5159,Use per area of cropland,1985,1985,kg/ha,55.82,E,
54,'208,Denmark,3104,Nutrient potash K2O (total),5159,Use per area of cropland,1986,1986,kg/ha,59.03,E,
54,'208,Denmark,3104,Nutrient potash K2O (total),5159,Use per area of cropland,1987,1987,kg/ha,55.37,E,
54,'208,Denmark,3104,Nutrient potash K2O (total),5159,Use per area of cropland,1988,1988,kg/ha,57.55,E,
54,'208,Denmark,3104,Nutrient potash K2O (total),5159,Use per area of cropland,1989,1989,kg/ha,60.82,E,
54,'208,Denmark,3104,Nutrient potash K2O (total),5159,Use per area of cropland,1990,1990,kg/ha,58.23,E,
54,'208,Denmark,3104,Nutrient potash K2O (total),5159,Use per area of cropland,1991,1991,kg/ha,52.62,E,
54,'208,Denmark,3104,Nutrient potash K2O (total),5159,Use per area of cropland,1992,1992,kg/ha,43.17,E,
54,'208,Denmark,3104,Nutrient potash K2O (total),5159,Use per area of cropland,1993,1993,kg/ha,40.91,E,
54,'208,Denmark,3104,Nutrient potash K2O (total),5159,Use per area of cropland,1994,1994,kg/ha,41.7,E,
54,'208,Denmark,3104,Nutrient potash K2O (total),5159,Use per area of cropland,1995,1995,kg/ha,42.1,E,
54,'208,Denmark,3104,Nutrient potash K2O (total),5159,Use per area of cropland,1996,1996,kg/ha,46.33,E,
54,'208,Denmark,3104,Nutrient potash K2O (total),5159,Use per area of cropland,1997,1997,kg/ha,43.83,E,
54,'208,Denmark,3104,Nutrient potash K2O (total),5159,Use per area of cropland,1998,1998,kg/ha,42.97,E,
54,'208,Denmark,3104,Nutrient potash K2O (total),5159,Use per area of cropland,1999,1999,kg/ha,37.36,E,
54,'208,Denmark,3104,Nutrient potash K2O (total),5159,Use per area of cropland,2000,2000,kg/ha,34.51,E,
54,'208,Denmark,3104,Nutrient potash K2O (total),5159,Use per area of cropland,2001,2001,kg/ha,27.84,E,
54,'208,Denmark,3104,Nutrient potash K2O (total),5159,Use per area of cropland,2002,2002,kg/ha,25.54,E,
54,'208,Denmark,3104,Nutrient potash K2O (total),5159,Use per area of cropland,2003,2003,kg/ha,33.03,E,
54,'208,Denmark,3104,Nutrient potash K2O (total),5159,Use per area of cropland,2004,2004,kg/ha,44.35,E,
54,'208,Denmark,3104,Nutrient potash K2O (total),5159,Use per area of cropland,2005,2005,kg/ha,42.35,E,
54,'208,Denmark,3104,Nutrient potash K2O (total),5159,Use per area of cropland,2006,2006,kg/ha,40.43,E,
54,'208,Denmark,3104,Nutrient potash K2O (total),5159,Use per area of cropland,2007,2007,kg/ha,40.99,E,
54,'208,Denmark,3104,Nutrient potash K2O (total),5159,Use per area of cropland,2008,2008,kg/ha,40.07,E,
54,'208,Denmark,3104,Nutrient potash K2O (total),5159,Use per area of cropland,2009,2009,kg/ha,16.75,E,
54,'208,Denmark,3104,Nutrient potash K2O (total),5159,Use per area of cropland,2010,2010,kg/ha,25.64,E,
54,'208,Denmark,3104,Nutrient potash K2O (total),5159,Use per area of cropland,2011,2011,kg/ha,25.81,E,
54,'208,Denmark,3104,Nutrient potash K2O (total),5159,Use per area of cropland,2012,2012,kg/ha,19.39,E,
54,'208,Denmark,3104,Nutrient potash K2O (total),5159,Use per area of cropland,2013,2013,kg/ha,27.66,E,
54,'208,Denmark,3104,Nutrient potash K2O (total),5159,Use per area of cropland,2014,2014,kg/ha,25.94,E,
54,'208,Denmark,3104,Nutrient potash K2O (total),5159,Use per area of cropland,2015,2015,kg/ha,26.8,E,
54,'208,Denmark,3104,Nutrient potash K2O (total),5159,Use per area of cropland,2016,2016,kg/ha,23.96,E,
54,'208,Denmark,3104,Nutrient potash K2O (total),5159,Use per area of cropland,2017,2017,kg/ha,42.61,E,
54,'208,Denmark,3104,Nutrient potash K2O (total),5159,Use per area of cropland,2018,2018,kg/ha,26.32,E,
54,'208,Denmark,3104,Nutrient potash K2O (total),5159,Use per area of cropland,2019,2019,kg/ha,27.7,E,
54,'208,Denmark,3104,Nutrient potash K2O (total),5159,Use per area of cropland,2020,2020,kg/ha,36.65,E,
54,'208,Denmark,3104,Nutrient potash K2O (total),5159,Use per area of cropland,2021,2021,kg/ha,38.35,E,
54,'208,Denmark,3104,Nutrient potash K2O (total),5159,Use per area of cropland,2022,2022,kg/ha,26.74,E,
54,'208,Denmark,3104,Nutrient potash K2O (total),5159,Use per area of cropland,2023,2023,kg/ha,20.46,E,
54,'208,Denmark,3104,Nutrient potash K2O (total),5172,Use per capita,1961,1961,kg/cap,39.06,E,
54,'208,Denmark,3104,Nutrient potash K2O (total),5172,Use per capita,1962,1962,kg/cap,37.49,E,
54,'208,Denmark,3104,Nutrient potash K2O (total),5172,Use per capita,1963,1963,kg/cap,37.44,E,
54,'208,Denmark,3104,Nutrient potash K2O (total),5172,Use per capita,1964,1964,kg/cap,38.54,E,
54,'208,Denmark,3104,Nutrient potash K2O (total),5172,Use per capita,1965,1965,kg/cap,36.74,E,
54,'208,Denmark,3104,Nutrient potash K2O (total),5172,Use per capita,1966,1966,kg/cap,37.16,E,
54,'208,Denmark,3104,Nutrient potash K2O (total),5172,Use per capita,1967,1967,kg/cap,35.94,E,
54,'208,Denmark,3104,Nutrient potash K2O (total),5172,Use per capita,1968,1968,kg/cap,37.21,E,
54,'208,Denmark,3104,Nutrient potash K2O (total),5172,Use per capita,1969,1969,kg/cap,37.33,E,
54,'208,Denmark,3104,Nutrient potash K2O (total),5172,Use per capita,1970,1970,kg/cap,36.83,E,
54,'208,Denmark,3104,Nutrient potash K2O (total),5172,Use per capita,1971,1971,kg/cap,38.47,E,
54,'208,Denmark,3104,Nutrient potash K2O (total),5172,Use per capita,1972,1972,kg/cap,40.8,E,
54,'208,Denmark,3104,Nutrient potash K2O (total),5172,Use per capita,1973,1973,kg/cap,42.95,E,
54,'208,Denmark,3104,Nutrient potash K2O (total),5172,Use per capita,1974,1974,kg/cap,31.65,E,
54,'208,Denmark,3104,Nutrient potash K2O (total),5172,Use per capita,1975,1975,kg/cap,33.85,E,
54,'208,Denmark,3104,Nutrient potash K2O (total),5172,Use per capita,1976,1976,kg/cap,33.03,E,
54,'208,Denmark,3104,Nutrient potash K2O (total),5172,Use per capita,1977,1977,kg/cap,34.82,E,
54,'208,Denmark,3104,Nutrient potash K2O (total),5172,Use per capita,1978,1978,kg/cap,33.82,E,
54,'208,Denmark,3104,Nutrient potash K2O (total),5172,Use per capita,1979,1979,kg/cap,33.36,E,
54,'208,Denmark,3104,Nutrient potash K2O (total),5172,Use per capita,1980,1980,kg/cap,27.76,E,
54,'208,Denmark,3104,Nutrient potash K2O (total),5172,Use per capita,1981,1981,kg/cap,26.63,E,
54,'208,Denmark,3104,Nutrient potash K2O (total),5172,Use per capita,1982,1982,kg/cap,28.9,E,
54,'208,Denmark,3104,Nutrient potash K2O (total),5172,Use per capita,1983,1983,kg/cap,30.61,E,
54,'208,Denmark,3104,Nutrient potash K2O (total),5172,Use per capita,1984,1984,kg/cap,29.32,E,
54,'208,Denmark,3104,Nutrient potash K2O (total),5172,Use per capita,1985,1985,kg/cap,28.53,E,
54,'208,Denmark,3104,Nutrient potash K2O (total),5172,Use per capita,1986,1986,kg/cap,30.02,E,
54,'208,Denmark,3104,Nutrient potash K2O (total),5172,Use per capita,1987,1987,kg/cap,27.95,E,
54,'208,Denmark,3104,Nutrient potash K2O (total),5172,Use per capita,1988,1988,kg/cap,28.83,E,
54,'208,Denmark,3104,Nutrient potash K2O (total),5172,Use per capita,1989,1989,kg/cap,30.28,E,
54,'208,Denmark,3104,Nutrient potash K2O (total),5172,Use per capita,1990,1990,kg/cap,29.12,E,
54,'208,Denmark,3104,Nutrient potash K2O (total),5172,Use per capita,1991,1991,kg/cap,26.11,E,
54,'208,Denmark,3104,Nutrient potash K2O (total),5172,Use per capita,1992,1992,kg/cap,21.27,E,
54,'208,Denmark,3104,Nutrient potash K2O (total),5172,Use per capita,1993,1993,kg/cap,20.04,E,
54,'208,Denmark,3104,Nutrient potash K2O (total),5172,Use per capita,1994,1994,kg/cap,19.02,E,
54,'208,Denmark,3104,Nutrient potash K2O (total),5172,Use per capita,1995,1995,kg/cap,18.73,E,
54,'208,Denmark,3104,Nutrient potash K2O (total),5172,Use per capita,1996,1996,kg/cap,20.52,E,
54,'208,Denmark,3104,Nutrient potash K2O (total),5172,Use per capita,1997,1997,kg/cap,19.68,E,
54,'208,Denmark,3104,Nutrient potash K2O (total),5172,Use per capita,1998,1998,kg/cap,19.23,E,
54,'208,Denmark,3104,Nutrient potash K2O (total),5172,Use per capita,1999,1999,kg/cap,16.16,E,
54,'208,Denmark,3104,Nutrient potash K2O (total),5172,Use per capita,2000,2000,kg/cap,14.79,E,
54,'208,Denmark,3104,Nutrient potash K2O (total),5172,Use per capita,2001,2001,kg/cap,11.95,E,
54,'208,Denmark,3104,Nutrient potash K2O (total),5172,Use per capita,2002,2002,kg/cap,10.85,E,
54,'208,Denmark,3104,Nutrient potash K2O (total),5172,Use per capita,2003,2003,kg/cap,13.93,E,
54,'208,Denmark,3104,Nutrient potash K2O (total),5172,Use per capita,2004,2004,kg/cap,18.68,E,
54,'208,Denmark,3104,Nutrient potash K2O (total),5172,Use per capita,2005,2005,kg/cap,18.28,E,
54,'208,Denmark,3104,Nutrient potash K2O (total),5172,Use per capita,2006,2006,kg/cap,17.5,E,
54,'208,Denmark,3104,Nutrient potash K2O (total),5172,Use per capita,2007,2007,kg/cap,17.36,E,
54,'208,Denmark,3104,Nutrient potash K2O (total),5172,Use per capita,2008,2008,kg/cap,17.56,E,
54,'208,Denmark,3104,Nutrient potash K2O (total),5172,Use per capita,2009,2009,kg/cap,7.39,E,
54,'208,Denmark,3104,Nutrient potash K2O (total),5172,Use per capita,2010,2010,kg/cap,11.21,E,
54,'208,Denmark,3104,Nutrient potash K2O (total),5172,Use per capita,2011,2011,kg/cap,11.6,E,
54,'208,Denmark,3104,Nutrient potash K2O (total),5172,Use per capita,2012,2012,kg/cap,8.4,E,
54,'208,Denmark,3104,Nutrient potash K2O (total),5172,Use per capita,2013,2013,kg/cap,11.99,E,
54,'208,Denmark,3104,Nutrient potash K2O (total),5172,Use per capita,2014,2014,kg/cap,11.31,E,
54,'208,Denmark,3104,Nutrient potash K2O (total),5172,Use per capita,2015,2015,kg/cap,11.22,E,
54,'208,Denmark,3104,Nutrient potash K2O (total),5172,Use per capita,2016,2016,kg/cap,10.03,E,
54,'208,Denmark,3104,Nutrient potash K2O (total),5172,Use per capita,2017,2017,kg/cap,17.71,E,
54,'208,Denmark,3104,Nutrient potash K2O (total),5172,Use per capita,2018,2018,kg/cap,10.99,E,
54,'208,Denmark,3104,Nutrient potash K2O (total),5172,Use per capita,2019,2019,kg/cap,11.52,E,
54,'208,Denmark,3104,Nutrient potash K2O (total),5172,Use per capita,2020,2020,kg/cap,15.07,E,
54,'208,Denmark,3104,Nutrient potash K2O (total),5172,Use per capita,2021,2021,kg/cap,15.61,E,
54,'208,Denmark,3104,Nutrient potash K2O (total),5172,Use per capita,2022,2022,kg/cap,10.83,E,
54,'208,Denmark,3104,Nutrient potash K2O (total),5172,Use per capita,2023,2023,kg/cap,8.24,E,
54,'208,Denmark,3104,Nutrient potash K2O (total),5173,Use per value of agricultural production,1961,1961,g/Int$,29.08,E,
54,'208,Denmark,3104,Nutrient potash K2O (total),5173,Use per value of agricultural production,1962,1962,g/Int$,27.4,E,
54,'208,Denmark,3104,Nutrient potash K2O (total),5173,Use per value of agricultural production,1963,1963,g/Int$,27.98,E,
54,'208,Denmark,3104,Nutrient potash K2O (total),5173,Use per value of agricultural production,1964,1964,g/Int$,28.08,E,
54,'208,Denmark,3104,Nutrient potash K2O (total),5173,Use per value of agricultural production,1965,1965,g/Int$,27.09,E,
54,'208,Denmark,3104,Nutrient potash K2O (total),5173,Use per value of agricultural production,1966,1966,g/Int$,27.44,E,
54,'208,Denmark,3104,Nutrient potash K2O (total),5173,Use per value of agricultural production,1967,1967,g/Int$,26.4,E,
54,'208,Denmark,3104,Nutrient potash K2O (total),5173,Use per value of agricultural production,1968,1968,g/Int$,27.43,E,
54,'208,Denmark,3104,Nutrient potash K2O (total),5173,Use per value of agricultural production,1969,1969,g/Int$,28.93,E,
54,'208,Denmark,3104,Nutrient potash K2O (total),5173,Use per value of agricultural production,1970,1970,g/Int$,29.12,E,
54,'208,Denmark,3104,Nutrient potash K2O (total),5173,Use per value of agricultural production,1971,1971,g/Int$,29.98,E,
54,'208,Denmark,3104,Nutrient potash K2O (total),5173,Use per value of agricultural production,1972,1972,g/Int$,32.09,E,
54,'208,Denmark,3104,Nutrient potash K2O (total),5173,Use per value of agricultural production,1973,1973,g/Int$,33.53,E,
54,'208,Denmark,3104,Nutrient potash K2O (total),5173,Use per value of agricultural production,1974,1974,g/Int$,23.31,E,
54,'208,Denmark,3104,Nutrient potash K2O (total),5173,Use per value of agricultural production,1975,1975,g/Int$,25.95,E,
54,'208,Denmark,3104,Nutrient potash K2O (total),5173,Use per value of agricultural production,1976,1976,g/Int$,25.6,E,
54,'208,Denmark,3104,Nutrient potash K2O (total),5173,Use per value of agricultural production,1977,1977,g/Int$,24.97,E,
54,'208,Denmark,3104,Nutrient potash K2O (total),5173,Use per value of agricultural production,1978,1978,g/Int$,23.78,E,
54,'208,Denmark,3104,Nutrient potash K2O (total),5173,Use per value of agricultural production,1979,1979,g/Int$,22.67,E,
54,'208,Denmark,3104,Nutrient potash K2O (total),5173,Use per value of agricultural production,1980,1980,g/Int$,19.03,E,
54,'208,Denmark,3104,Nutrient potash K2O (total),5173,Use per value of agricultural production,1981,1981,g/Int$,18.0,E,
54,'208,Denmark,3104,Nutrient potash K2O (total),5173,Use per value of agricultural production,1982,1982,g/Int$,18.67,E,
54,'208,Denmark,3104,Nutrient potash K2O (total),5173,Use per value of agricultural production,1983,1983,g/Int$,20.27,E,
54,'208,Denmark,3104,Nutrient potash K2O (total),5173,Use per value of agricultural production,1984,1984,g/Int$,17.49,E,
54,'208,Denmark,3104,Nutrient potash K2O (total),5173,Use per value of agricultural production,1985,1985,g/Int$,17.36,E,
54,'208,Denmark,3104,Nutrient potash K2O (total),5173,Use per value of agricultural production,1986,1986,g/Int$,17.87,E,
54,'208,Denmark,3104,Nutrient potash K2O (total),5173,Use per value of agricultural production,1987,1987,g/Int$,17.57,E,
54,'208,Denmark,3104,Nutrient potash K2O (total),5173,Use per value of agricultural production,1988,1988,g/Int$,17.78,E,
54,'208,Denmark,3104,Nutrient potash K2O (total),5173,Use per value of agricultural production,1989,1989,g/Int$,18.17,E,
54,'208,Denmark,3104,Nutrient potash K2O (total),5173,Use per value of agricultural production,1990,1990,g/Int$,16.69,E,
54,'208,Denmark,3104,Nutrient potash K2O (total),5173,Use per value of agricultural production,1991,1991,g/Int$,15.11,E,
54,'208,Denmark,3104,Nutrient potash K2O (total),5173,Use per value of agricultural production,1992,1992,g/Int$,12.94,E,
54,'208,Denmark,3104,Nutrient potash K2O (total),5173,Use per value of agricultural production,1993,1993,g/Int$,11.43,E,
54,'208,Denmark,3104,Nutrient potash K2O (total),5173,Use per value of agricultural production,1994,1994,g/Int$,11.26,E,
54,'208,Denmark,3104,Nutrient potash K2O (total),5173,Use per value of agricultural production,1995,1995,g/Int$,10.81,E,
54,'208,Denmark,3104,Nutrient potash K2O (total),5173,Use per value of agricultural production,1996,1996,g/Int$,11.95,E,
54,'208,Denmark,3104,Nutrient potash K2O (total),5173,Use per value of agricultural production,1997,1997,g/Int$,11.32,E,
54,'208,Denmark,3104,Nutrient potash K2O (total),5173,Use per value of agricultural production,1998,1998,g/Int$,10.89,E,
54,'208,Denmark,3104,Nutrient potash K2O (total),5173,Use per value of agricultural production,1999,1999,g/Int$,9.33,E,
54,'208,Denmark,3104,Nutrient potash K2O (total),5173,Use per value of agricultural production,2000,2000,g/Int$,8.53,E,
54,'208,Denmark,3104,Nutrient potash K2O (total),5173,Use per value of agricultural production,2001,2001,g/Int$,6.86,E,
54,'208,Denmark,3104,Nutrient potash K2O (total),5173,Use per value of agricultural production,2002,2002,g/Int$,6.27,E,
54,'208,Denmark,3104,Nutrient potash K2O (total),5173,Use per value of agricultural production,2003,2003,g/Int$,7.99,E,
54,'208,Denmark,3104,Nutrient potash K2O (total),5173,Use per value of agricultural production,2004,2004,g/Int$,10.58,E,
54,'208,Denmark,3104,Nutrient potash K2O (total),5173,Use per value of agricultural production,2005,2005,g/Int$,10.52,E,
54,'208,Denmark,3104,Nutrient potash K2O (total),5173,Use per value of agricultural production,2006,2006,g/Int$,10.45,E,
54,'208,Denmark,3104,Nutrient potash K2O (total),5173,Use per value of agricultural production,2007,2007,g/Int$,10.23,E,
54,'208,Denmark,3104,Nutrient potash K2O (total),5173,Use per value of agricultural production,2008,2008,g/Int$,10.32,E,
54,'208,Denmark,3104,Nutrient potash K2O (total),5173,Use per value of agricultural production,2009,2009,g/Int$,4.36,E,
54,'208,Denmark,3104,Nutrient potash K2O (total),5173,Use per value of agricultural production,2010,2010,g/Int$,6.72,E,
54,'208,Denmark,3104,Nutrient potash K2O (total),5173,Use per value of agricultural production,2011,2011,g/Int$,6.87,E,
54,'208,Denmark,3104,Nutrient potash K2O (total),5173,Use per value of agricultural production,2012,2012,g/Int$,4.99,E,
54,'208,Denmark,3104,Nutrient potash K2O (total),5173,Use per value of agricultural production,2013,2013,g/Int$,7.25,E,
54,'208,Denmark,3104,Nutrient potash K2O (total),5173,Use per value of agricultural production,2014,2014,g/Int$,6.7,E,
54,'208,Denmark,3104,Nutrient potash K2O (total),5173,Use per value of agricultural production,2015,2015,g/Int$,6.6,E,
54,'208,Denmark,3104,Nutrient potash K2O (total),5173,Use per value of agricultural production,2016,2016,g/Int$,6.1,E,
54,'208,Denmark,3104,Nutrient potash K2O (total),5173,Use per value of agricultural production,2017,2017,g/Int$,10.49,E,
54,'208,Denmark,3104,Nutrient potash K2O (total),5173,Use per value of agricultural production,2018,2018,g/Int$,7.19,E,
54,'208,Denmark,3104,Nutrient potash K2O (total),5173,Use per value of agricultural production,2019,2019,g/Int$,6.99,E,
54,'208,Denmark,3104,Nutrient potash K2O (total),5173,Use per value of agricultural production,2020,2020,g/Int$,8.98,E,
54,'208,Denmark,3104,Nutrient potash K2O (total),5173,Use per value of agricultural production,2021,2021,g/Int$,9.31,E,
54,'208,Denmark,3104,Nutrient potash K2O (total),5173,Use per value of agricultural production,2022,2022,g/Int$,6.46,E,
54,'208,Denmark,3104,Nutrient potash K2O (total),5173,Use per value of agricultural production,2023,2023,g/Int$,5.6,E,
68,'250,France,3102,Nutrient nitrogen N (total),5510,Production,1961,1961,t,772600.0,A,Official data from questionnaire
68,'250,France,3102,Nutrient nitrogen N (total),5510,Production,1962,1962,t,745859.0,A,Official data from questionnaire
68,'250,France,3102,Nutrient nitrogen N (total),5510,Production,1963,1963,t,912503.0,A,Official data from questionnaire
68,'250,France,3102,Nutrient nitrogen N (total),5510,Production,1964,1964,t,1081900.0,A,Official data from questionnaire
68,'250,France,3102,Nutrient nitrogen N (total),5510,Production,1965,1965,t,1066000.0,A,Official data from questionnaire
68,'250,France,3102,Nutrient nitrogen N (total),5510,Production,1966,1966,t,1223500.0,A,Official data from questionnaire
68,'250,France,3102,Nutrient nitrogen N (total),5510,Production,1967,1967,t,1239537.0,A,Official data from questionnaire
68,'250,France,3102,Nutrient nitrogen N (total),5510,Production,1968,1968,t,1367825.0,A,Official data from questionnaire
68,'250,France,3102,Nutrient nitrogen N (total),5510,Production,1969,1969,t,1313122.0,A,Official data from questionnaire
68,'250,France,3102,Nutrient nitrogen N (total),5510,Production,1970,1970,t,1351069.0,A,Official data from questionnaire
68,'250,France,3102,Nutrient nitrogen N (total),5510,Production,1971,1971,t,1416802.0,A,Official data from questionnaire
68,'250,France,3102,Nutrient nitrogen N (total),5510,Production,1972,1972,t,1476486.0,A,Official data from questionnaire
68,'250,France,3102,Nutrient nitrogen N (total),5510,Production,1973,1973,t,1642300.0,A,Official data from questionnaire
68,'250,France,3102,Nutrient nitrogen N (total),5510,Production,1974,1974,t,1694100.0,A,Official data from questionnaire
68,'250,France,3102,Nutrient nitrogen N (total),5510,Production,1975,1975,t,1361000.0,A,Official data from questionnaire
68,'250,France,3102,Nutrient nitrogen N (total),5510,Production,1976,1976,t,1462000.0,X,Data sourced from another international organization
68,'250,France,3102,Nutrient nitrogen N (total),5510,Production,1977,1977,t,1470000.0,X,Data sourced from another international organization
68,'250,France,3102,Nutrient nitrogen N (total),5510,Production,1978,1978,t,1781000.0,X,Data sourced from another international organization
68,'250,France,3102,Nutrient nitrogen N (total),5510,Production,1979,1979,t,1780000.0,X,Data sourced from another international organization
68,'250,France,3102,Nutrient nitrogen N (total),5510,Production,1980,1980,t,1640200.0,X,Data sourced from another international organization
68,'250,France,3102,Nutrient nitrogen N (total),5510,Production,1981,1981,t,1553000.0,X,Data sourced from another international organization
68,'250,France,3102,Nutrient nitrogen N (total),5510,Production,1982,1982,t,1583000.0,X,Data sourced from another international organization
68,'250,France,3102,Nutrient nitrogen N (total),5510,Production,1983,1983,t,1728000.0,X,Data sourced from another international organization
68,'250,France,3102,Nutrient nitrogen N (total),5510,Production,1984,1984,t,1779000.0,X,Data sourced from another international organization
68,'250,France,3102,Nutrient nitrogen N (total),5510,Production,1985,1985,t,1628000.0,X,Data sourced from another international organization
68,'250,France,3102,Nutrient nitrogen N (total),5510,Production,1986,1986,t,1704000.0,X,Data sourced from another international organization
68,'250,France,3102,Nutrient nitrogen N (total),5510,Production,1987,1987,t,1540000.0,X,Data sourced from another international organization
68,'250,France,3102,Nutrient nitrogen N (total),5510,Production,1988,1988,t,1675000.0,A,Official data from questionnaire
68,'250,France,3102,Nutrient nitrogen N (total),5510,Production,1989,1989,t,1572000.0,A,Official data from questionnaire
68,'250,France,3102,Nutrient nitrogen N (total),5510,Production,1990,1990,t,1524000.0,A,Official data from questionnaire
68,'250,France,3102,Nutrient nitrogen N (total),5510,Production,1991,1991,t,1636000.0,A,Official data from questionnaire
68,'250,France,3102,Nutrient nitrogen N (total),5510,Production,1992,1992,t,1333000.0,A,Official data from questionnaire
68,'250,France,3102,Nutrient nitrogen N (total),5510,Production,1993,1993,t,1524000.0,A,Official data from questionnaire
68,'250,France,3102,Nutrient nitrogen N (total),5510,Production,1994,1994,t,1493000.0,X,Data sourced from another international organization
68,'250,France,3102,Nutrient nitrogen N (total),5510,Production,1995,1995,t,1490000.0,X,Data sourced from another international organization
68,'250,France,3102,Nutrient nitrogen N (total),5510,Production,1996,1996,t,1616000.0,X,Data sourced from another international organization
68,'250,France,3102,Nutrient nitrogen N (total),5510,Production,1997,1997,t,1484000.0,X,Data sourced from another international organization
68,'250,France,3102,Nutrient nitrogen N (total),5510,Production,1998,1998,t,1436000.0,X,Data sourced from another international organization
68,'250,France,3102,Nutrient nitrogen N (total),5510,Production,1999,1999,t,1422800.0,X,Data sourced from another international organization
68,'250,France,3102,Nutrient nitrogen N (total),5510,Production,2000,2000,t,983000.0,X,Data sourced from another international organization
68,'250,France,3102,Nutrient nitrogen N (total),5510,Production,2001,2001,t,1106000.0,X,Data sourced from another international organization
68,'250,France,3102,Nutrient nitrogen N (total),5510,Production,2002,2002,t,1101414.37,I,
68,'250,France,3102,Nutrient nitrogen N (total),5510,Production,2003,2003,t,1030127.14,I,
68,'250,France,3102,Nutrient nitrogen N (total),5510,Production,2004,2004,t,1074917.74,I,
68,'250,France,3102,Nutrient nitrogen N (total),5510,Production,2005,2005,t,985119.09,I,
68,'250,France,3102,Nutrient nitrogen N (total),5510,Production,2006,2006,t,1430539.14,I,
68,'250,France,3102,Nutrient nitrogen N (total),5510,Production,2007,2007,t,1792211.75,I,
68,'250,France,3102,Nutrient nitrogen N (total),5510,Production,2008,2008,t,1553683.99,I,
68,'250,France,3102,Nutrient nitrogen N (total),5510,Production,2009,2009,t,1360195.49,I,
68,'250,France,3102,Nutrient nitrogen N (total),5510,Production,2010,2010,t,1358154.38,I,
68,'250,France,3102,Nutrient nitrogen N (total),5510,Production,2011,2011,t,324190.98,I,
68,'250,France,3102,Nutrient nitrogen N (total),5510,Production,2012,2012,t,345291.89,I,
68,'250,France,3102,Nutrient nitrogen N (total),5510,Production,2013,2013,t,524849.62,I,
68,'250,France,3102,Nutrient nitrogen N (total),5510,Production,2014,2014,t,279091.48,I,
68,'250,France,3102,Nutrient nitrogen N (total),5510,Production,2015,2015,t,469045.1,I,
68,'250,France,3102,Nutrient nitrogen N (total),5510,Production,2016,2016,t,361926.38,I,
68,'250,France,3102,Nutrient nitrogen N (total),5510,Production,2017,2017,t,354212.38,I,
68,'250,France,3102,Nutrient nitrogen N (total),5510,Production,2018,2018,t,501720.2,I,
68,'250,France,3102,Nutrient nitrogen N (total),5510,Production,2019,2019,t,406491.36,I,
68,'250,France,3102,Nutrient nitrogen N (total),5510,Production,2020,2020,t,0.0,A,Official data from questionnaire
68,'250,France,3102,Nutrient nitrogen N (total),5510,Production,2021,2021,t,205863.86,I,
68,'250,France,3102,Nutrient nitrogen N (total),5510,Production,2022,2022,t,30905.67,I,
68,'250,France,3102,Nutrient nitrogen N (total),5510,Production,2023,2023,t,30905.67,I,
68,'250,France,3102,Nutrient nitrogen N (total),5610,Import quantity,1961,1961,t,17654.0,A,Official data from questionnaire
68,'250,France,3102,Nutrient nitrogen N (total),5610,Import quantity,1962,1962,t,14401.0,A,Official data from questionnaire
68,'250,France,3102,Nutrient nitrogen N (total),5610,Import quantity,1963,1963,t,13272.0,A,Official data from questionnaire
68,'250,France,3102,Nutrient nitrogen N (total),5610,Import quantity,1964,1964,t,58500.0,A,Official data from questionnaire
68,'250,France,3102,Nutrient nitrogen N (total),5610,Import quantity,1965,1965,t,45900.0,A,Official data from questionnaire
68,'250,France,3102,Nutrient nitrogen N (total),5610,Import quantity,1966,1966,t,66000.0,A,Official data from questionnaire
68,'250,France,3102,Nutrient nitrogen N (total),5610,Import quantity,1967,1967,t,63156.0,A,Official data from questionnaire
68,'250,France,3102,Nutrient nitrogen N (total),5610,Import quantity,1968,1968,t,103658.0,A,Official data from questionnaire
68,'250,France,3102,Nutrient nitrogen N (total),5610,Import quantity,1969,1969,t,114003.0,A,Official data from questionnaire
68,'250,France,3102,Nutrient nitrogen N (total),5610,Import quantity,1970,1970,t,207908.0,A,Official data from questionnaire
68,'250,France,3102,Nutrient nitrogen N (total),5610,Import quantity,1971,1971,t,226088.0,A,Official data from questionnaire
68,'250,France,3102,Nutrient nitrogen N (total),5610,Import quantity,1972,1972,t,255949.0,A,Official data from questionnaire
68,'250,France,3102,Nutrient nitrogen N (total),5610,Import quantity,1973,1973,t,386000.0,X,Data sourced from another international organization
68,'250,France,3102,Nutrient nitrogen N (total),5610,Import quantity,1974,1974,t,257000.0,X,Data sourced from another international organization
68,'250,France,3102,Nutrient nitrogen N (total),5610,Import quantity,1975,1975,t,476000.0,X,Data sourced from another international organization
68,'250,France,3102,Nutrient nitrogen N (total),5610,Import quantity,1976,1976,t,496000.0,X,Data sourced from another international organization
68,'250,France,3102,Nutrient nitrogen N (total),5610,Import quantity,1977,1977,t,476000.0,X,Data sourced from another international organization
68,'250,France,3102,Nutrient nitrogen N (total),5610,Import quantity,1978,1978,t,545000.0,X,Data sourced from another international organization
68,'250,France,3102,Nutrient nitrogen N (total),5610,Import quantity,1979,1979,t,696700.0,X,Data sourced from another international organization
68,'250,France,3102,Nutrient nitrogen N (total),5610,Import quantity,1980,1980,t,756000.0,X,Data sourced from another international organization
68,'250,France,3102,Nutrient nitrogen N (total),5610,Import quantity,1981,1981,t,827000.0,X,Data sourced from another international organization
68,'250,France,3102,Nutrient nitrogen N (total),5610,Import quantity,1982,1982,t,814000.0,X,Data sourced from another international organization
68,'250,France,3102,Nutrient nitrogen N (total),5610,Import quantity,1983,1983,t,805000.0,X,Data sourced from another international organization
68,'250,France,3102,Nutrient nitrogen N (total),5610,Import quantity,1984,1984,t,776000.0,X,Data sourced from another international organization
68,'250,France,3102,Nutrient nitrogen N (total),5610,Import quantity,1985,1985,t,942000.0,X,Data sourced from another international organization
68,'250,France,3102,Nutrient nitrogen N (total),5610,Import quantity,1986,1986,t,1058000.0,X,Data sourced from another international organization
68,'250,France,3102,Nutrient nitrogen N (total),5610,Import quantity,1987,1987,t,1232000.0,X,Data sourced from another international organization
68,'250,France,3102,Nutrient nitrogen N (total),5610,Import quantity,1988,1988,t,1425000.0,A,Official data from questionnaire
68,'250,France,3102,Nutrient nitrogen N (total),5610,Import quantity,1989,1989,t,1529000.0,A,Official data from questionnaire
68,'250,France,3102,Nutrient nitrogen N (total),5610,Import quantity,1990,1990,t,1384000.0,A,Official data from questionnaire
68,'250,France,3102,Nutrient nitrogen N (total),5610,Import quantity,1991,1991,t,1404000.0,A,Official data from questionnaire
68,'250,France,3102,Nutrient nitrogen N (total),5610,Import quantity,1992,1992,t,1301000.0,A,Official data from questionnaire
68,'250,France,3102,Nutrient nitrogen N (total),5610,Import quantity,1993,1993,t,1185000.0,A,Official data from questionnaire
68,'250,France,3102,Nutrient nitrogen N (total),5610,Import quantity,1994,1994,t,1281000.0,A,Official data from questionnaire
68,'250,France,3102,Nutrient nitrogen N (total),5610,Import quantity,1995,1995,t,1294000.0,X,Data sourced from another international organization
68,'250,France,3102,Nutrient nitrogen N (total),5610,Import quantity,1996,1996,t,1348000.0,X,Data sourced from another international organization
68,'250,France,3102,Nutrient nitrogen N (total),5610,Import quantity,1997,1997,t,1354000.0,X,Data sourced from another international organization
68,'250,France,3102,Nutrient nitrogen N (total),5610,Import quantity,1998,1998,t,1498000.0,X,Data sourced from another international organization
68,'250,France,3102,Nutrient nitrogen N (total),5610,Import quantity,1999,1999,t,1371900.0,X,Data sourced from another international organization
68,'250,France,3102,Nutrient nitrogen N (total),5610,Import quantity,2000,2000,t,1489000.0,X,Data sourced from another international organization
68,'250,France,3102,Nutrient nitrogen N (total),5610,Import quantity,2001,2001,t,1411000.0,X,Data sourced from another international organization
68,'250,France,3102,Nutrient nitrogen N (total),5610,Import quantity,2002,2002,t,1227353.34,I,
68,'250,France,3102,Nutrient nitrogen N (total),5610,Import quantity,2003,2003,t,1588505.97,I,
68,'250,France,3102,Nutrient nitrogen N (total),5610,Import quantity,2004,2004,t,1478691.15,I,
68,'250,France,3102,Nutrient nitrogen N (total),5610,Import quantity,2005,2005,t,1458910.51,I,
68,'250,France,3102,Nutrient nitrogen N (total),5610,Import quantity,2006,2006,t,878683.5,I,
68,'250,France,3102,Nutrient nitrogen N (total),5610,Import quantity,2007,2007,t,734651.67,I,
68,'250,France,3102,Nutrient nitrogen N (total),5610,Import quantity,2008,2008,t,756966.15,I,
68,'250,France,3102,Nutrient nitrogen N (total),5610,Import quantity,2009,2009,t,636821.1,I,
68,'250,France,3102,Nutrient nitrogen N (total),5610,Import quantity,2010,2010,t,777055.14,I,
68,'250,France,3102,Nutrient nitrogen N (total),5610,Import quantity,2011,2011,t,1843038.67,I,
68,'250,France,3102,Nutrient nitrogen N (total),5610,Import quantity,2012,2012,t,1917589.33,I,
68,'250,France,3102,Nutrient nitrogen N (total),5610,Import quantity,2013,2013,t,1911594.1,I,
68,'250,France,3102,Nutrient nitrogen N (total),5610,Import quantity,2014,2014,t,2135356.04,I,
68,'250,France,3102,Nutrient nitrogen N (total),5610,Import quantity,2015,2015,t,2058024.18,I,
68,'250,France,3102,Nutrient nitrogen N (total),5610,Import quantity,2016,2016,t,2118241.93,I,
68,'250,France,3102,Nutrient nitrogen N (total),5610,Import quantity,2017,2017,t,2146821.51,I,
68,'250,France,3102,Nutrient nitrogen N (total),5610,Import quantity,2018,2018,t,1993431.1,I,
68,'250,France,3102,Nutrient nitrogen N (total),5610,Import quantity,2019,2019,t,1940313.8,I,
68,'250,France,3102,Nutrient nitrogen N (total),5610,Import quantity,2020,2020,t,1888210.64,I,
68,'250,France,3102,Nutrient nitrogen N (total),5610,Import quantity,2021,2021,t,1878856.31,I,
68,'250,France,3102,Nutrient nitrogen N (total),5610,Import quantity,2022,2022,t,1977236.9,I,
68,'250,France,3102,Nutrient nitrogen N (total),5610,Import quantity,2023,2023,t,1769326.44,I,
68,'250,France,3102,Nutrient nitrogen N (total),5910,Export quantity,1961,1961,t,89200.0,A,Official data from questionnaire
68,'250,France,3102,Nutrient nitrogen N (total),5910,Export quantity,1962,1962,t,129113.0,A,Official data from questionnaire
68,'250,France,3102,Nutrient nitrogen N (total),5910,Export quantity,1963,1963,t,193497.0,A,Official data from questionnaire
68,'250,France,3102,Nutrient nitrogen N (total),5910,Export quantity,1964,1964,t,158500.0,A,Official data from questionnaire
68,'250,France,3102,Nutrient nitrogen N (total),5910,Export quantity,1965,1965,t,206100.0,A,Official data from questionnaire
68,'250,France,3102,Nutrient nitrogen N (total),5910,Export quantity,1966,1966,t,334882.0,A,Official data from questionnaire
68,'250,France,3102,Nutrient nitrogen N (total),5910,Export quantity,1967,1967,t,253572.0,A,Official data from questionnaire
68,'250,France,3102,Nutrient nitrogen N (total),5910,Export quantity,1968,1968,t,220376.0,A,Official data from questionnaire
68,'250,France,3102,Nutrient nitrogen N (total),5910,Export quantity,1969,1969,t,238858.0,A,Official data from questionnaire
68,'250,France,3102,Nutrient nitrogen N (total),5910,Export quantity,1970,1970,t,191571.0,A,Official data from questionnaire
68,'250,France,3102,Nutrient nitrogen N (total),5910,Export quantity,1971,1971,t,163433.0,A,Official data from questionnaire
68,'250,France,3102,Nutrient nitrogen N (total),5910,Export quantity,1972,1972,t,193291.0,A,Official data from questionnaire
68,'250,France,3102,Nutrient nitrogen N (total),5910,Export quantity,1973,1973,t,187406.0,A,Official data from questionnaire
68,'250,France,3102,Nutrient nitrogen N (total),5910,Export quantity,1974,1974,t,278000.0,X,Data sourced from another international organization
68,'250,France,3102,Nutrient nitrogen N (total),5910,Export quantity,1975,1975,t,196000.0,X,Data sourced from another international organization
68,'250,France,3102,Nutrient nitrogen N (total),5910,Export quantity,1976,1976,t,155000.0,X,Data sourced from another international organization
68,'250,France,3102,Nutrient nitrogen N (total),5910,Export quantity,1977,1977,t,251000.0,X,Data sourced from another international organization
68,'250,France,3102,Nutrient nitrogen N (total),5910,Export quantity,1978,1978,t,314000.0,X,Data sourced from another international organization
68,'250,France,3102,Nutrient nitrogen N (total),5910,Export quantity,1979,1979,t,303900.0,X,Data sourced from another international organization
68,'250,France,3102,Nutrient nitrogen N (total),5910,Export quantity,1980,1980,t,250000.0,X,Data sourced from another international organization
68,'250,France,3102,Nutrient nitrogen N (total),5910,Export quantity,1981,1981,t,187000.0,X,Data sourced from another international organization
68,'250,France,3102,Nutrient nitrogen N (total),5910,Export quantity,1982,1982,t,200000.0,X,Data sourced from another international organization
68,'250,France,3102,Nutrient nitrogen N (total),5910,Export quantity,1983,1983,t,213000.0,X,Data sourced from another international organization
68,'250,France,3102,Nutrient nitrogen N (total),5910,Export quantity,1984,1984,t,218000.0,X,Data sourced from another international organization
68,'250,France,3102,Nutrient nitrogen N (total),5910,Export quantity,1985,1985,t,162000.0,X,Data sourced from another international organization
68,'250,France,3102,Nutrient nitrogen N (total),5910,Export quantity,1986,1986,t,192000.0,X,Data sourced from another international organization
68,'250,France,3102,Nutrient nitrogen N (total),5910,Export quantity,1987,1987,t,216000.0,X,Data sourced from another international organization
68,'250,France,3102,Nutrient nitrogen N (total),5910,Export quantity,1988,1988,t,299000.0,A,Official data from questionnaire
68,'250,France,3102,Nutrient nitrogen N (total),5910,Export quantity,1989,1989,t,242000.0,A,Official data from questionnaire
68,'250,France,3102,Nutrient nitrogen N (total),5910,Export quantity,1990,1990,t,271000.0,A,Official data from questionnaire
68,'250,France,3102,Nutrient nitrogen N (total),5910,Export quantity,1991,1991,t,292000.0,A,Official data from questionnaire
68,'250,France,3102,Nutrient nitrogen N (total),5910,Export quantity,1992,1992,t,324000.0,A,Official data from questionnaire
68,'250,France,3102,Nutrient nitrogen N (total),5910,Export quantity,1993,1993,t,321000.0,A,Official data from questionnaire
68,'250,France,3102,Nutrient nitrogen N (total),5910,Export quantity,1994,1994,t,240000.0,X,Data sourced from another international organization
68,'250,France,3102,Nutrient nitrogen N (total),5910,Export quantity,1995,1995,t,334000.0,X,Data sourced from another international organization
68,'250,France,3102,Nutrient nitrogen N (total),5910,Export quantity,1996,1996,t,240000.0,X,Data sourced from another international organization
68,'250,France,3102,Nutrient nitrogen N (total),5910,Export quantity,1997,1997,t,184000.0,X,Data sourced from another international organization
68,'250,France,3102,Nutrient nitrogen N (total),5910,Export quantity,1998,1998,t,281000.0,X,Data sourced from another international organization
68,'250,France,3102,Nutrient nitrogen N (total),5910,Export quantity,1999,1999,t,306400.0,X,Data sourced from another international organization
68,'250,France,3102,Nutrient nitrogen N (total),5910,Export quantity,2000,2000,t,156000.0,X,Data sourced from another international organization
68,'250,France,3102,Nutrient nitrogen N (total),5910,Export quantity,2001,2001,t,92000.0,X,Data sourced from another international organization
68,'250,France,3102,Nutrient nitrogen N (total),5910,Export quantity,2002,2002,t,125567.71,I,
68,'250,France,3102,Nutrient nitrogen N (total),5910,Export quantity,2003,2003,t,243233.12,I,
68,'250,France,3102,Nutrient nitrogen N (total),5910,Export quantity,2004,2004,t,229608.89,I,
68,'250,France,3102,Nutrient nitrogen N (total),5910,Export quantity,2005,2005,t,239029.6,I,
68,'250,France,3102,Nutrient nitrogen N (total),5910,Export quantity,2006,2006,t,104557.63,I,
68,'250,France,3102,Nutrient nitrogen N (total),5910,Export quantity,2007,2007,t,124863.42,I,
68,'250,France,3102,Nutrient nitrogen N (total),5910,Export quantity,2008,2008,t,211650.14,I,
68,'250,France,3102,Nutrient nitrogen N (total),5910,Export quantity,2009,2009,t,96196.59,I,
68,'250,France,3102,Nutrient nitrogen N (total),5910,Export quantity,2010,2010,t,92209.52,I,
68,'250,France,3102,Nutrient nitrogen N (total),5910,Export quantity,2011,2011,t,222779.65,I,
68,'250,France,3102,Nutrient nitrogen N (total),5910,Export quantity,2012,2012,t,237952.22,I,
68,'250,France,3102,Nutrient nitrogen N (total),5910,Export quantity,2013,2013,t,268002.71,I,
68,'250,France,3102,Nutrient nitrogen N (total),5910,Export quantity,2014,2014,t,254970.52,I,
68,'250,France,3102,Nutrient nitrogen N (total),5910,Export quantity,2015,2015,t,287227.29,I,
68,'250,France,3102,Nutrient nitrogen N (total),5910,Export quantity,2016,2016,t,288441.31,I,
68,'250,France,3102,Nutrient nitrogen N (total),5910,Export quantity,2017,2017,t,267152.89,I,
68,'250,France,3102,Nutrient nitrogen N (total),5910,Export quantity,2018,2018,t,325416.32,I,
68,'250,France,3102,Nutrient nitrogen N (total),5910,Export quantity,2019,2019,t,322007.15,I,
68,'250,France,3102,Nutrient nitrogen N (total),5910,Export quantity,2020,2020,t,304424.19,I,
68,'250,France,3102,Nutrient nitrogen N (total),5910,Export quantity,2021,2021,t,243033.65,I,
68,'250,France,3102,Nutrient nitrogen N (total),5910,Export quantity,2022,2022,t,289075.77,I,
68,'250,France,3102,Nutrient nitrogen N (total),5910,Export quantity,2023,2023,t,233892.83,I,
68,'250,France,3102,Nutrient nitrogen N (total),5157,Agricultural Use,1961,1961,t,624700.0,A,Official data from questionnaire
68,'250,France,3102,Nutrient nitrogen N (total),5157,Agricultural Use,1962,1962,t,682821.0,A,Official data from questionnaire
68,'250,France,3102,Nutrient nitrogen N (total),5157,Agricultural Use,1963,1963,t,790672.0,A,Official data from questionnaire
68,'250,France,3102,Nutrient nitrogen N (total),5157,Agricultural Use,1964,1964,t,860500.0,A,Official data from questionnaire
68,'250,France,3102,Nutrient nitrogen N (total),5157,Agricultural Use,1965,1965,t,870600.0,A,Official data from questionnaire
68,'250,France,3102,Nutrient nitrogen N (total),5157,Agricultural Use,1966,1966,t,990017.0,A,Official data from questionnaire
68,'250,France,3102,Nutrient nitrogen N (total),5157,Agricultural Use,1967,1967,t,1133068.0,A,Official data from questionnaire
68,'250,France,3102,Nutrient nitrogen N (total),5157,Agricultural Use,1968,1968,t,1243125.0,A,Official data from questionnaire
68,'250,France,3102,Nutrient nitrogen N (total),5157,Agricultural Use,1969,1969,t,1241347.0,A,Official data from questionnaire
68,'250,France,3102,Nutrient nitrogen N (total),5157,Agricultural Use,1970,1970,t,1453446.0,A,Official data from questionnaire
68,'250,France,3102,Nutrient nitrogen N (total),5157,Agricultural Use,1971,1971,t,1524827.0,A,Official data from questionnaire
68,'250,France,3102,Nutrient nitrogen N (total),5157,Agricultural Use,1972,1972,t,1588051.0,A,Official data from questionnaire
68,'250,France,3102,Nutrient nitrogen N (total),5157,Agricultural Use,1973,1973,t,1833083.0,A,Official data from questionnaire
68,'250,France,3102,Nutrient nitrogen N (total),5157,Agricultural Use,1974,1974,t,1554800.0,A,Official data from questionnaire
68,'250,France,3102,Nutrient nitrogen N (total),5157,Agricultural Use,1975,1975,t,1707800.0,A,Official data from questionnaire
68,'250,France,3102,Nutrient nitrogen N (total),5157,Agricultural Use,1976,1976,t,1815000.0,X,Data sourced from another international organization
68,'250,France,3102,Nutrient nitrogen N (total),5157,Agricultural Use,1977,1977,t,1831700.0,X,Data sourced from another international organization
68,'250,France,3102,Nutrient nitrogen N (total),5157,Agricultural Use,1978,1978,t,1978000.0,A,Official data from questionnaire
68,'250,France,3102,Nutrient nitrogen N (total),5157,Agricultural Use,1979,1979,t,2134800.0,A,Official data from questionnaire
68,'250,France,3102,Nutrient nitrogen N (total),5157,Agricultural Use,1980,1980,t,2146500.0,X,Data sourced from another international organization
68,'250,France,3102,Nutrient nitrogen N (total),5157,Agricultural Use,1981,1981,t,2193000.0,X,Data sourced from another international organization
68,'250,France,3102,Nutrient nitrogen N (total),5157,Agricultural Use,1982,1982,t,2196000.0,X,Data sourced from another international organization
68,'250,France,3102,Nutrient nitrogen N (total),5157,Agricultural Use,1983,1983,t,2320000.0,X,Data sourced from another international organization
68,'250,France,3102,Nutrient nitrogen N (total),5157,Agricultural Use,1984,1984,t,2337000.0,X,Data sourced from another international organization
68,'250,France,3102,Nutrient nitrogen N (total),5157,Agricultural Use,1985,1985,t,2408000.0,X,Data sourced from another international organization
68,'250,France,3102,Nutrient nitrogen N (total),5157,Agricultural Use,1986,1986,t,2568400.0,X,Data sourced from another international organization
68,'250,France,3102,Nutrient nitrogen N (total),5157,Agricultural Use,1987,1987,t,2557100.0,X,Data sourced from another international organization
68,'250,France,3102,Nutrient nitrogen N (total),5157,Agricultural Use,1988,1988,t,2605000.0,A,Official data from questionnaire
68,'250,France,3102,Nutrient nitrogen N (total),5157,Agricultural Use,1989,1989,t,2660000.0,A,Official data from questionnaire
68,'250,France,3102,Nutrient nitrogen N (total),5157,Agricultural Use,1990,1990,t,2492000.0,A,Official data from questionnaire
68,'250,France,3102,Nutrient nitrogen N (total),5157,Agricultural Use,1991,1991,t,2569000.0,A,Official data from questionnaire
68,'250,France,3102,Nutrient nitrogen N (total),5157,Agricultural Use,1992,1992,t,2154000.0,A,Official data from questionnaire
68,'250,France,3102,Nutrient nitrogen N (total),5157,Agricultural Use,1993,1993,t,2222000.0,A,Official data from questionnaire
68,'250,France,3102,Nutrient nitrogen N (total),5157,Agricultural Use,1994,1994,t,2308300.0,A,Official data from questionnaire
68,'250,France,3102,Nutrient nitrogen N (total),5157,Agricultural Use,1995,1995,t,2391700.0,A,Official data from questionnaire
68,'250,France,3102,Nutrient nitrogen N (total),5157,Agricultural Use,1996,1996,t,2523900.0,A,Official data from questionnaire
68,'250,France,3102,Nutrient nitrogen N (total),5157,Agricultural Use,1997,1997,t,2513100.0,X,Data sourced from another international organization
68,'250,France,3102,Nutrient nitrogen N (total),5157,Agricultural Use,1998,1998,t,2488100.0,X,Data sourced from another international organization
68,'250,France,3102,Nutrient nitrogen N (total),5157,Agricultural Use,1999,1999,t,2571400.0,X,Data sourced from another international organization
68,'250,France,3102,Nutrient nitrogen N (total),5157,Agricultural Use,2000,2000,t,2316300.0,X,Data sourced from another international organization
68,'250,France,3102,Nutrient nitrogen N (total),5157,Agricultural Use,2001,2001,t,2397000.0,X,Data sourced from another international organization
68,'250,France,3102,Nutrient nitrogen N (total),5157,Agricultural Use,2002,2002,t,2203200.0,A,Official data from questionnaire
68,'250,France,3102,Nutrient nitrogen N (total),5157,Agricultural Use,2003,2003,t,2375400.0,A,Official data from questionnaire
68,'250,France,3102,Nutrient nitrogen N (total),5157,Agricultural Use,2004,2004,t,2324000.0,A,Official data from questionnaire
68,'250,France,3102,Nutrient nitrogen N (total),5157,Agricultural Use,2005,2005,t,2205000.0,A,Official data from questionnaire
68,'250,France,3102,Nutrient nitrogen N (total),5157,Agricultural Use,2006,2006,t,2204665.0,A,Official data from questionnaire
68,'250,France,3102,Nutrient nitrogen N (total),5157,Agricultural Use,2007,2007,t,2402000.0,A,Official data from questionnaire
68,'250,France,3102,Nutrient nitrogen N (total),5157,Agricultural Use,2008,2008,t,2099000.0,A,Official data from questionnaire
68,'250,France,3102,Nutrient nitrogen N (total),5157,Agricultural Use,2009,2009,t,1900820.0,A,Official data from questionnaire
68,'250,France,3102,Nutrient nitrogen N (total),5157,Agricultural Use,2010,2010,t,2043000.0,A,Official data from questionnaire
68,'250,France,3102,Nutrient nitrogen N (total),5157,Agricultural Use,2011,2011,t,1944450.0,A,Official data from questionnaire
68,'250,France,3102,Nutrient nitrogen N (total),5157,Agricultural Use,2012,2012,t,2024929.0,A,Official data from questionnaire
68,'250,France,3102,Nutrient nitrogen N (total),5157,Agricultural Use,2013,2013,t,2168441.0,A,Official data from questionnaire
68,'250,France,3102,Nutrient nitrogen N (total),5157,Agricultural Use,2014,2014,t,2159477.0,A,Official data from questionnaire
68,'250,France,3102,Nutrient nitrogen N (total),5157,Agricultural Use,2015,2015,t,2239842.0,A,Official data from questionnaire
68,'250,France,3102,Nutrient nitrogen N (total),5157,Agricultural Use,2016,2016,t,2191727.0,A,Official data from questionnaire
68,'250,France,3102,Nutrient nitrogen N (total),5157,Agricultural Use,2017,2017,t,2347437.0,A,Official data from questionnaire
68,'250,France,3102,Nutrient nitrogen N (total),5157,Agricultural Use,2018,2018,t,2169735.0,A,Official data from questionnaire
68,'250,France,3102,Nutrient nitrogen N (total),5157,Agricultural Use,2019,2019,t,2024798.0,A,Official data from questionnaire
68,'250,France,3102,Nutrient nitrogen N (total),5157,Agricultural Use,2020,2020,t,2090173.0,A,Official data from questionnaire
68,'250,France,3102,Nutrient nitrogen N (total),5157,Agricultural Use,2021,2021,t,1983187.0,A,Official data from questionnaire
68,'250,France,3102,Nutrient nitrogen N (total),5157,Agricultural Use,2022,2022,t,1733621.0,A,Official data from questionnaire
68,'250,France,3102,Nutrient nitrogen N (total),5157,Agricultural Use,2023,2023,t,1733621.0,I,
68,'250,France,3102,Nutrient nitrogen N (total),5159,Use per area of cropland,1961,1961,kg/ha,26.27,E,
68,'250,France,3102,Nutrient nitrogen N (total),5159,Use per area of cropland,1962,1962,kg/ha,28.82,E,
68,'250,France,3102,Nutrient nitrogen N (total),5159,Use per area of cropland,1963,1963,kg/ha,33.5,E,
68,'250,France,3102,Nutrient nitrogen N (total),5159,Use per area of cropland,1964,1964,kg/ha,37.18,E,
68,'250,France,3102,Nutrient nitrogen N (total),5159,Use per area of cropland,1965,1965,kg/ha,38.14,E,
68,'250,France,3102,Nutrient nitrogen N (total),5159,Use per area of cropland,1966,1966,kg/ha,44.08,E,
68,'250,France,3102,Nutrient nitrogen N (total),5159,Use per area of cropland,1967,1967,kg/ha,51.46,E,
68,'250,France,3102,Nutrient nitrogen N (total),5159,Use per area of cropland,1968,1968,kg/ha,57.96,E,
68,'250,France,3102,Nutrient nitrogen N (total),5159,Use per area of cropland,1969,1969,kg/ha,57.99,E,
68,'250,France,3102,Nutrient nitrogen N (total),5159,Use per area of cropland,1970,1970,kg/ha,68.48,E,
68,'250,France,3102,Nutrient nitrogen N (total),5159,Use per area of cropland,1971,1971,kg/ha,73.43,E,
68,'250,France,3102,Nutrient nitrogen N (total),5159,Use per area of cropland,1972,1972,kg/ha,76.71,E,
68,'250,France,3102,Nutrient nitrogen N (total),5159,Use per area of cropland,1973,1973,kg/ha,88.22,E,
68,'250,France,3102,Nutrient nitrogen N (total),5159,Use per area of cropland,1974,1974,kg/ha,74.09,E,
68,'250,France,3102,Nutrient nitrogen N (total),5159,Use per area of cropland,1975,1975,kg/ha,81.09,E,
68,'250,France,3102,Nutrient nitrogen N (total),5159,Use per area of cropland,1976,1976,kg/ha,87.18,E,
68,'250,France,3102,Nutrient nitrogen N (total),5159,Use per area of cropland,1977,1977,kg/ha,87.52,E,
68,'250,France,3102,Nutrient nitrogen N (total),5159,Use per area of cropland,1978,1978,kg/ha,93.82,E,
68,'250,France,3102,Nutrient nitrogen N (total),5159,Use per area of cropland,1979,1979,kg/ha,101.54,E,
68,'250,France,3102,Nutrient nitrogen N (total),5159,Use per area of cropland,1980,1980,kg/ha,102.37,E,
68,'250,France,3102,Nutrient nitrogen N (total),5159,Use per area of cropland,1981,1981,kg/ha,104.34,E,
68,'250,France,3102,Nutrient nitrogen N (total),5159,Use per area of cropland,1982,1982,kg/ha,103.9,E,
68,'250,France,3102,Nutrient nitrogen N (total),5159,Use per area of cropland,1983,1983,kg/ha,109.74,E,
68,'250,France,3102,Nutrient nitrogen N (total),5159,Use per area of cropland,1984,1984,kg/ha,109.86,E,
68,'250,France,3102,Nutrient nitrogen N (total),5159,Use per area of cropland,1985,1985,kg/ha,112.63,E,
68,'250,France,3102,Nutrient nitrogen N (total),5159,Use per area of cropland,1986,1986,kg/ha,119.76,E,
68,'250,France,3102,Nutrient nitrogen N (total),5159,Use per area of cropland,1987,1987,kg/ha,118.27,E,
68,'250,France,3102,Nutrient nitrogen N (total),5159,Use per area of cropland,1988,1988,kg/ha,123.06,E,
68,'250,France,3102,Nutrient nitrogen N (total),5159,Use per area of cropland,1989,1989,kg/ha,126.48,E,
68,'250,France,3102,Nutrient nitrogen N (total),5159,Use per area of cropland,1990,1990,kg/ha,118.08,E,
68,'250,France,3102,Nutrient nitrogen N (total),5159,Use per area of cropland,1991,1991,kg/ha,121.45,E,
68,'250,France,3102,Nutrient nitrogen N (total),5159,Use per area of cropland,1992,1992,kg/ha,101.76,E,
68,'250,France,3102,Nutrient nitrogen N (total),5159,Use per area of cropland,1993,1993,kg/ha,104.0,E,
68,'250,France,3102,Nutrient nitrogen N (total),5159,Use per area of cropland,1994,1994,kg/ha,107.73,E,
68,'250,France,3102,Nutrient nitrogen N (total),5159,Use per area of cropland,1995,1995,kg/ha,111.25,E,
68,'250,France,3102,Nutrient nitrogen N (total),5159,Use per area of cropland,1996,1996,kg/ha,117.28,E,
68,'250,France,3102,Nutrient nitrogen N (total),5159,Use per area of cropland,1997,1997,kg/ha,116.46,E,
68,'250,France,3102,Nutrient nitrogen N (total),5159,Use per area of cropland,1998,1998,kg/ha,115.06,E,
68,'250,France,3102,Nutrient nitrogen N (total),5159,Use per area of cropland,1999,1999,kg/ha,118.7,E,
68,'250,France,3102,Nutrient nitrogen N (total),5159,Use per area of cropland,2000,2000,kg/ha,106.93,E,
68,'250,France,3102,Nutrient nitrogen N (total),5159,Use per area of cropland,2001,2001,kg/ha,110.74,E,
68,'250,France,3102,Nutrient nitrogen N (total),5159,Use per area of cropland,2002,2002,kg/ha,101.69,E,
68,'250,France,3102,Nutrient nitrogen N (total),5159,Use per area of cropland,2003,2003,kg/ha,109.8,E,
68,'250,France,3102,Nutrient nitrogen N (total),5159,Use per area of cropland,2004,2004,kg/ha,107.38,E,
68,'250,France,3102,Nutrient nitrogen N (total),5159,Use per area of cropland,2005,2005,kg/ha,101.83,E,
68,'250,France,3102,Nutrient nitrogen N (total),5159,Use per area of cropland,2006,2006,kg/ha,102.09,E,
68,'250,France,3102,Nutrient nitrogen N (total),5159,Use per area of cropland,2007,2007,kg/ha,111.67,E,
68,'250,France,3102,Nutrient nitrogen N (total),5159,Use per area of cropland,2008,2008,kg/ha,97.78,E,
68,'250,France,3102,Nutrient nitrogen N (total),5159,Use per area of cropland,2009,2009,kg/ha,88.72,E,
68,'250,France,3102,Nutrient nitrogen N (total),5159,Use per area of cropland,2010,2010,kg/ha,95.21,E,
68,'250,France,3102,Nutrient nitrogen N (total),5159,Use per area of cropland,2011,2011,kg/ha,90.76,E,
68,'250,France,3102,Nutrient nitrogen N (total),5159,Use per area of cropland,2012,2012,kg/ha,94.5,E,
68,'250,France,3102,Nutrient nitrogen N (total),5159,Use per area of cropland,2013,2013,kg/ha,101.11,E,
68,'250,France,3102,Nutrient nitrogen N (total),5159,Use per area of cropland,2014,2014,kg/ha,100.55,E,
68,'250,France,3102,Nutrient nitrogen N (total),5159,Use per area of cropland,2015,2015,kg/ha,103.56,E,
68,'250,France,3102,Nutrient nitrogen N (total),5159,Use per area of cropland,2016,2016,kg/ha,101.95,E,
68,'250,France,3102,Nutrient nitrogen N (total),5159,Use per area of cropland,2017,2017,kg/ha,108.54,E,
68,'250,France,3102,Nutrient nitrogen N (total),5159,Use per area of cropland,2018,2018,kg/ha,102.07,E,
68,'250,France,3102,Nutrient nitrogen N (total),5159,Use per area of cropland,2019,2019,kg/ha,96.05,E,
68,'250,France,3102,Nutrient nitrogen N (total),5159,Use per area of cropland,2020,2020,kg/ha,104.38,E,
68,'250,France,3102,Nutrient nitrogen N (total),5159,Use per area of cropland,2021,2021,kg/ha,98.93,E,
68,'250,France,3102,Nutrient nitrogen N (total),5159,Use per area of cropland,2022,2022,kg/ha,86.57,E,
68,'250,France,3102,Nutrient nitrogen N (total),5159,Use per area of cropland,2023,2023,kg/ha,87.04,E,
68,'250,France,3102,Nutrient nitrogen N (total),5172,Use per capita,1961,1961,kg/cap,13.32,E,
68,'250,France,3102,Nutrient nitrogen N (total),5172,Use per capita,1962,1962,kg/cap,14.42,E,
68,'250,France,3102,Nutrient nitrogen N (total),5172,Use per capita,1963,1963,kg/cap,16.54,E,
68,'250,France,3102,Nutrient nitrogen N (total),5172,Use per capita,1964,1964,kg/cap,17.81,E,
68,'250,France,3102,Nutrient nitrogen N (total),5172,Use per capita,1965,1965,kg/cap,17.85,E,
68,'250,France,3102,Nutrient nitrogen N (total),5172,Use per capita,1966,1966,kg/cap,20.13,E,
68,'250,France,3102,Nutrient nitrogen N (total),5172,Use per capita,1967,1967,kg/cap,22.86,E,
68,'250,France,3102,Nutrient nitrogen N (total),5172,Use per capita,1968,1968,kg/cap,24.89,E,
68,'250,France,3102,Nutrient nitrogen N (total),5172,Use per capita,1969,1969,kg/cap,24.65,E,
68,'250,France,3102,Nutrient nitrogen N (total),5172,Use per capita,1970,1970,kg/cap,28.6,E,
68,'250,France,3102,Nutrient nitrogen N (total),5172,Use per capita,1971,1971,kg/cap,29.73,E,
68,'250,France,3102,Nutrient nitrogen N (total),5172,Use per capita,1972,1972,kg/cap,30.69,E,
68,'250,France,3102,Nutrient nitrogen N (total),5172,Use per capita,1973,1973,kg/cap,35.14,E,
68,'250,France,3102,Nutrient nitrogen N (total),5172,Use per capita,1974,1974,kg/cap,29.61,E,
68,'250,France,3102,Nutrient nitrogen N (total),5172,Use per capita,1975,1975,kg/cap,32.38,E,
68,'250,France,3102,Nutrient nitrogen N (total),5172,Use per capita,1976,1976,kg/cap,34.27,E,
68,'250,France,3102,Nutrient nitrogen N (total),5172,Use per capita,1977,1977,kg/cap,34.43,E,
68,'250,France,3102,Nutrient nitrogen N (total),5172,Use per capita,1978,1978,kg/cap,37.02,E,
68,'250,France,3102,Nutrient nitrogen N (total),5172,Use per capita,1979,1979,kg/cap,39.78,E,
68,'250,France,3102,Nutrient nitrogen N (total),5172,Use per capita,1980,1980,kg/cap,39.79,E,
68,'250,France,3102,Nutrient nitrogen N (total),5172,Use per capita,1981,1981,kg/cap,40.42,E,
68,'250,France,3102,Nutrient nitrogen N (total),5172,Use per capita,1982,1982,kg/cap,40.23,E,
68,'250,France,3102,Nutrient nitrogen N (total),5172,Use per capita,1983,1983,kg/cap,42.27,E,
68,'250,France,3102,Nutrient nitrogen N (total),5172,Use per capita,1984,1984,kg/cap,42.35,E,
68,'250,France,3102,Nutrient nitrogen N (total),5172,Use per capita,1985,1985,kg/cap,43.41,E,
68,'250,France,3102,Nutrient nitrogen N (total),5172,Use per capita,1986,1986,kg/cap,46.07,E,
68,'250,France,3102,Nutrient nitrogen N (total),5172,Use per capita,1987,1987,kg/cap,45.62,E,
68,'250,France,3102,Nutrient nitrogen N (total),5172,Use per capita,1988,1988,kg/cap,46.22,E,
68,'250,France,3102,Nutrient nitrogen N (total),5172,Use per capita,1989,1989,kg/cap,46.93,E,
68,'250,France,3102,Nutrient nitrogen N (total),5172,Use per capita,1990,1990,kg/cap,43.73,E,
68,'250,France,3102,Nutrient nitrogen N (total),5172,Use per capita,1991,1991,kg/cap,44.86,E,
68,'250,France,3102,Nutrient nitrogen N (total),5172,Use per capita,1992,1992,kg/cap,37.43,E,
68,'250,France,3102,Nutrient nitrogen N (total),5172,Use per capita,1993,1993,kg/cap,38.44,E,
68,'250,France,3102,Nutrient nitrogen N (total),5172,Use per capita,1994,1994,kg/cap,39.8,E,
68,'250,France,3102,Nutrient nitrogen N (total),5172,Use per capita,1995,1995,kg/cap,41.1,E,
68,'250,France,3102,Nutrient nitrogen N (total),5172,Use per capita,1996,1996,kg/cap,43.23,E,
68,'250,France,3102,Nutrient nitrogen N (total),5172,Use per capita,1997,1997,kg/cap,42.91,E,
68,'250,France,3102,Nutrient nitrogen N (total),5172,Use per capita,1998,1998,kg/cap,42.33,E,
68,'250,France,3102,Nutrient nitrogen N (total),5172,Use per capita,1999,1999,kg/cap,43.52,E,
68,'250,France,3102,Nutrient nitrogen N (total),5172,Use per capita,2000,2000,kg/cap,38.94,E,
68,'250,France,3102,Nutrient nitrogen N (total),5172,Use per capita,2001,2001,kg/cap,40.01,E,
68,'250,France,3102,Nutrient nitrogen N (total),5172,Use per capita,2002,2002,kg/cap,36.52,E,
68,'250,France,3102,Nutrient nitrogen N (total),5172,Use per capita,2003,2003,kg/cap,39.11,E,
68,'250,France,3102,Nutrient nitrogen N (total),5172,Use per capita,2004,2004,kg/cap,37.99,E,
68,'250,France,3102,Nutrient nitrogen N (total),5172,Use per capita,2005,2005,kg/cap,35.78,E,
68,'250,France,3102,Nutrient nitrogen N (total),5172,Use per capita,2006,2006,kg/cap,35.53,E,
68,'250,France,3102,Nutrient nitrogen N (total),5172,Use per capita,2007,2007,kg/cap,38.47,E,
68,'250,France,3102,Nutrient nitrogen N (total),5172,Use per capita,2008,2008,kg/cap,33.43,E,
68,'250,France,3102,Nutrient nitrogen N (total),5172,Use per capita,2009,2009,kg/cap,30.12,E,
68,'250,France,3102,Nutrient nitrogen N (total),5172,Use per capita,2010,2010,kg/cap,32.22,E,
68,'250,France,3102,Nutrient nitrogen N (total),5172,Use per capita,2011,2011,kg/cap,30.51,E,
68,'250,France,3102,Nutrient nitrogen N (total),5172,Use per capita,2012,2012,kg/cap,31.61,E,
68,'250,France,3102,Nutrient nitrogen N (total),5172,Use per capita,2013,2013,kg/cap,33.68,E,
68,'250,France,3102,Nutrient nitrogen N (total),5172,Use per capita,2014,2014,kg/cap,33.38,E,
68,'250,France,3102,Nutrient nitrogen N (total),5172,Use per capita,2015,2015,kg/cap,34.5,E,
68,'250,France,3102,Nutrient nitrogen N (total),5172,Use per capita,2016,2016,kg/cap,33.67,E,
68,'250,France,3102,Nutrient nitrogen N (total),5172,Use per capita,2017,2017,kg/cap,35.96,E,
68,'250,France,3102,Nutrient nitrogen N (total),5172,Use per capita,2018,2018,kg/cap,33.12,E,
68,'250,France,3102,Nutrient nitrogen N (total),5172,Use per capita,2019,2019,kg/cap,30.81,E,
68,'250,France,3102,Nutrient nitrogen N (total),5172,Use per capita,2020,2020,kg/cap,31.71,E,
68,'250,France,3102,Nutrient nitrogen N (total),5172,Use per capita,2021,2021,kg/cap,30.01,E,
68,'250,France,3102,Nutrient nitrogen N (total),5172,Use per capita,2022,2022,kg/cap,26.16,E,
68,'250,France,3102,Nutrient nitrogen N (total),5172,Use per capita,2023,2023,kg/cap,26.09,E,
68,'250,France,3102,Nutrient nitrogen N (total),5173,Use per value of agricultural production,1961,1961,g/Int$,15.34,E,
68,'250,France,3102,Nutrient nitrogen N (total),5173,Use per value of agricultural production,1962,1962,g/Int$,14.71,E,
68,'250,France,3102,Nutrient nitrogen N (total),5173,Use per value of agricultural production,1963,1963,g/Int$,18.01,E,
68,'250,France,3102,Nutrient nitrogen N (total),5173,Use per value of agricultural production,1964,1964,g/Int$,19.65,E,
68,'250,France,3102,Nutrient nitrogen N (total),5173,Use per value of agricultural production,1965,1965,g/Int$,18.76,E,
68,'250,France,3102,Nutrient nitrogen N (total),5173,Use per value of agricultural production,1966,1966,g/Int$,22.28,E,
68,'250,France,3102,Nutrient nitrogen N (total),5173,Use per value of agricultural production,1967,1967,g/Int$,23.94,E,
68,'250,France,3102,Nutrient nitrogen N (total),5173,Use per value of agricultural production,1968,1968,g/Int$,25.44,E,
68,'250,France,3102,Nutrient nitrogen N (total),5173,Use per value of agricultural production,1969,1969,g/Int$,26.95,E,
68,'250,France,3102,Nutrient nitrogen N (total),5173,Use per value of agricultural production,1970,1970,g/Int$,29.54,E,
68,'250,France,3102,Nutrient nitrogen N (total),5173,Use per value of agricultural production,1971,1971,g/Int$,31.07,E,
68,'250,France,3102,Nutrient nitrogen N (total),5173,Use per value of agricultural production,1972,1972,g/Int$,32.78,E,
68,'250,France,3102,Nutrient nitrogen N (total),5173,Use per value of agricultural production,1973,1973,g/Int$,34.48,E,
68,'250,France,3102,Nutrient nitrogen N (total),5173,Use per value of agricultural production,1974,1974,g/Int$,29.3,E,
68,'250,France,3102,Nutrient nitrogen N (total),5173,Use per value of agricultural production,1975,1975,g/Int$,34.15,E,
68,'250,France,3102,Nutrient nitrogen N (total),5173,Use per value of agricultural production,1976,1976,g/Int$,36.16,E,
68,'250,France,3102,Nutrient nitrogen N (total),5173,Use per value of agricultural production,1977,1977,g/Int$,37.57,E,
68,'250,France,3102,Nutrient nitrogen N (total),5173,Use per value of agricultural production,1978,1978,g/Int$,37.65,E,
68,'250,France,3102,Nutrient nitrogen N (total),5173,Use per value of agricultural production,1979,1979,g/Int$,37.51,E,
68,'250,France,3102,Nutrient nitrogen N (total),5173,Use per value of agricultural production,1980,1980,g/Int$,37.72,E,
68,'250,France,3102,Nutrient nitrogen N (total),5173,Use per value of agricultural production,1981,1981,g/Int$,39.98,E,
68,'250,France,3102,Nutrient nitrogen N (total),5173,Use per value of agricultural production,1982,1982,g/Int$,37.34,E,
68,'250,France,3102,Nutrient nitrogen N (total),5173,Use per value of agricultural production,1983,1983,g/Int$,41.14,E,
68,'250,France,3102,Nutrient nitrogen N (total),5173,Use per value of agricultural production,1984,1984,g/Int$,38.67,E,
68,'250,France,3102,Nutrient nitrogen N (total),5173,Use per value of agricultural production,1985,1985,g/Int$,40.46,E,
68,'250,France,3102,Nutrient nitrogen N (total),5173,Use per value of agricultural production,1986,1986,g/Int$,43.69,E,
68,'250,France,3102,Nutrient nitrogen N (total),5173,Use per value of agricultural production,1987,1987,g/Int$,42.23,E,
68,'250,France,3102,Nutrient nitrogen N (total),5173,Use per value of agricultural production,1988,1988,g/Int$,44.09,E,
68,'250,France,3102,Nutrient nitrogen N (total),5173,Use per value of agricultural production,1989,1989,g/Int$,45.35,E,
68,'250,France,3102,Nutrient nitrogen N (total),5173,Use per value of agricultural production,1990,1990,g/Int$,41.58,E,
68,'250,France,3102,Nutrient nitrogen N (total),5173,Use per value of agricultural production,1991,1991,g/Int$,44.26,E,
68,'250,France,3102,Nutrient nitrogen N (total),5173,Use per value of agricultural production,1992,1992,g/Int$,35.67,E,
68,'250,France,3102,Nutrient nitrogen N (total),5173,Use per value of agricultural production,1993,1993,g/Int$,38.86,E,
68,'250,France,3102,Nutrient nitrogen N (total),5173,Use per value of agricultural production,1994,1994,g/Int$,39.88,E,
68,'250,France,3102,Nutrient nitrogen N (total),5173,Use per value of agricultural production,1995,1995,g/Int$,40.44,E,
68,'250,France,3102,Nutrient nitrogen N (total),5173,Use per value of agricultural production,1996,1996,g/Int$,40.4,E,
68,'250,France,3102,Nutrient nitrogen N (total),5173,Use per value of agricultural production,1997,1997,g/Int$,39.93,E,
68,'250,France,3102,Nutrient nitrogen N (total),5173,Use per value of agricultural production,1998,1998,g/Int$,39.35,E,
68,'250,France,3102,Nutrient nitrogen N (total),5173,Use per value of agricultural production,1999,1999,g/Int$,40.48,E,
68,'250,France,3102,Nutrient nitrogen N (total),5173,Use per value of agricultural production,2000,2000,g/Int$,37.94,E,
68,'250,France,3102,Nutrient nitrogen N (total),5173,Use per value of agricultural production,2001,2001,g/Int$,40.92,E,
68,'250,France,3102,Nutrient nitrogen N (total),5173,Use per value of agricultural production,2002,2002,g/Int$,35.79,E,
68,'250,France,3102,Nutrient nitrogen N (total),5173,Use per value of agricultural production,2003,2003,g/Int$,42.0,E,
68,'250,France,3102,Nutrient nitrogen N (total),5173,Use per value of agricultural production,2004,2004,g/Int$,37.86,E,
68,'250,France,3102,Nutrient nitrogen N (total),5173,Use per value of agricultural production,2005,2005,g/Int$,37.33,E,
68,'250,France,3102,Nutrient nitrogen N (total),5173,Use per value of agricultural production,2006,2006,g/Int$,38.96,E,
68,'250,France,3102,Nutrient nitrogen N (total),5173,Use per value of agricultural production,2007,2007,g/Int$,42.89,E,
68,'250,France,3102,Nutrient nitrogen N (total),5173,Use per value of agricultural production,2008,2008,g/Int$,35.71,E,
68,'250,France,3102,Nutrient nitrogen N (total),5173,Use per value of agricultural production,2009,2009,g/Int$,31.95,E,
68,'250,France,3102,Nutrient nitrogen N (total),5173,Use per value of agricultural production,2010,2010,g/Int$,35.16,E,
68,'250,France,3102,Nutrient nitrogen N (total),5173,Use per value of agricultural production,2011,2011,g/Int$,32.7,E,
68,'250,France,3102,Nutrient nitrogen N (total),5173,Use per value of agricultural production,2012,2012,g/Int$,35.13,E,
68,'250,France,3102,Nutrient nitrogen N (total),5173,Use per value of agricultural production,2013,2013,g/Int$,38.23,E,
68,'250,France,3102,Nutrient nitrogen N (total),5173,Use per value of agricultural production,2014,2014,g/Int$,35.78,E,
68,'250,France,3102,Nutrient nitrogen N (total),5173,Use per value of agricultural production,2015,2015,g/Int$,37.21,E,
68,'250,France,3102,Nutrient nitrogen N (total),5173,Use per value of agricultural production,2016,2016,g/Int$,39.05,E,
68,'250,France,3102,Nutrient nitrogen N (total),5173,Use per value of agricultural production,2017,2017,g/Int$,39.34,E,
68,'250,France,3102,Nutrient nitrogen N (total),5173,Use per value of agricultural production,2018,2018,g/Int$,37.92,E,
68,'250,France,3102,Nutrient nitrogen N (total),5173,Use per value of agricultural production,2019,2019,g/Int$,35.08,E,
68,'250,France,3102,Nutrient nitrogen N (total),5173,Use per value of agricultural production,2020,2020,g/Int$,37.86,E,
68,'250,France,3102,Nutrient nitrogen N (total),5173,Use per value of agricultural production,2021,2021,g/Int$,34.79,E,
68,'250,France,3102,Nutrient nitrogen N (total),5173,Use per value of agricultural production,2022,2022,g/Int$,31.14,E,
68,'250,France,3102,Nutrient nitrogen N (total),5173,Use per value of agricultural production,2023,2023,g/Int$,30.86,E,
68,'250,France,3103,Nutrient phosphate P2O5 (total),5510,Production,1961,1961,t,811800.0,A,Official data from questionnaire
68,'250,France,3103,Nutrient phosphate P2O5 (total),5510,Production,1962,1962,t,823000.0,A,Official data from questionnaire
68,'250,France,3103,Nutrient phosphate P2O5 (total),5510,Production,1963,1963,t,983495.0,A,Official data from questionnaire
68,'250,France,3103,Nutrient phosphate P2O5 (total),5510,Production,1964,1964,t,1217500.0,A,Official data from questionnaire
68,'250,France,3103,Nutrient phosphate P2O5 (total),5510,Production,1965,1965,t,1217600.0,A,Official data from questionnaire
68,'250,France,3103,Nutrient phosphate P2O5 (total),5510,Production,1966,1966,t,1333000.0,A,Official data from questionnaire
68,'250,France,3103,Nutrient phosphate P2O5 (total),5510,Production,1967,1967,t,1309533.0,A,Official data from questionnaire
68,'250,France,3103,Nutrient phosphate P2O5 (total),5510,Production,1968,1968,t,1373954.0,A,Official data from questionnaire
68,'250,France,3103,Nutrient phosphate P2O5 (total),5510,Production,1969,1969,t,1324285.0,A,Official data from questionnaire
68,'250,France,3103,Nutrient phosphate P2O5 (total),5510,Production,1970,1970,t,1450846.0,A,Official data from questionnaire
68,'250,France,3103,Nutrient phosphate P2O5 (total),5510,Production,1971,1971,t,1577074.0,A,Official data from questionnaire
68,'250,France,3103,Nutrient phosphate P2O5 (total),5510,Production,1972,1972,t,1611479.0,A,Official data from questionnaire
68,'250,France,3103,Nutrient phosphate P2O5 (total),5510,Production,1973,1973,t,1693291.0,A,Official data from questionnaire
68,'250,France,3103,Nutrient phosphate P2O5 (total),5510,Production,1974,1974,t,1708600.0,X,Data sourced from another international organization
68,'250,France,3103,Nutrient phosphate P2O5 (total),5510,Production,1975,1975,t,1258800.0,X,Data sourced from another international organization
68,'250,France,3103,Nutrient phosphate P2O5 (total),5510,Production,1976,1976,t,1490400.0,X,Data sourced from another international organization
68,'250,France,3103,Nutrient phosphate P2O5 (total),5510,Production,1977,1977,t,1560000.0,X,Data sourced from another international organization
68,'250,France,3103,Nutrient phosphate P2O5 (total),5510,Production,1978,1978,t,1357000.0,X,Data sourced from another international organization
68,'250,France,3103,Nutrient phosphate P2O5 (total),5510,Production,1979,1979,t,1364000.0,A,Official data from questionnaire
68,'250,France,3103,Nutrient phosphate P2O5 (total),5510,Production,1980,1980,t,1351000.0,X,Data sourced from another international organization
68,'250,France,3103,Nutrient phosphate P2O5 (total),5510,Production,1981,1981,t,1300000.0,X,Data sourced from another international organization
68,'250,France,3103,Nutrient phosphate P2O5 (total),5510,Production,1982,1982,t,1199900.0,X,Data sourced from another international organization
68,'250,France,3103,Nutrient phosphate P2O5 (total),5510,Production,1983,1983,t,1230000.0,X,Data sourced from another international organization
68,'250,France,3103,Nutrient phosphate P2O5 (total),5510,Production,1984,1984,t,1168000.0,X,Data sourced from another international organization
68,'250,France,3103,Nutrient phosphate P2O5 (total),5510,Production,1985,1985,t,1023000.0,X,Data sourced from another international organization
68,'250,France,3103,Nutrient phosphate P2O5 (total),5510,Production,1986,1986,t,1000000.0,X,Data sourced from another international organization
68,'250,France,3103,Nutrient phosphate P2O5 (total),5510,Production,1987,1987,t,955000.0,X,Data sourced from another international organization
68,'250,France,3103,Nutrient phosphate P2O5 (total),5510,Production,1988,1988,t,940000.0,X,Data sourced from another international organization
68,'250,France,3103,Nutrient phosphate P2O5 (total),5510,Production,1989,1989,t,962000.0,X,Data sourced from another international organization
68,'250,France,3103,Nutrient phosphate P2O5 (total),5510,Production,1990,1990,t,921000.0,X,Data sourced from another international organization
68,'250,France,3103,Nutrient phosphate P2O5 (total),5510,Production,1991,1991,t,926000.0,X,Data sourced from another international organization
68,'250,France,3103,Nutrient phosphate P2O5 (total),5510,Production,1992,1992,t,693000.0,X,Data sourced from another international organization
68,'250,France,3103,Nutrient phosphate P2O5 (total),5510,Production,1993,1993,t,697000.0,X,Data sourced from another international organization
68,'250,France,3103,Nutrient phosphate P2O5 (total),5510,Production,1994,1994,t,323000.0,X,Data sourced from another international organization
68,'250,France,3103,Nutrient phosphate P2O5 (total),5510,Production,1995,1995,t,513000.0,X,Data sourced from another international organization
68,'250,France,3103,Nutrient phosphate P2O5 (total),5510,Production,1996,1996,t,558000.0,X,Data sourced from another international organization
68,'250,France,3103,Nutrient phosphate P2O5 (total),5510,Production,1997,1997,t,527600.0,X,Data sourced from another international organization
68,'250,France,3103,Nutrient phosphate P2O5 (total),5510,Production,1998,1998,t,489700.0,X,Data sourced from another international organization
68,'250,France,3103,Nutrient phosphate P2O5 (total),5510,Production,1999,1999,t,450300.0,X,Data sourced from another international organization
68,'250,France,3103,Nutrient phosphate P2O5 (total),5510,Production,2000,2000,t,318000.0,X,Data sourced from another international organization
68,'250,France,3103,Nutrient phosphate P2O5 (total),5510,Production,2001,2001,t,277000.0,X,Data sourced from another international organization
68,'250,France,3103,Nutrient phosphate P2O5 (total),5510,Production,2002,2002,t,157307.0,I,
68,'250,France,3103,Nutrient phosphate P2O5 (total),5510,Production,2003,2003,t,154079.0,I,
68,'250,France,3103,Nutrient phosphate P2O5 (total),5510,Production,2004,2004,t,135504.0,A,Official data from questionnaire
68,'250,France,3103,Nutrient phosphate P2O5 (total),5510,Production,2005,2005,t,575443.0,A,Official data from questionnaire
68,'250,France,3103,Nutrient phosphate P2O5 (total),5510,Production,2006,2006,t,699599.0,A,Official data from questionnaire
68,'250,France,3103,Nutrient phosphate P2O5 (total),5510,Production,2007,2007,t,404286.0,A,Official data from questionnaire
68,'250,France,3103,Nutrient phosphate P2O5 (total),5510,Production,2008,2008,t,459063.0,A,Official data from questionnaire
68,'250,France,3103,Nutrient phosphate P2O5 (total),5510,Production,2009,2009,t,204974.0,A,Official data from questionnaire
68,'250,France,3103,Nutrient phosphate P2O5 (total),5510,Production,2010,2010,t,371588.0,A,Official data from questionnaire
68,'250,France,3103,Nutrient phosphate P2O5 (total),5510,Production,2011,2011,t,286279.0,A,Official data from questionnaire
68,'250,France,3103,Nutrient phosphate P2O5 (total),5510,Production,2012,2012,t,242665.0,A,Official data from questionnaire
68,'250,France,3103,Nutrient phosphate P2O5 (total),5510,Production,2013,2013,t,215163.0,A,Official data from questionnaire
68,'250,France,3103,Nutrient phosphate P2O5 (total),5510,Production,2014,2014,t,230831.0,A,Official data from questionnaire
68,'250,France,3103,Nutrient phosphate P2O5 (total),5510,Production,2015,2015,t,230831.0,E,
68,'250,France,3103,Nutrient phosphate P2O5 (total),5510,Production,2016,2016,t,230831.0,E,
68,'250,France,3103,Nutrient phosphate P2O5 (total),5510,Production,2017,2017,t,230831.0,I,
68,'250,France,3103,Nutrient phosphate P2O5 (total),5510,Production,2018,2018,t,230831.0,I,
68,'250,France,3103,Nutrient phosphate P2O5 (total),5510,Production,2019,2019,t,230831.0,I,
68,'250,France,3103,Nutrient phosphate P2O5 (total),5510,Production,2020,2020,t,0.0,A,Official data from questionnaire
68,'250,France,3103,Nutrient phosphate P2O5 (total),5510,Production,2021,2021,t,0.0,I,
68,'250,France,3103,Nutrient phosphate P2O5 (total),5510,Production,2022,2022,t,0.0,I,
68,'250,France,3103,Nutrient phosphate P2O5 (total),5510,Production,2023,2023,t,0.0,I,
68,'250,France,3103,Nutrient phosphate P2O5 (total),5610,Import quantity,1961,1961,t,214600.0,A,Official data from questionnaire
68,'250,France,3103,Nutrient phosphate P2O5 (total),5610,Import quantity,1962,1962,t,272400.0,A,Official data from questionnaire
68,'250,France,3103,Nutrient phosphate P2O5 (total),5610,Import quantity,1963,1963,t,310365.0,A,Official data from questionnaire
68,'250,France,3103,Nutrient phosphate P2O5 (total),5610,Import quantity,1964,1964,t,282296.0,A,Official data from questionnaire
68,'250,France,3103,Nutrient phosphate P2O5 (total),5610,Import quantity,1965,1965,t,242988.0,A,Official data from questionnaire
68,'250,France,3103,Nutrient phosphate P2O5 (total),5610,Import quantity,1966,1966,t,226568.0,A,Official data from questionnaire
68,'250,France,3103,Nutrient phosphate P2O5 (total),5610,Import quantity,1967,1967,t,254074.0,A,Official data from questionnaire
68,'250,France,3103,Nutrient phosphate P2O5 (total),5610,Import quantity,1968,1968,t,320275.0,A,Official data from questionnaire
68,'250,France,3103,Nutrient phosphate P2O5 (total),5610,Import quantity,1969,1969,t,338194.0,A,Official data from questionnaire
68,'250,France,3103,Nutrient phosphate P2O5 (total),5610,Import quantity,1970,1970,t,339712.0,A,Official data from questionnaire
68,'250,France,3103,Nutrient phosphate P2O5 (total),5610,Import quantity,1971,1971,t,365619.0,A,Official data from questionnaire
68,'250,France,3103,Nutrient phosphate P2O5 (total),5610,Import quantity,1972,1972,t,400739.0,A,Official data from questionnaire
68,'250,France,3103,Nutrient phosphate P2O5 (total),5610,Import quantity,1973,1973,t,626800.0,X,Data sourced from another international organization
68,'250,France,3103,Nutrient phosphate P2O5 (total),5610,Import quantity,1974,1974,t,470100.0,X,Data sourced from another international organization
68,'250,France,3103,Nutrient phosphate P2O5 (total),5610,Import quantity,1975,1975,t,512100.0,X,Data sourced from another international organization
68,'250,France,3103,Nutrient phosphate P2O5 (total),5610,Import quantity,1976,1976,t,544000.0,X,Data sourced from another international organization
68,'250,France,3103,Nutrient phosphate P2O5 (total),5610,Import quantity,1977,1977,t,580000.0,X,Data sourced from another international organization
68,'250,France,3103,Nutrient phosphate P2O5 (total),5610,Import quantity,1978,1978,t,730000.0,X,Data sourced from another international organization
68,'250,France,3103,Nutrient phosphate P2O5 (total),5610,Import quantity,1979,1979,t,694400.0,X,Data sourced from another international organization
68,'250,France,3103,Nutrient phosphate P2O5 (total),5610,Import quantity,1980,1980,t,646600.0,X,Data sourced from another international organization
68,'250,France,3103,Nutrient phosphate P2O5 (total),5610,Import quantity,1981,1981,t,607000.0,X,Data sourced from another international organization
68,'250,France,3103,Nutrient phosphate P2O5 (total),5610,Import quantity,1982,1982,t,600000.0,X,Data sourced from another international organization
68,'250,France,3103,Nutrient phosphate P2O5 (total),5610,Import quantity,1983,1983,t,504700.0,X,Data sourced from another international organization
68,'250,France,3103,Nutrient phosphate P2O5 (total),5610,Import quantity,1984,1984,t,516100.0,X,Data sourced from another international organization
68,'250,France,3103,Nutrient phosphate P2O5 (total),5610,Import quantity,1985,1985,t,517500.0,X,Data sourced from another international organization
68,'250,France,3103,Nutrient phosphate P2O5 (total),5610,Import quantity,1986,1986,t,572900.0,X,Data sourced from another international organization
68,'250,France,3103,Nutrient phosphate P2O5 (total),5610,Import quantity,1987,1987,t,625000.0,X,Data sourced from another international organization
68,'250,France,3103,Nutrient phosphate P2O5 (total),5610,Import quantity,1988,1988,t,642200.0,X,Data sourced from another international organization
68,'250,France,3103,Nutrient phosphate P2O5 (total),5610,Import quantity,1989,1989,t,721000.0,X,Data sourced from another international organization
68,'250,France,3103,Nutrient phosphate P2O5 (total),5610,Import quantity,1990,1990,t,776700.0,X,Data sourced from another international organization
68,'250,France,3103,Nutrient phosphate P2O5 (total),5610,Import quantity,1991,1991,t,566000.0,X,Data sourced from another international organization
68,'250,France,3103,Nutrient phosphate P2O5 (total),5610,Import quantity,1992,1992,t,555000.0,X,Data sourced from another international organization
68,'250,France,3103,Nutrient phosphate P2O5 (total),5610,Import quantity,1993,1993,t,523000.0,X,Data sourced from another international organization
68,'250,France,3103,Nutrient phosphate P2O5 (total),5610,Import quantity,1994,1994,t,619000.0,X,Data sourced from another international organization
68,'250,France,3103,Nutrient phosphate P2O5 (total),5610,Import quantity,1995,1995,t,612600.0,X,Data sourced from another international organization
68,'250,France,3103,Nutrient phosphate P2O5 (total),5610,Import quantity,1996,1996,t,561200.0,X,Data sourced from another international organization
68,'250,France,3103,Nutrient phosphate P2O5 (total),5610,Import quantity,1997,1997,t,573900.0,X,Data sourced from another international organization
68,'250,France,3103,Nutrient phosphate P2O5 (total),5610,Import quantity,1998,1998,t,574700.0,X,Data sourced from another international organization
68,'250,France,3103,Nutrient phosphate P2O5 (total),5610,Import quantity,1999,1999,t,576900.0,X,Data sourced from another international organization
68,'250,France,3103,Nutrient phosphate P2O5 (total),5610,Import quantity,2000,2000,t,510000.0,X,Data sourced from another international organization
68,'250,France,3103,Nutrient phosphate P2O5 (total),5610,Import quantity,2001,2001,t,509000.0,X,Data sourced from another international organization
68,'250,France,3103,Nutrient phosphate P2O5 (total),5610,Import quantity,2002,2002,t,610563.14,I,
68,'250,France,3103,Nutrient phosphate P2O5 (total),5610,Import quantity,2003,2003,t,656681.15,I,
68,'250,France,3103,Nutrient phosphate P2O5 (total),5610,Import quantity,2004,2004,t,622670.88,I,
68,'250,France,3103,Nutrient phosphate P2O5 (total),5610,Import quantity,2005,2005,t,514971.45,I,
68,'250,France,3103,Nutrient phosphate P2O5 (total),5610,Import quantity,2006,2006,t,418138.01,I,
68,'250,France,3103,Nutrient phosphate P2O5 (total),5610,Import quantity,2007,2007,t,511035.04,I,
68,'250,France,3103,Nutrient phosphate P2O5 (total),5610,Import quantity,2008,2008,t,377480.04,I,
68,'250,France,3103,Nutrient phosphate P2O5 (total),5610,Import quantity,2009,2009,t,249864.06,I,
68,'250,France,3103,Nutrient phosphate P2O5 (total),5610,Import quantity,2010,2010,t,419840.28,I,
68,'250,France,3103,Nutrient phosphate P2O5 (total),5610,Import quantity,2011,2011,t,413197.21,I,
68,'250,France,3103,Nutrient phosphate P2O5 (total),5610,Import quantity,2012,2012,t,439926.63,I,
68,'250,France,3103,Nutrient phosphate P2O5 (total),5610,Import quantity,2013,2013,t,490055.66,I,
68,'250,France,3103,Nutrient phosphate P2O5 (total),5610,Import quantity,2014,2014,t,457950.12,I,
68,'250,France,3103,Nutrient phosphate P2O5 (total),5610,Import quantity,2015,2015,t,456410.96,I,
68,'250,France,3103,Nutrient phosphate P2O5 (total),5610,Import quantity,2016,2016,t,441438.38,I,
68,'250,France,3103,Nutrient phosphate P2O5 (total),5610,Import quantity,2017,2017,t,469687.47,I,
68,'250,France,3103,Nutrient phosphate P2O5 (total),5610,Import quantity,2018,2018,t,389488.3,I,
68,'250,France,3103,Nutrient phosphate P2O5 (total),5610,Import quantity,2019,2019,t,514446.75,I,
68,'250,France,3103,Nutrient phosphate P2O5 (total),5610,Import quantity,2020,2020,t,486199.29,I,
68,'250,France,3103,Nutrient phosphate P2O5 (total),5610,Import quantity,2021,2021,t,492918.44,I,
68,'250,France,3103,Nutrient phosphate P2O5 (total),5610,Import quantity,2022,2022,t,276622.6,I,
68,'250,France,3103,Nutrient phosphate P2O5 (total),5610,Import quantity,2023,2023,t,350435.83,I,
68,'250,France,3103,Nutrient phosphate P2O5 (total),5910,Export quantity,1961,1961,t,63600.0,A,Official data from questionnaire
68,'250,France,3103,Nutrient phosphate P2O5 (total),5910,Export quantity,1962,1962,t,61100.0,A,Official data from questionnaire
68,'250,France,3103,Nutrient phosphate P2O5 (total),5910,Export quantity,1963,1963,t,73770.0,A,Official data from questionnaire
68,'250,France,3103,Nutrient phosphate P2O5 (total),5910,Export quantity,1964,1964,t,87317.0,A,Official data from questionnaire
68,'250,France,3103,Nutrient phosphate P2O5 (total),5910,Export quantity,1965,1965,t,87609.0,A,Official data from questionnaire
68,'250,France,3103,Nutrient phosphate P2O5 (total),5910,Export quantity,1966,1966,t,106044.0,A,Official data from questionnaire
68,'250,France,3103,Nutrient phosphate P2O5 (total),5910,Export quantity,1967,1967,t,108733.0,A,Official data from questionnaire
68,'250,France,3103,Nutrient phosphate P2O5 (total),5910,Export quantity,1968,1968,t,98479.0,A,Official data from questionnaire
68,'250,France,3103,Nutrient phosphate P2O5 (total),5910,Export quantity,1969,1969,t,103765.0,A,Official data from questionnaire
68,'250,France,3103,Nutrient phosphate P2O5 (total),5910,Export quantity,1970,1970,t,97327.0,A,Official data from questionnaire
68,'250,France,3103,Nutrient phosphate P2O5 (total),5910,Export quantity,1971,1971,t,88975.0,A,Official data from questionnaire
68,'250,France,3103,Nutrient phosphate P2O5 (total),5910,Export quantity,1972,1972,t,112068.0,A,Official data from questionnaire
68,'250,France,3103,Nutrient phosphate P2O5 (total),5910,Export quantity,1973,1973,t,126150.0,A,Official data from questionnaire
68,'250,France,3103,Nutrient phosphate P2O5 (total),5910,Export quantity,1974,1974,t,228500.0,X,Data sourced from another international organization
68,'250,France,3103,Nutrient phosphate P2O5 (total),5910,Export quantity,1975,1975,t,110700.0,X,Data sourced from another international organization
68,'250,France,3103,Nutrient phosphate P2O5 (total),5910,Export quantity,1976,1976,t,125000.0,X,Data sourced from another international organization
68,'250,France,3103,Nutrient phosphate P2O5 (total),5910,Export quantity,1977,1977,t,135000.0,X,Data sourced from another international organization
68,'250,France,3103,Nutrient phosphate P2O5 (total),5910,Export quantity,1978,1978,t,137000.0,X,Data sourced from another international organization
68,'250,France,3103,Nutrient phosphate P2O5 (total),5910,Export quantity,1979,1979,t,187100.0,X,Data sourced from another international organization
68,'250,France,3103,Nutrient phosphate P2O5 (total),5910,Export quantity,1980,1980,t,224500.0,X,Data sourced from another international organization
68,'250,France,3103,Nutrient phosphate P2O5 (total),5910,Export quantity,1981,1981,t,108000.0,X,Data sourced from another international organization
68,'250,France,3103,Nutrient phosphate P2O5 (total),5910,Export quantity,1982,1982,t,100700.0,X,Data sourced from another international organization
68,'250,France,3103,Nutrient phosphate P2O5 (total),5910,Export quantity,1983,1983,t,107500.0,X,Data sourced from another international organization
68,'250,France,3103,Nutrient phosphate P2O5 (total),5910,Export quantity,1984,1984,t,101700.0,X,Data sourced from another international organization
68,'250,France,3103,Nutrient phosphate P2O5 (total),5910,Export quantity,1985,1985,t,103400.0,X,Data sourced from another international organization
68,'250,France,3103,Nutrient phosphate P2O5 (total),5910,Export quantity,1986,1986,t,112000.0,X,Data sourced from another international organization
68,'250,France,3103,Nutrient phosphate P2O5 (total),5910,Export quantity,1987,1987,t,125700.0,X,Data sourced from another international organization
68,'250,France,3103,Nutrient phosphate P2O5 (total),5910,Export quantity,1988,1988,t,101000.0,A,Official data from questionnaire
68,'250,France,3103,Nutrient phosphate P2O5 (total),5910,Export quantity,1989,1989,t,114500.0,A,Official data from questionnaire
68,'250,France,3103,Nutrient phosphate P2O5 (total),5910,Export quantity,1990,1990,t,119100.0,A,Official data from questionnaire
68,'250,France,3103,Nutrient phosphate P2O5 (total),5910,Export quantity,1991,1991,t,116000.0,X,Data sourced from another international organization
68,'250,France,3103,Nutrient phosphate P2O5 (total),5910,Export quantity,1992,1992,t,117000.0,X,Data sourced from another international organization
68,'250,France,3103,Nutrient phosphate P2O5 (total),5910,Export quantity,1993,1993,t,74000.0,X,Data sourced from another international organization
68,'250,France,3103,Nutrient phosphate P2O5 (total),5910,Export quantity,1994,1994,t,62000.0,X,Data sourced from another international organization
68,'250,France,3103,Nutrient phosphate P2O5 (total),5910,Export quantity,1995,1995,t,57300.0,X,Data sourced from another international organization
68,'250,France,3103,Nutrient phosphate P2O5 (total),5910,Export quantity,1996,1996,t,59700.0,X,Data sourced from another international organization
68,'250,France,3103,Nutrient phosphate P2O5 (total),5910,Export quantity,1997,1997,t,52300.0,X,Data sourced from another international organization
68,'250,France,3103,Nutrient phosphate P2O5 (total),5910,Export quantity,1998,1998,t,52100.0,X,Data sourced from another international organization
68,'250,France,3103,Nutrient phosphate P2O5 (total),5910,Export quantity,1999,1999,t,48500.0,X,Data sourced from another international organization
68,'250,France,3103,Nutrient phosphate P2O5 (total),5910,Export quantity,2000,2000,t,33000.0,X,Data sourced from another international organization
68,'250,France,3103,Nutrient phosphate P2O5 (total),5910,Export quantity,2001,2001,t,27000.0,X,Data sourced from another international organization
68,'250,France,3103,Nutrient phosphate P2O5 (total),5910,Export quantity,2002,2002,t,55275.51,I,
68,'250,France,3103,Nutrient phosphate P2O5 (total),5910,Export quantity,2003,2003,t,66583.05,I,
68,'250,France,3103,Nutrient phosphate P2O5 (total),5910,Export quantity,2004,2004,t,81471.89,I,
68,'250,France,3103,Nutrient phosphate P2O5 (total),5910,Export quantity,2005,2005,t,76788.59,I,
68,'250,France,3103,Nutrient phosphate P2O5 (total),5910,Export quantity,2006,2006,t,58685.84,I,
68,'250,France,3103,Nutrient phosphate P2O5 (total),5910,Export quantity,2007,2007,t,53682.56,I,
68,'250,France,3103,Nutrient phosphate P2O5 (total),5910,Export quantity,2008,2008,t,48357.94,I,
68,'250,France,3103,Nutrient phosphate P2O5 (total),5910,Export quantity,2009,2009,t,22150.87,I,
68,'250,France,3103,Nutrient phosphate P2O5 (total),5910,Export quantity,2010,2010,t,21693.64,I,
68,'250,France,3103,Nutrient phosphate P2O5 (total),5910,Export quantity,2011,2011,t,27023.96,I,
68,'250,France,3103,Nutrient phosphate P2O5 (total),5910,Export quantity,2012,2012,t,31186.85,I,
68,'250,France,3103,Nutrient phosphate P2O5 (total),5910,Export quantity,2013,2013,t,29568.43,I,
68,'250,France,3103,Nutrient phosphate P2O5 (total),5910,Export quantity,2014,2014,t,39205.34,I,
68,'250,France,3103,Nutrient phosphate P2O5 (total),5910,Export quantity,2015,2015,t,37916.24,I,
68,'250,France,3103,Nutrient phosphate P2O5 (total),5910,Export quantity,2016,2016,t,27116.12,I,
68,'250,France,3103,Nutrient phosphate P2O5 (total),5910,Export quantity,2017,2017,t,27662.37,I,
68,'250,France,3103,Nutrient phosphate P2O5 (total),5910,Export quantity,2018,2018,t,25474.45,I,
68,'250,France,3103,Nutrient phosphate P2O5 (total),5910,Export quantity,2019,2019,t,41082.25,I,
68,'250,France,3103,Nutrient phosphate P2O5 (total),5910,Export quantity,2020,2020,t,34650.75,I,
68,'250,France,3103,Nutrient phosphate P2O5 (total),5910,Export quantity,2021,2021,t,38537.17,I,
68,'250,France,3103,Nutrient phosphate P2O5 (total),5910,Export quantity,2022,2022,t,41117.77,I,
68,'250,France,3103,Nutrient phosphate P2O5 (total),5910,Export quantity,2023,2023,t,20378.98,I,
68,'250,France,3103,Nutrient phosphate P2O5 (total),5157,Agricultural Use,1961,1961,t,967800.0,A,Official data from questionnaire
68,'250,France,3103,Nutrient phosphate P2O5 (total),5157,Agricultural Use,1962,1962,t,1033900.0,A,Official data from questionnaire
68,'250,France,3103,Nutrient phosphate P2O5 (total),5157,Agricultural Use,1963,1963,t,1170000.0,X,Data sourced from another international organization
68,'250,France,3103,Nutrient phosphate P2O5 (total),5157,Agricultural Use,1964,1964,t,1245126.0,A,Official data from questionnaire
68,'250,France,3103,Nutrient phosphate P2O5 (total),5157,Agricultural Use,1965,1965,t,1258827.0,A,Official data from questionnaire
68,'250,France,3103,Nutrient phosphate P2O5 (total),5157,Agricultural Use,1966,1966,t,1363822.0,A,Official data from questionnaire
68,'250,France,3103,Nutrient phosphate P2O5 (total),5157,Agricultural Use,1967,1967,t,1505203.0,A,Official data from questionnaire
68,'250,France,3103,Nutrient phosphate P2O5 (total),5157,Agricultural Use,1968,1968,t,1587357.0,A,Official data from questionnaire
68,'250,France,3103,Nutrient phosphate P2O5 (total),5157,Agricultural Use,1969,1969,t,1683673.0,A,Official data from questionnaire
68,'250,France,3103,Nutrient phosphate P2O5 (total),5157,Agricultural Use,1970,1970,t,1809390.0,A,Official data from questionnaire
68,'250,France,3103,Nutrient phosphate P2O5 (total),5157,Agricultural Use,1971,1971,t,1932055.0,A,Official data from questionnaire
68,'250,France,3103,Nutrient phosphate P2O5 (total),5157,Agricultural Use,1972,1972,t,2067354.0,A,Official data from questionnaire
68,'250,France,3103,Nutrient phosphate P2O5 (total),5157,Agricultural Use,1973,1973,t,2168000.0,A,Official data from questionnaire
68,'250,France,3103,Nutrient phosphate P2O5 (total),5157,Agricultural Use,1974,1974,t,1710800.0,A,Official data from questionnaire
68,'250,France,3103,Nutrient phosphate P2O5 (total),5157,Agricultural Use,1975,1975,t,1664300.0,A,Official data from questionnaire
68,'250,France,3103,Nutrient phosphate P2O5 (total),5157,Agricultural Use,1976,1976,t,1796200.0,X,Data sourced from another international organization
68,'250,France,3103,Nutrient phosphate P2O5 (total),5157,Agricultural Use,1977,1977,t,1839700.0,X,Data sourced from another international organization
68,'250,France,3103,Nutrient phosphate P2O5 (total),5157,Agricultural Use,1978,1978,t,1949900.0,X,Data sourced from another international organization
68,'250,France,3103,Nutrient phosphate P2O5 (total),5157,Agricultural Use,1979,1979,t,1983800.0,X,Data sourced from another international organization
68,'250,France,3103,Nutrient phosphate P2O5 (total),5157,Agricultural Use,1980,1980,t,1773000.0,X,Data sourced from another international organization
68,'250,France,3103,Nutrient phosphate P2O5 (total),5157,Agricultural Use,1981,1981,t,1677100.0,X,Data sourced from another international organization
68,'250,France,3103,Nutrient phosphate P2O5 (total),5157,Agricultural Use,1982,1982,t,1630700.0,X,Data sourced from another international organization
68,'250,France,3103,Nutrient phosphate P2O5 (total),5157,Agricultural Use,1983,1983,t,1679400.0,X,Data sourced from another international organization
68,'250,France,3103,Nutrient phosphate P2O5 (total),5157,Agricultural Use,1984,1984,t,1580000.0,X,Data sourced from another international organization
68,'250,France,3103,Nutrient phosphate P2O5 (total),5157,Agricultural Use,1985,1985,t,1466000.0,X,Data sourced from another international organization
68,'250,France,3103,Nutrient phosphate P2O5 (total),5157,Agricultural Use,1986,1986,t,1425200.0,X,Data sourced from another international organization
68,'250,France,3103,Nutrient phosphate P2O5 (total),5157,Agricultural Use,1987,1987,t,1405100.0,X,Data sourced from another international organization
68,'250,France,3103,Nutrient phosphate P2O5 (total),5157,Agricultural Use,1988,1988,t,1460000.0,A,Official data from questionnaire
68,'250,France,3103,Nutrient phosphate P2O5 (total),5157,Agricultural Use,1989,1989,t,1494800.0,A,Official data from questionnaire
68,'250,France,3103,Nutrient phosphate P2O5 (total),5157,Agricultural Use,1990,1990,t,1348900.0,A,Official data from questionnaire
68,'250,France,3103,Nutrient phosphate P2O5 (total),5157,Agricultural Use,1991,1991,t,1255000.0,X,Data sourced from another international organization
68,'250,France,3103,Nutrient phosphate P2O5 (total),5157,Agricultural Use,1992,1992,t,1029000.0,X,Data sourced from another international organization
68,'250,France,3103,Nutrient phosphate P2O5 (total),5157,Agricultural Use,1993,1993,t,1007000.0,X,Data sourced from another international organization
68,'250,France,3103,Nutrient phosphate P2O5 (total),5157,Agricultural Use,1994,1994,t,1030500.0,X,Data sourced from another international organization
68,'250,France,3103,Nutrient phosphate P2O5 (total),5157,Agricultural Use,1995,1995,t,1031400.0,X,Data sourced from another international organization
68,'250,France,3103,Nutrient phosphate P2O5 (total),5157,Agricultural Use,1996,1996,t,1051900.0,X,Data sourced from another international organization
68,'250,France,3103,Nutrient phosphate P2O5 (total),5157,Agricultural Use,1997,1997,t,1038800.0,X,Data sourced from another international organization
68,'250,France,3103,Nutrient phosphate P2O5 (total),5157,Agricultural Use,1998,1998,t,1011200.0,X,Data sourced from another international organization
68,'250,France,3103,Nutrient phosphate P2O5 (total),5157,Agricultural Use,1999,1999,t,965600.0,X,Data sourced from another international organization
68,'250,France,3103,Nutrient phosphate P2O5 (total),5157,Agricultural Use,2000,2000,t,795000.0,X,Data sourced from another international organization
68,'250,France,3103,Nutrient phosphate P2O5 (total),5157,Agricultural Use,2001,2001,t,759000.0,X,Data sourced from another international organization
68,'250,France,3103,Nutrient phosphate P2O5 (total),5157,Agricultural Use,2002,2002,t,713300.0,A,Official data from questionnaire
68,'250,France,3103,Nutrient phosphate P2O5 (total),5157,Agricultural Use,2003,2003,t,746000.0,A,Official data from questionnaire
68,'250,France,3103,Nutrient phosphate P2O5 (total),5157,Agricultural Use,2004,2004,t,683000.0,A,Official data from questionnaire
68,'250,France,3103,Nutrient phosphate P2O5 (total),5157,Agricultural Use,2005,2005,t,597000.0,A,Official data from questionnaire
68,'250,France,3103,Nutrient phosphate P2O5 (total),5157,Agricultural Use,2006,2006,t,555552.0,A,Official data from questionnaire
68,'250,France,3103,Nutrient phosphate P2O5 (total),5157,Agricultural Use,2007,2007,t,632000.0,A,Official data from questionnaire
68,'250,France,3103,Nutrient phosphate P2O5 (total),5157,Agricultural Use,2008,2008,t,296000.0,A,Official data from questionnaire
68,'250,France,3103,Nutrient phosphate P2O5 (total),5157,Agricultural Use,2009,2009,t,164835.0,A,Official data from questionnaire
68,'250,France,3103,Nutrient phosphate P2O5 (total),5157,Agricultural Use,2010,2010,t,278035.0,A,Official data from questionnaire
68,'250,France,3103,Nutrient phosphate P2O5 (total),5157,Agricultural Use,2011,2011,t,241585.0,A,Official data from questionnaire
68,'250,France,3103,Nutrient phosphate P2O5 (total),5157,Agricultural Use,2012,2012,t,434321.0,A,Official data from questionnaire
68,'250,France,3103,Nutrient phosphate P2O5 (total),5157,Agricultural Use,2013,2013,t,483391.0,A,Official data from questionnaire
68,'250,France,3103,Nutrient phosphate P2O5 (total),5157,Agricultural Use,2014,2014,t,444649.0,A,Official data from questionnaire
68,'250,France,3103,Nutrient phosphate P2O5 (total),5157,Agricultural Use,2015,2015,t,440031.0,A,Official data from questionnaire
68,'250,France,3103,Nutrient phosphate P2O5 (total),5157,Agricultural Use,2016,2016,t,409585.0,A,Official data from questionnaire
68,'250,France,3103,Nutrient phosphate P2O5 (total),5157,Agricultural Use,2017,2017,t,458891.0,A,Official data from questionnaire
68,'250,France,3103,Nutrient phosphate P2O5 (total),5157,Agricultural Use,2018,2018,t,440468.0,A,Official data from questionnaire
68,'250,France,3103,Nutrient phosphate P2O5 (total),5157,Agricultural Use,2019,2019,t,399499.0,A,Official data from questionnaire
68,'250,France,3103,Nutrient phosphate P2O5 (total),5157,Agricultural Use,2020,2020,t,454487.0,A,Official data from questionnaire
68,'250,France,3103,Nutrient phosphate P2O5 (total),5157,Agricultural Use,2021,2021,t,419424.0,A,Official data from questionnaire
68,'250,France,3103,Nutrient phosphate P2O5 (total),5157,Agricultural Use,2022,2022,t,240801.0,A,Official data from questionnaire
68,'250,France,3103,Nutrient phosphate P2O5 (total),5157,Agricultural Use,2023,2023,t,240801.0,I,
68,'250,France,3103,Nutrient phosphate P2O5 (total),5159,Use per area of cropland,1961,1961,kg/ha,40.69,E,
68,'250,France,3103,Nutrient phosphate P2O5 (total),5159,Use per area of cropland,1962,1962,kg/ha,43.64,E,
68,'250,France,3103,Nutrient phosphate P2O5 (total),5159,Use per area of cropland,1963,1963,kg/ha,49.57,E,
68,'250,France,3103,Nutrient phosphate P2O5 (total),5159,Use per area of cropland,1964,1964,kg/ha,53.8,E,
68,'250,France,3103,Nutrient phosphate P2O5 (total),5159,Use per area of cropland,1965,1965,kg/ha,55.15,E,
68,'250,France,3103,Nutrient phosphate P2O5 (total),5159,Use per area of cropland,1966,1966,kg/ha,60.72,E,
68,'250,France,3103,Nutrient phosphate P2O5 (total),5159,Use per area of cropland,1967,1967,kg/ha,68.36,E,
68,'250,France,3103,Nutrient phosphate P2O5 (total),5159,Use per area of cropland,1968,1968,kg/ha,74.01,E,
68,'250,France,3103,Nutrient phosphate P2O5 (total),5159,Use per area of cropland,1969,1969,kg/ha,78.66,E,
68,'250,France,3103,Nutrient phosphate P2O5 (total),5159,Use per area of cropland,1970,1970,kg/ha,85.25,E,
68,'250,France,3103,Nutrient phosphate P2O5 (total),5159,Use per area of cropland,1971,1971,kg/ha,93.04,E,
68,'250,France,3103,Nutrient phosphate P2O5 (total),5159,Use per area of cropland,1972,1972,kg/ha,99.86,E,
68,'250,France,3103,Nutrient phosphate P2O5 (total),5159,Use per area of cropland,1973,1973,kg/ha,104.34,E,
68,'250,France,3103,Nutrient phosphate P2O5 (total),5159,Use per area of cropland,1974,1974,kg/ha,81.52,E,
68,'250,France,3103,Nutrient phosphate P2O5 (total),5159,Use per area of cropland,1975,1975,kg/ha,79.03,E,
68,'250,France,3103,Nutrient phosphate P2O5 (total),5159,Use per area of cropland,1976,1976,kg/ha,86.28,E,
68,'250,France,3103,Nutrient phosphate P2O5 (total),5159,Use per area of cropland,1977,1977,kg/ha,87.9,E,
68,'250,France,3103,Nutrient phosphate P2O5 (total),5159,Use per area of cropland,1978,1978,kg/ha,92.49,E,
68,'250,France,3103,Nutrient phosphate P2O5 (total),5159,Use per area of cropland,1979,1979,kg/ha,94.36,E,
68,'250,France,3103,Nutrient phosphate P2O5 (total),5159,Use per area of cropland,1980,1980,kg/ha,84.55,E,
68,'250,France,3103,Nutrient phosphate P2O5 (total),5159,Use per area of cropland,1981,1981,kg/ha,79.79,E,
68,'250,France,3103,Nutrient phosphate P2O5 (total),5159,Use per area of cropland,1982,1982,kg/ha,77.15,E,
68,'250,France,3103,Nutrient phosphate P2O5 (total),5159,Use per area of cropland,1983,1983,kg/ha,79.44,E,
68,'250,France,3103,Nutrient phosphate P2O5 (total),5159,Use per area of cropland,1984,1984,kg/ha,74.28,E,
68,'250,France,3103,Nutrient phosphate P2O5 (total),5159,Use per area of cropland,1985,1985,kg/ha,68.57,E,
68,'250,France,3103,Nutrient phosphate P2O5 (total),5159,Use per area of cropland,1986,1986,kg/ha,66.45,E,
68,'250,France,3103,Nutrient phosphate P2O5 (total),5159,Use per area of cropland,1987,1987,kg/ha,64.99,E,
68,'250,France,3103,Nutrient phosphate P2O5 (total),5159,Use per area of cropland,1988,1988,kg/ha,68.97,E,
68,'250,France,3103,Nutrient phosphate P2O5 (total),5159,Use per area of cropland,1989,1989,kg/ha,71.08,E,
68,'250,France,3103,Nutrient phosphate P2O5 (total),5159,Use per area of cropland,1990,1990,kg/ha,63.92,E,
68,'250,France,3103,Nutrient phosphate P2O5 (total),5159,Use per area of cropland,1991,1991,kg/ha,59.33,E,
68,'250,France,3103,Nutrient phosphate P2O5 (total),5159,Use per area of cropland,1992,1992,kg/ha,48.61,E,
68,'250,France,3103,Nutrient phosphate P2O5 (total),5159,Use per area of cropland,1993,1993,kg/ha,47.13,E,
68,'250,France,3103,Nutrient phosphate P2O5 (total),5159,Use per area of cropland,1994,1994,kg/ha,48.09,E,
68,'250,France,3103,Nutrient phosphate P2O5 (total),5159,Use per area of cropland,1995,1995,kg/ha,47.98,E,
68,'250,France,3103,Nutrient phosphate P2O5 (total),5159,Use per area of cropland,1996,1996,kg/ha,48.88,E,
68,'250,France,3103,Nutrient phosphate P2O5 (total),5159,Use per area of cropland,1997,1997,kg/ha,48.14,E,
68,'250,France,3103,Nutrient phosphate P2O5 (total),5159,Use per area of cropland,1998,1998,kg/ha,46.76,E,
68,'250,France,3103,Nutrient phosphate P2O5 (total),5159,Use per area of cropland,1999,1999,kg/ha,44.57,E,
68,'250,France,3103,Nutrient phosphate P2O5 (total),5159,Use per area of cropland,2000,2000,kg/ha,36.7,E,
68,'250,France,3103,Nutrient phosphate P2O5 (total),5159,Use per area of cropland,2001,2001,kg/ha,35.07,E,
68,'250,France,3103,Nutrient phosphate P2O5 (total),5159,Use per area of cropland,2002,2002,kg/ha,32.92,E,
68,'250,France,3103,Nutrient phosphate P2O5 (total),5159,Use per area of cropland,2003,2003,kg/ha,34.48,E,
68,'250,France,3103,Nutrient phosphate P2O5 (total),5159,Use per area of cropland,2004,2004,kg/ha,31.56,E,
68,'250,France,3103,Nutrient phosphate P2O5 (total),5159,Use per area of cropland,2005,2005,kg/ha,27.57,E,
68,'250,France,3103,Nutrient phosphate P2O5 (total),5159,Use per area of cropland,2006,2006,kg/ha,25.73,E,
68,'250,France,3103,Nutrient phosphate P2O5 (total),5159,Use per area of cropland,2007,2007,kg/ha,29.38,E,
68,'250,France,3103,Nutrient phosphate P2O5 (total),5159,Use per area of cropland,2008,2008,kg/ha,13.79,E,
68,'250,France,3103,Nutrient phosphate P2O5 (total),5159,Use per area of cropland,2009,2009,kg/ha,7.69,E,
68,'250,France,3103,Nutrient phosphate P2O5 (total),5159,Use per area of cropland,2010,2010,kg/ha,12.96,E,
68,'250,France,3103,Nutrient phosphate P2O5 (total),5159,Use per area of cropland,2011,2011,kg/ha,11.28,E,
68,'250,France,3103,Nutrient phosphate P2O5 (total),5159,Use per area of cropland,2012,2012,kg/ha,20.27,E,
68,'250,France,3103,Nutrient phosphate P2O5 (total),5159,Use per area of cropland,2013,2013,kg/ha,22.54,E,
68,'250,France,3103,Nutrient phosphate P2O5 (total),5159,Use per area of cropland,2014,2014,kg/ha,20.7,E,
68,'250,France,3103,Nutrient phosphate P2O5 (total),5159,Use per area of cropland,2015,2015,kg/ha,20.35,E,
68,'250,France,3103,Nutrient phosphate P2O5 (total),5159,Use per area of cropland,2016,2016,kg/ha,19.05,E,
68,'250,France,3103,Nutrient phosphate P2O5 (total),5159,Use per area of cropland,2017,2017,kg/ha,21.22,E,
68,'250,France,3103,Nutrient phosphate P2O5 (total),5159,Use per area of cropland,2018,2018,kg/ha,20.72,E,
68,'250,France,3103,Nutrient phosphate P2O5 (total),5159,Use per area of cropland,2019,2019,kg/ha,18.95,E,
68,'250,France,3103,Nutrient phosphate P2O5 (total),5159,Use per area of cropland,2020,2020,kg/ha,22.7,E,
68,'250,France,3103,Nutrient phosphate P2O5 (total),5159,Use per area of cropland,2021,2021,kg/ha,20.92,E,
68,'250,France,3103,Nutrient phosphate P2O5 (total),5159,Use per area of cropland,2022,2022,kg/ha,12.03,E,
68,'250,France,3103,Nutrient phosphate P2O5 (total),5159,Use per area of cropland,2023,2023,kg/ha,12.09,E,
68,'250,France,3103,Nutrient phosphate P2O5 (total),5172,Use per capita,1961,1961,kg/cap,20.64,E,
68,'250,France,3103,Nutrient phosphate P2O5 (total),5172,Use per capita,1962,1962,kg/cap,21.83,E,
68,'250,France,3103,Nutrient phosphate P2O5 (total),5172,Use per capita,1963,1963,kg/cap,24.47,E,
68,'250,France,3103,Nutrient phosphate P2O5 (total),5172,Use per capita,1964,1964,kg/cap,25.77,E,
68,'250,France,3103,Nutrient phosphate P2O5 (total),5172,Use per capita,1965,1965,kg/cap,25.81,E,
68,'250,France,3103,Nutrient phosphate P2O5 (total),5172,Use per capita,1966,1966,kg/cap,27.73,E,
68,'250,France,3103,Nutrient phosphate P2O5 (total),5172,Use per capita,1967,1967,kg/cap,30.36,E,
68,'250,France,3103,Nutrient phosphate P2O5 (total),5172,Use per capita,1968,1968,kg/cap,31.78,E,
68,'250,France,3103,Nutrient phosphate P2O5 (total),5172,Use per capita,1969,1969,kg/cap,33.44,E,
68,'250,France,3103,Nutrient phosphate P2O5 (total),5172,Use per capita,1970,1970,kg/cap,35.61,E,
68,'250,France,3103,Nutrient phosphate P2O5 (total),5172,Use per capita,1971,1971,kg/cap,37.67,E,
68,'250,France,3103,Nutrient phosphate P2O5 (total),5172,Use per capita,1972,1972,kg/cap,39.95,E,
68,'250,France,3103,Nutrient phosphate P2O5 (total),5172,Use per capita,1973,1973,kg/cap,41.56,E,
68,'250,France,3103,Nutrient phosphate P2O5 (total),5172,Use per capita,1974,1974,kg/cap,32.58,E,
68,'250,France,3103,Nutrient phosphate P2O5 (total),5172,Use per capita,1975,1975,kg/cap,31.55,E,
68,'250,France,3103,Nutrient phosphate P2O5 (total),5172,Use per capita,1976,1976,kg/cap,33.92,E,
68,'250,France,3103,Nutrient phosphate P2O5 (total),5172,Use per capita,1977,1977,kg/cap,34.58,E,
68,'250,France,3103,Nutrient phosphate P2O5 (total),5172,Use per capita,1978,1978,kg/cap,36.49,E,
68,'250,France,3103,Nutrient phosphate P2O5 (total),5172,Use per capita,1979,1979,kg/cap,36.97,E,
68,'250,France,3103,Nutrient phosphate P2O5 (total),5172,Use per capita,1980,1980,kg/cap,32.87,E,
68,'250,France,3103,Nutrient phosphate P2O5 (total),5172,Use per capita,1981,1981,kg/cap,30.91,E,
68,'250,France,3103,Nutrient phosphate P2O5 (total),5172,Use per capita,1982,1982,kg/cap,29.88,E,
68,'250,France,3103,Nutrient phosphate P2O5 (total),5172,Use per capita,1983,1983,kg/cap,30.6,E,
68,'250,France,3103,Nutrient phosphate P2O5 (total),5172,Use per capita,1984,1984,kg/cap,28.64,E,
68,'250,France,3103,Nutrient phosphate P2O5 (total),5172,Use per capita,1985,1985,kg/cap,26.43,E,
68,'250,France,3103,Nutrient phosphate P2O5 (total),5172,Use per capita,1986,1986,kg/cap,25.56,E,
68,'250,France,3103,Nutrient phosphate P2O5 (total),5172,Use per capita,1987,1987,kg/cap,25.07,E,
68,'250,France,3103,Nutrient phosphate P2O5 (total),5172,Use per capita,1988,1988,kg/cap,25.9,E,
68,'250,France,3103,Nutrient phosphate P2O5 (total),5172,Use per capita,1989,1989,kg/cap,26.37,E,
68,'250,France,3103,Nutrient phosphate P2O5 (total),5172,Use per capita,1990,1990,kg/cap,23.67,E,
68,'250,France,3103,Nutrient phosphate P2O5 (total),5172,Use per capita,1991,1991,kg/cap,21.91,E,
68,'250,France,3103,Nutrient phosphate P2O5 (total),5172,Use per capita,1992,1992,kg/cap,17.88,E,
68,'250,France,3103,Nutrient phosphate P2O5 (total),5172,Use per capita,1993,1993,kg/cap,17.42,E,
68,'250,France,3103,Nutrient phosphate P2O5 (total),5172,Use per capita,1994,1994,kg/cap,17.77,E,
68,'250,France,3103,Nutrient phosphate P2O5 (total),5172,Use per capita,1995,1995,kg/cap,17.72,E,
68,'250,France,3103,Nutrient phosphate P2O5 (total),5172,Use per capita,1996,1996,kg/cap,18.02,E,
68,'250,France,3103,Nutrient phosphate P2O5 (total),5172,Use per capita,1997,1997,kg/cap,17.74,E,
68,'250,France,3103,Nutrient phosphate P2O5 (total),5172,Use per capita,1998,1998,kg/cap,17.2,E,
68,'250,France,3103,Nutrient phosphate P2O5 (total),5172,Use per capita,1999,1999,kg/cap,16.34,E,
68,'250,France,3103,Nutrient phosphate P2O5 (total),5172,Use per capita,2000,2000,kg/cap,13.37,E,
68,'250,France,3103,Nutrient phosphate P2O5 (total),5172,Use per capita,2001,2001,kg/cap,12.67,E,
68,'250,France,3103,Nutrient phosphate P2O5 (total),5172,Use per capita,2002,2002,kg/cap,11.82,E,
68,'250,France,3103,Nutrient phosphate P2O5 (total),5172,Use per capita,2003,2003,kg/cap,12.28,E,
68,'250,France,3103,Nutrient phosphate P2O5 (total),5172,Use per capita,2004,2004,kg/cap,11.16,E,
68,'250,France,3103,Nutrient phosphate P2O5 (total),5172,Use per capita,2005,2005,kg/cap,9.69,E,
68,'250,France,3103,Nutrient phosphate P2O5 (total),5172,Use per capita,2006,2006,kg/cap,8.95,E,
68,'250,France,3103,Nutrient phosphate P2O5 (total),5172,Use per capita,2007,2007,kg/cap,10.12,E,
68,'250,France,3103,Nutrient phosphate P2O5 (total),5172,Use per capita,2008,2008,kg/cap,4.71,E,
68,'250,France,3103,Nutrient phosphate P2O5 (total),5172,Use per capita,2009,2009,kg/cap,2.61,E,
68,'250,France,3103,Nutrient phosphate P2O5 (total),5172,Use per capita,2010,2010,kg/cap,4.38,E,
68,'250,France,3103,Nutrient phosphate P2O5 (total),5172,Use per capita,2011,2011,kg/cap,3.79,E,
68,'250,France,3103,Nutrient phosphate P2O5 (total),5172,Use per capita,2012,2012,kg/cap,6.78,E,
68,'250,France,3103,Nutrient phosphate P2O5 (total),5172,Use per capita,2013,2013,kg/cap,7.51,E,
68,'250,France,3103,Nutrient phosphate P2O5 (total),5172,Use per capita,2014,2014,kg/cap,6.87,E,
68,'250,France,3103,Nutrient phosphate P2O5 (total),5172,Use per capita,2015,2015,kg/cap,6.78,E,
68,'250,France,3103,Nutrient phosphate P2O5 (total),5172,Use per capita,2016,2016,kg/cap,6.29,E,
68,'250,France,3103,Nutrient phosphate P2O5 (total),5172,Use per capita,2017,2017,kg/cap,7.03,E,
68,'250,France,3103,Nutrient phosphate P2O5 (total),5172,Use per capita,2018,2018,kg/cap,6.72,E,
68,'250,France,3103,Nutrient phosphate P2O5 (total),5172,Use per capita,2019,2019,kg/cap,6.08,E,
68,'250,France,3103,Nutrient phosphate P2O5 (total),5172,Use per capita,2020,2020,kg/cap,6.9,E,
68,'250,France,3103,Nutrient phosphate P2O5 (total),5172,Use per capita,2021,2021,kg/cap,6.35,E,
68,'250,France,3103,Nutrient phosphate P2O5 (total),5172,Use per capita,2022,2022,kg/cap,3.63,E,
68,'250,France,3103,Nutrient phosphate P2O5 (total),5172,Use per capita,2023,2023,kg/cap,3.62,E,
68,'250,France,3103,Nutrient phosphate P2O5 (total),5173,Use per value of agricultural production,1961,1961,g/Int$,23.76,E,
68,'250,France,3103,Nutrient phosphate P2O5 (total),5173,Use per value of agricultural production,1962,1962,g/Int$,22.27,E,
68,'250,France,3103,Nutrient phosphate P2O5 (total),5173,Use per value of agricultural production,1963,1963,g/Int$,26.65,E,
68,'250,France,3103,Nutrient phosphate P2O5 (total),5173,Use per value of agricultural production,1964,1964,g/Int$,28.43,E,
68,'250,France,3103,Nutrient phosphate P2O5 (total),5173,Use per value of agricultural production,1965,1965,g/Int$,27.13,E,
68,'250,France,3103,Nutrient phosphate P2O5 (total),5173,Use per value of agricultural production,1966,1966,g/Int$,30.7,E,
68,'250,France,3103,Nutrient phosphate P2O5 (total),5173,Use per value of agricultural production,1967,1967,g/Int$,31.81,E,
68,'250,France,3103,Nutrient phosphate P2O5 (total),5173,Use per value of agricultural production,1968,1968,g/Int$,32.48,E,
68,'250,France,3103,Nutrient phosphate P2O5 (total),5173,Use per value of agricultural production,1969,1969,g/Int$,36.56,E,
68,'250,France,3103,Nutrient phosphate P2O5 (total),5173,Use per value of agricultural production,1970,1970,g/Int$,36.77,E,
68,'250,France,3103,Nutrient phosphate P2O5 (total),5173,Use per value of agricultural production,1971,1971,g/Int$,39.37,E,
68,'250,France,3103,Nutrient phosphate P2O5 (total),5173,Use per value of agricultural production,1972,1972,g/Int$,42.67,E,
68,'250,France,3103,Nutrient phosphate P2O5 (total),5173,Use per value of agricultural production,1973,1973,g/Int$,40.78,E,
68,'250,France,3103,Nutrient phosphate P2O5 (total),5173,Use per value of agricultural production,1974,1974,g/Int$,32.24,E,
68,'250,France,3103,Nutrient phosphate P2O5 (total),5173,Use per value of agricultural production,1975,1975,g/Int$,33.28,E,
68,'250,France,3103,Nutrient phosphate P2O5 (total),5173,Use per value of agricultural production,1976,1976,g/Int$,35.78,E,
68,'250,France,3103,Nutrient phosphate P2O5 (total),5173,Use per value of agricultural production,1977,1977,g/Int$,37.73,E,
68,'250,France,3103,Nutrient phosphate P2O5 (total),5173,Use per value of agricultural production,1978,1978,g/Int$,37.12,E,
68,'250,France,3103,Nutrient phosphate P2O5 (total),5173,Use per value of agricultural production,1979,1979,g/Int$,34.85,E,
68,'250,France,3103,Nutrient phosphate P2O5 (total),5173,Use per value of agricultural production,1980,1980,g/Int$,31.16,E,
68,'250,France,3103,Nutrient phosphate P2O5 (total),5173,Use per value of agricultural production,1981,1981,g/Int$,30.58,E,
68,'250,France,3103,Nutrient phosphate P2O5 (total),5173,Use per value of agricultural production,1982,1982,g/Int$,27.73,E,
68,'250,France,3103,Nutrient phosphate P2O5 (total),5173,Use per value of agricultural production,1983,1983,g/Int$,29.78,E,
68,'250,France,3103,Nutrient phosphate P2O5 (total),5173,Use per value of agricultural production,1984,1984,g/Int$,26.14,E,
68,'250,France,3103,Nutrient phosphate P2O5 (total),5173,Use per value of agricultural production,1985,1985,g/Int$,24.63,E,
68,'250,France,3103,Nutrient phosphate P2O5 (total),5173,Use per value of agricultural production,1986,1986,g/Int$,24.24,E,
68,'250,France,3103,Nutrient phosphate P2O5 (total),5173,Use per value of agricultural production,1987,1987,g/Int$,23.21,E,
68,'250,France,3103,Nutrient phosphate P2O5 (total),5173,Use per value of agricultural production,1988,1988,g/Int$,24.71,E,
68,'250,France,3103,Nutrient phosphate P2O5 (total),5173,Use per value of agricultural production,1989,1989,g/Int$,25.49,E,
68,'250,France,3103,Nutrient phosphate P2O5 (total),5173,Use per value of agricultural production,1990,1990,g/Int$,22.51,E,
68,'250,France,3103,Nutrient phosphate P2O5 (total),5173,Use per value of agricultural production,1991,1991,g/Int$,21.62,E,
68,'250,France,3103,Nutrient phosphate P2O5 (total),5173,Use per value of agricultural production,1992,1992,g/Int$,17.04,E,
68,'250,France,3103,Nutrient phosphate P2O5 (total),5173,Use per value of agricultural production,1993,1993,g/Int$,17.61,E,
68,'250,France,3103,Nutrient phosphate P2O5 (total),5173,Use per value of agricultural production,1994,1994,g/Int$,17.8,E,
68,'250,France,3103,Nutrient phosphate P2O5 (total),5173,Use per value of agricultural production,1995,1995,g/Int$,17.44,E,
68,'250,France,3103,Nutrient phosphate P2O5 (total),5173,Use per value of agricultural production,1996,1996,g/Int$,16.84,E,
68,'250,France,3103,Nutrient phosphate P2O5 (total),5173,Use per value of agricultural production,1997,1997,g/Int$,16.51,E,
68,'250,France,3103,Nutrient phosphate P2O5 (total),5173,Use per value of agricultural production,1998,1998,g/Int$,15.99,E,
68,'250,France,3103,Nutrient phosphate P2O5 (total),5173,Use per value of agricultural production,1999,1999,g/Int$,15.2,E,
68,'250,France,3103,Nutrient phosphate P2O5 (total),5173,Use per value of agricultural production,2000,2000,g/Int$,13.02,E,
68,'250,France,3103,Nutrient phosphate P2O5 (total),5173,Use per value of agricultural production,2001,2001,g/Int$,12.96,E,
68,'250,France,3103,Nutrient phosphate P2O5 (total),5173,Use per value of agricultural production,2002,2002,g/Int$,11.59,E,
68,'250,France,3103,Nutrient phosphate P2O5 (total),5173,Use per value of agricultural production,2003,2003,g/Int$,13.19,E,
68,'250,France,3103,Nutrient phosphate P2O5 (total),5173,Use per value of agricultural production,2004,2004,g/Int$,11.13,E,
68,'250,France,3103,Nutrient phosphate P2O5 (total),5173,Use per value of agricultural production,2005,2005,g/Int$,10.11,E,
68,'250,France,3103,Nutrient phosphate P2O5 (total),5173,Use per value of agricultural production,2006,2006,g/Int$,9.82,E,
68,'250,France,3103,Nutrient phosphate P2O5 (total),5173,Use per value of agricultural production,2007,2007,g/Int$,11.29,E,
68,'250,France,3103,Nutrient phosphate P2O5 (total),5173,Use per value of agricultural production,2008,2008,g/Int$,5.04,E,
68,'250,France,3103,Nutrient phosphate P2O5 (total),5173,Use per value of agricultural production,2009,2009,g/Int$,2.77,E,
68,'250,France,3103,Nutrient phosphate P2O5 (total),5173,Use per value of agricultural production,2010,2010,g/Int$,4.79,E,
68,'250,France,3103,Nutrient phosphate P2O5 (total),5173,Use per value of agricultural production,2011,2011,g/Int$,4.06,E,
68,'250,France,3103,Nutrient phosphate P2O5 (total),5173,Use per value of agricultural production,2012,2012,g/Int$,7.53,E,
68,'250,France,3103,Nutrient phosphate P2O5 (total),5173,Use per value of agricultural production,2013,2013,g/Int$,8.52,E,
68,'250,France,3103,Nutrient phosphate P2O5 (total),5173,Use per value of agricultural production,2014,2014,g/Int$,7.37,E,
68,'250,France,3103,Nutrient phosphate P2O5 (total),5173,Use per value of agricultural production,2015,2015,g/Int$,7.31,E,
68,'250,France,3103,Nutrient phosphate P2O5 (total),5173,Use per value of agricultural production,2016,2016,g/Int$,7.3,E,
68,'250,France,3103,Nutrient phosphate P2O5 (total),5173,Use per value of agricultural production,2017,2017,g/Int$,7.69,E,
68,'250,France,3103,Nutrient phosphate P2O5 (total),5173,Use per value of agricultural production,2018,2018,g/Int$,7.7,E,
68,'250,France,3103,Nutrient phosphate P2O5 (total),5173,Use per value of agricultural production,2019,2019,g/Int$,6.92,E,
68,'250,France,3103,Nutrient phosphate P2O5 (total),5173,Use per value of agricultural production,2020,2020,g/Int$,8.23,E,
68,'250,France,3103,Nutrient phosphate P2O5 (total),5173,Use per value of agricultural production,2021,2021,g/Int$,7.36,E,
68,'250,France,3103,Nutrient phosphate P2O5 (total),5173,Use per value of agricultural production,2022,2022,g/Int$,4.33,E,
68,'250,France,3103,Nutrient phosphate P2O5 (total),5173,Use per value of agricultural production,2023,2023,g/Int$,4.29,E,
68,'250,France,3104,Nutrient potash K2O (total),5510,Production,1961,1961,t,1691900.0,A,Official data from questionnaire
68,'250,France,3104,Nutrient potash K2O (total),5510,Production,1962,1962,t,1680300.0,A,Official data from questionnaire
68,'250,France,3104,Nutrient potash K2O (total),5510,Production,1963,1963,t,1822619.0,A,Official data from questionnaire
68,'250,France,3104,Nutrient potash K2O (total),5510,Production,1964,1964,t,1823800.0,A,Official data from questionnaire
68,'250,France,3104,Nutrient potash K2O (total),5510,Production,1965,1965,t,1877100.0,A,Official data from questionnaire
68,'250,France,3104,Nutrient potash K2O (total),5510,Production,1966,1966,t,1836600.0,A,Official data from questionnaire
68,'250,France,3104,Nutrient potash K2O (total),5510,Production,1967,1967,t,1804042.0,A,Official data from questionnaire
68,'250,France,3104,Nutrient potash K2O (total),5510,Production,1968,1968,t,1722937.0,A,Official data from questionnaire
68,'250,France,3104,Nutrient potash K2O (total),5510,Production,1969,1969,t,1775401.0,A,Official data from questionnaire
68,'250,France,3104,Nutrient potash K2O (total),5510,Production,1970,1970,t,1841856.0,A,Official data from questionnaire
68,'250,France,3104,Nutrient potash K2O (total),5510,Production,1971,1971,t,1827047.0,A,Official data from questionnaire
68,'250,France,3104,Nutrient potash K2O (total),5510,Production,1972,1972,t,1664480.0,A,Official data from questionnaire
68,'250,France,3104,Nutrient potash K2O (total),5510,Production,1973,1973,t,2082404.0,A,Official data from questionnaire
68,'250,France,3104,Nutrient potash K2O (total),5510,Production,1974,1974,t,2078500.0,A,Official data from questionnaire
68,'250,France,3104,Nutrient potash K2O (total),5510,Production,1975,1975,t,1734000.0,X,Data sourced from another international organization
68,'250,France,3104,Nutrient potash K2O (total),5510,Production,1976,1976,t,1567100.0,X,Data sourced from another international organization
68,'250,France,3104,Nutrient potash K2O (total),5510,Production,1977,1977,t,1704300.0,X,Data sourced from another international organization
68,'250,France,3104,Nutrient potash K2O (total),5510,Production,1978,1978,t,1831300.0,X,Data sourced from another international organization
68,'250,France,3104,Nutrient potash K2O (total),5510,Production,1979,1979,t,1915300.0,X,Data sourced from another international organization
68,'250,France,3104,Nutrient potash K2O (total),5510,Production,1980,1980,t,1932800.0,X,Data sourced from another international organization
68,'250,France,3104,Nutrient potash K2O (total),5510,Production,1981,1981,t,1726000.0,X,Data sourced from another international organization
68,'250,France,3104,Nutrient potash K2O (total),5510,Production,1982,1982,t,1601400.0,X,Data sourced from another international organization
68,'250,France,3104,Nutrient potash K2O (total),5510,Production,1983,1983,t,1685000.0,X,Data sourced from another international organization
68,'250,France,3104,Nutrient potash K2O (total),5510,Production,1984,1984,t,1729000.0,X,Data sourced from another international organization
68,'250,France,3104,Nutrient potash K2O (total),5510,Production,1985,1985,t,1719000.0,X,Data sourced from another international organization
68,'250,France,3104,Nutrient potash K2O (total),5510,Production,1986,1986,t,1549000.0,X,Data sourced from another international organization
68,'250,France,3104,Nutrient potash K2O (total),5510,Production,1987,1987,t,1564000.0,X,Data sourced from another international organization
68,'250,France,3104,Nutrient potash K2O (total),5510,Production,1988,1988,t,1411000.0,X,Data sourced from another international organization
68,'250,France,3104,Nutrient potash K2O (total),5510,Production,1989,1989,t,1199400.0,X,Data sourced from another international organization
68,'250,France,3104,Nutrient potash K2O (total),5510,Production,1990,1990,t,1292400.0,X,Data sourced from another international organization
68,'250,France,3104,Nutrient potash K2O (total),5510,Production,1991,1991,t,1129000.0,X,Data sourced from another international organization
68,'250,France,3104,Nutrient potash K2O (total),5510,Production,1992,1992,t,1141000.0,X,Data sourced from another international organization
68,'250,France,3104,Nutrient potash K2O (total),5510,Production,1993,1993,t,890000.0,X,Data sourced from another international organization
68,'250,France,3104,Nutrient potash K2O (total),5510,Production,1994,1994,t,870000.0,X,Data sourced from another international organization
68,'250,France,3104,Nutrient potash K2O (total),5510,Production,1995,1995,t,802000.0,X,Data sourced from another international organization
68,'250,France,3104,Nutrient potash K2O (total),5510,Production,1996,1996,t,751000.0,X,Data sourced from another international organization
68,'250,France,3104,Nutrient potash K2O (total),5510,Production,1997,1997,t,665300.0,X,Data sourced from another international organization
68,'250,France,3104,Nutrient potash K2O (total),5510,Production,1998,1998,t,417100.0,X,Data sourced from another international organization
68,'250,France,3104,Nutrient potash K2O (total),5510,Production,1999,1999,t,311300.0,X,Data sourced from another international organization
68,'250,France,3104,Nutrient potash K2O (total),5510,Production,2000,2000,t,321000.0,X,Data sourced from another international organization
68,'250,France,3104,Nutrient potash K2O (total),5510,Production,2001,2001,t,244200.0,X,Data sourced from another international organization
68,'250,France,3104,Nutrient potash K2O (total),5510,Production,2002,2002,t,130000.0,E,
68,'250,France,3104,Nutrient potash K2O (total),5510,Production,2003,2003,t,0.0,E,
68,'250,France,3104,Nutrient potash K2O (total),5510,Production,2004,2004,t,0.0,E,
68,'250,France,3104,Nutrient potash K2O (total),5510,Production,2005,2005,t,0.0,E,
68,'250,France,3104,Nutrient potash K2O (total),5510,Production,2006,2006,t,0.0,E,
68,'250,France,3104,Nutrient potash K2O (total),5510,Production,2007,2007,t,0.0,E,
68,'250,France,3104,Nutrient potash K2O (total),5510,Production,2008,2008,t,0.0,E,
68,'250,France,3104,Nutrient potash K2O (total),5510,Production,2009,2009,t,0.0,E,
68,'250,France,3104,Nutrient potash K2O (total),5510,Production,2010,2010,t,0.0,E,
68,'250,France,3104,Nutrient potash K2O (total),5510,Production,2011,2011,t,0.0,E,
68,'250,France,3104,Nutrient potash K2O (total),5510,Production,2012,2012,t,0.0,E,
68,'250,France,3104,Nutrient potash K2O (total),5510,Production,2013,2013,t,0.0,E,
68,'250,France,3104,Nutrient potash K2O (total),5510,Production,2014,2014,t,0.0,E,
68,'250,France,3104,Nutrient potash K2O (total),5510,Production,2015,2015,t,0.0,E,
68,'250,France,3104,Nutrient potash K2O (total),5510,Production,2016,2016,t,0.0,E,
68,'250,France,3104,Nutrient potash K2O (total),5510,Production,2017,2017,t,0.0,I,
68,'250,France,3104,Nutrient potash K2O (total),5510,Production,2018,2018,t,0.0,E,
68,'250,France,3104,Nutrient potash K2O (total),5510,Production,2019,2019,t,0.0,E,
68,'250,France,3104,Nutrient potash K2O (total),5510,Production,2020,2020,t,0.0,E,
68,'250,France,3104,Nutrient potash K2O (total),5510,Production,2021,2021,t,0.0,E,
68,'250,France,3104,Nutrient potash K2O (total),5510,Production,2022,2022,t,0.0,E,
68,'250,France,3104,Nutrient potash K2O (total),5510,Production,2023,2023,t,0.0,E,
68,'250,France,3104,Nutrient potash K2O (total),5610,Import quantity,1961,1961,t,36800.0,A,Official data from questionnaire
68,'250,France,3104,Nutrient potash K2O (total),5610,Import quantity,1962,1962,t,48200.0,A,Official data from questionnaire
68,'250,France,3104,Nutrient potash K2O (total),5610,Import quantity,1963,1963,t,25460.0,A,Official data from questionnaire
68,'250,France,3104,Nutrient potash K2O (total),5610,Import quantity,1964,1964,t,57998.0,A,Official data from questionnaire
68,'250,France,3104,Nutrient potash K2O (total),5610,Import quantity,1965,1965,t,29099.0,A,Official data from questionnaire
68,'250,France,3104,Nutrient potash K2O (total),5610,Import quantity,1966,1966,t,36100.0,A,Official data from questionnaire
68,'250,France,3104,Nutrient potash K2O (total),5610,Import quantity,1967,1967,t,41874.0,A,Official data from questionnaire
68,'250,France,3104,Nutrient potash K2O (total),5610,Import quantity,1968,1968,t,234896.0,A,Official data from questionnaire
68,'250,France,3104,Nutrient potash K2O (total),5610,Import quantity,1969,1969,t,236338.0,A,Official data from questionnaire
68,'250,France,3104,Nutrient potash K2O (total),5610,Import quantity,1970,1970,t,183146.0,A,Official data from questionnaire
68,'250,France,3104,Nutrient potash K2O (total),5610,Import quantity,1971,1971,t,211964.0,A,Official data from questionnaire
68,'250,France,3104,Nutrient potash K2O (total),5610,Import quantity,1972,1972,t,198624.0,A,Official data from questionnaire
68,'250,France,3104,Nutrient potash K2O (total),5610,Import quantity,1973,1973,t,464552.0,A,Official data from questionnaire
68,'250,France,3104,Nutrient potash K2O (total),5610,Import quantity,1974,1974,t,337000.0,X,Data sourced from another international organization
68,'250,France,3104,Nutrient potash K2O (total),5610,Import quantity,1975,1975,t,270500.0,X,Data sourced from another international organization
68,'250,France,3104,Nutrient potash K2O (total),5610,Import quantity,1976,1976,t,328900.0,X,Data sourced from another international organization
68,'250,France,3104,Nutrient potash K2O (total),5610,Import quantity,1977,1977,t,362100.0,X,Data sourced from another international organization
68,'250,France,3104,Nutrient potash K2O (total),5610,Import quantity,1978,1978,t,315300.0,X,Data sourced from another international organization
68,'250,France,3104,Nutrient potash K2O (total),5610,Import quantity,1979,1979,t,422600.0,X,Data sourced from another international organization
68,'250,France,3104,Nutrient potash K2O (total),5610,Import quantity,1980,1980,t,398300.0,X,Data sourced from another international organization
68,'250,France,3104,Nutrient potash K2O (total),5610,Import quantity,1981,1981,t,382900.0,X,Data sourced from another international organization
68,'250,France,3104,Nutrient potash K2O (total),5610,Import quantity,1982,1982,t,590800.0,X,Data sourced from another international organization
68,'250,France,3104,Nutrient potash K2O (total),5610,Import quantity,1983,1983,t,939200.0,X,Data sourced from another international organization
68,'250,France,3104,Nutrient potash K2O (total),5610,Import quantity,1984,1984,t,1011900.0,X,Data sourced from another international organization
68,'250,France,3104,Nutrient potash K2O (total),5610,Import quantity,1985,1985,t,1088700.0,X,Data sourced from another international organization
68,'250,France,3104,Nutrient potash K2O (total),5610,Import quantity,1986,1986,t,998500.0,X,Data sourced from another international organization
68,'250,France,3104,Nutrient potash K2O (total),5610,Import quantity,1987,1987,t,1099800.0,X,Data sourced from another international organization
68,'250,France,3104,Nutrient potash K2O (total),5610,Import quantity,1988,1988,t,1089700.0,X,Data sourced from another international organization
68,'250,France,3104,Nutrient potash K2O (total),5610,Import quantity,1989,1989,t,1429600.0,X,Data sourced from another international organization
68,'250,France,3104,Nutrient potash K2O (total),5610,Import quantity,1990,1990,t,1309400.0,X,Data sourced from another international organization
68,'250,France,3104,Nutrient potash K2O (total),5610,Import quantity,1991,1991,t,1269000.0,X,Data sourced from another international organization
68,'250,France,3104,Nutrient potash K2O (total),5610,Import quantity,1992,1992,t,1146000.0,X,Data sourced from another international organization
68,'250,France,3104,Nutrient potash K2O (total),5610,Import quantity,1993,1993,t,1038000.0,X,Data sourced from another international organization
68,'250,France,3104,Nutrient potash K2O (total),5610,Import quantity,1994,1994,t,1274000.0,X,Data sourced from another international organization
68,'250,France,3104,Nutrient potash K2O (total),5610,Import quantity,1995,1995,t,1230000.0,X,Data sourced from another international organization
68,'250,France,3104,Nutrient potash K2O (total),5610,Import quantity,1996,1996,t,1327000.0,X,Data sourced from another international organization
68,'250,France,3104,Nutrient potash K2O (total),5610,Import quantity,1997,1997,t,1409000.0,X,Data sourced from another international organization
68,'250,France,3104,Nutrient potash K2O (total),5610,Import quantity,1998,1998,t,1597000.0,X,Data sourced from another international organization
68,'250,France,3104,Nutrient potash K2O (total),5610,Import quantity,1999,1999,t,1509000.0,X,Data sourced from another international organization
68,'250,France,3104,Nutrient potash K2O (total),5610,Import quantity,2000,2000,t,1413000.0,X,Data sourced from another international organization
68,'250,France,3104,Nutrient potash K2O (total),5610,Import quantity,2001,2001,t,1214000.0,X,Data sourced from another international organization
68,'250,France,3104,Nutrient potash K2O (total),5610,Import quantity,2002,2002,t,1056645.29,I,
68,'250,France,3104,Nutrient potash K2O (total),5610,Import quantity,2003,2003,t,1242438.09,I,
68,'250,France,3104,Nutrient potash K2O (total),5610,Import quantity,2004,2004,t,1298067.06,I,
68,'250,France,3104,Nutrient potash K2O (total),5610,Import quantity,2005,2005,t,1060509.36,I,
68,'250,France,3104,Nutrient potash K2O (total),5610,Import quantity,2006,2006,t,605753.47,I,
68,'250,France,3104,Nutrient potash K2O (total),5610,Import quantity,2007,2007,t,719099.55,I,
68,'250,France,3104,Nutrient potash K2O (total),5610,Import quantity,2008,2008,t,690251.53,I,
68,'250,France,3104,Nutrient potash K2O (total),5610,Import quantity,2009,2009,t,236003.01,I,
68,'250,France,3104,Nutrient potash K2O (total),5610,Import quantity,2010,2010,t,528866.6,I,
68,'250,France,3104,Nutrient potash K2O (total),5610,Import quantity,2011,2011,t,729909.56,I,
68,'250,France,3104,Nutrient potash K2O (total),5610,Import quantity,2012,2012,t,704981.42,I,
68,'250,France,3104,Nutrient potash K2O (total),5610,Import quantity,2013,2013,t,657723.96,I,
68,'250,France,3104,Nutrient potash K2O (total),5610,Import quantity,2014,2014,t,699248.68,I,
68,'250,France,3104,Nutrient potash K2O (total),5610,Import quantity,2015,2015,t,628623.89,I,
68,'250,France,3104,Nutrient potash K2O (total),5610,Import quantity,2016,2016,t,560776.01,I,
68,'250,France,3104,Nutrient potash K2O (total),5610,Import quantity,2017,2017,t,647605.54,I,
68,'250,France,3104,Nutrient potash K2O (total),5610,Import quantity,2018,2018,t,562173.93,I,
68,'250,France,3104,Nutrient potash K2O (total),5610,Import quantity,2019,2019,t,564140.36,I,
68,'250,France,3104,Nutrient potash K2O (total),5610,Import quantity,2020,2020,t,563746.75,I,
68,'250,France,3104,Nutrient potash K2O (total),5610,Import quantity,2021,2021,t,603160.72,I,
68,'250,France,3104,Nutrient potash K2O (total),5610,Import quantity,2022,2022,t,418917.91,I,
68,'250,France,3104,Nutrient potash K2O (total),5610,Import quantity,2023,2023,t,375322.93,I,
68,'250,France,3104,Nutrient potash K2O (total),5910,Export quantity,1961,1961,t,770000.0,A,Official data from questionnaire
68,'250,France,3104,Nutrient potash K2O (total),5910,Export quantity,1962,1962,t,741400.0,A,Official data from questionnaire
68,'250,France,3104,Nutrient potash K2O (total),5910,Export quantity,1963,1963,t,872549.0,A,Official data from questionnaire
68,'250,France,3104,Nutrient potash K2O (total),5910,Export quantity,1964,1964,t,804341.0,A,Official data from questionnaire
68,'250,France,3104,Nutrient potash K2O (total),5910,Export quantity,1965,1965,t,672168.0,A,Official data from questionnaire
68,'250,France,3104,Nutrient potash K2O (total),5910,Export quantity,1966,1966,t,783346.0,A,Official data from questionnaire
68,'250,France,3104,Nutrient potash K2O (total),5910,Export quantity,1967,1967,t,837142.0,A,Official data from questionnaire
68,'250,France,3104,Nutrient potash K2O (total),5910,Export quantity,1968,1968,t,830218.0,A,Official data from questionnaire
68,'250,France,3104,Nutrient potash K2O (total),5910,Export quantity,1969,1969,t,705995.0,A,Official data from questionnaire
68,'250,France,3104,Nutrient potash K2O (total),5910,Export quantity,1970,1970,t,859125.0,A,Official data from questionnaire
68,'250,France,3104,Nutrient potash K2O (total),5910,Export quantity,1971,1971,t,721284.0,A,Official data from questionnaire
68,'250,France,3104,Nutrient potash K2O (total),5910,Export quantity,1972,1972,t,826655.0,A,Official data from questionnaire
68,'250,France,3104,Nutrient potash K2O (total),5910,Export quantity,1973,1973,t,951223.0,A,Official data from questionnaire
68,'250,France,3104,Nutrient potash K2O (total),5910,Export quantity,1974,1974,t,884100.0,X,Data sourced from another international organization
68,'250,France,3104,Nutrient potash K2O (total),5910,Export quantity,1975,1975,t,616600.0,X,Data sourced from another international organization
68,'250,France,3104,Nutrient potash K2O (total),5910,Export quantity,1976,1976,t,693800.0,X,Data sourced from another international organization
68,'250,France,3104,Nutrient potash K2O (total),5910,Export quantity,1977,1977,t,660200.0,X,Data sourced from another international organization
68,'250,France,3104,Nutrient potash K2O (total),5910,Export quantity,1978,1978,t,701800.0,X,Data sourced from another international organization
68,'250,France,3104,Nutrient potash K2O (total),5910,Export quantity,1979,1979,t,661700.0,X,Data sourced from another international organization
68,'250,France,3104,Nutrient potash K2O (total),5910,Export quantity,1980,1980,t,577900.0,X,Data sourced from another international organization
68,'250,France,3104,Nutrient potash K2O (total),5910,Export quantity,1981,1981,t,576600.0,X,Data sourced from another international organization
68,'250,France,3104,Nutrient potash K2O (total),5910,Export quantity,1982,1982,t,587000.0,X,Data sourced from another international organization
68,'250,France,3104,Nutrient potash K2O (total),5910,Export quantity,1983,1983,t,641300.0,X,Data sourced from another international organization
68,'250,France,3104,Nutrient potash K2O (total),5910,Export quantity,1984,1984,t,725600.0,X,Data sourced from another international organization
68,'250,France,3104,Nutrient potash K2O (total),5910,Export quantity,1985,1985,t,605700.0,X,Data sourced from another international organization
68,'250,France,3104,Nutrient potash K2O (total),5910,Export quantity,1986,1986,t,586800.0,X,Data sourced from another international organization
68,'250,France,3104,Nutrient potash K2O (total),5910,Export quantity,1987,1987,t,714200.0,X,Data sourced from another international organization
68,'250,France,3104,Nutrient potash K2O (total),5910,Export quantity,1988,1988,t,725300.0,X,Data sourced from another international organization
68,'250,France,3104,Nutrient potash K2O (total),5910,Export quantity,1989,1989,t,602900.0,X,Data sourced from another international organization
68,'250,France,3104,Nutrient potash K2O (total),5910,Export quantity,1990,1990,t,627300.0,X,Data sourced from another international organization
68,'250,France,3104,Nutrient potash K2O (total),5910,Export quantity,1991,1991,t,628000.0,X,Data sourced from another international organization
68,'250,France,3104,Nutrient potash K2O (total),5910,Export quantity,1992,1992,t,514000.0,X,Data sourced from another international organization
68,'250,France,3104,Nutrient potash K2O (total),5910,Export quantity,1993,1993,t,529000.0,X,Data sourced from another international organization
68,'250,France,3104,Nutrient potash K2O (total),5910,Export quantity,1994,1994,t,596000.0,X,Data sourced from another international organization
68,'250,France,3104,Nutrient potash K2O (total),5910,Export quantity,1995,1995,t,538000.0,X,Data sourced from another international organization
68,'250,France,3104,Nutrient potash K2O (total),5910,Export quantity,1996,1996,t,214000.0,X,Data sourced from another international organization
68,'250,France,3104,Nutrient potash K2O (total),5910,Export quantity,1997,1997,t,206000.0,X,Data sourced from another international organization
68,'250,France,3104,Nutrient potash K2O (total),5910,Export quantity,1998,1998,t,141000.0,X,Data sourced from another international organization
68,'250,France,3104,Nutrient potash K2O (total),5910,Export quantity,1999,1999,t,123000.0,X,Data sourced from another international organization
68,'250,France,3104,Nutrient potash K2O (total),5910,Export quantity,2000,2000,t,114000.0,X,Data sourced from another international organization
68,'250,France,3104,Nutrient potash K2O (total),5910,Export quantity,2001,2001,t,101000.0,X,Data sourced from another international organization
68,'250,France,3104,Nutrient potash K2O (total),5910,Export quantity,2002,2002,t,93709.6,I,
68,'250,France,3104,Nutrient potash K2O (total),5910,Export quantity,2003,2003,t,67914.6,I,
68,'250,France,3104,Nutrient potash K2O (total),5910,Export quantity,2004,2004,t,59866.6,I,
68,'250,France,3104,Nutrient potash K2O (total),5910,Export quantity,2005,2005,t,77928.56,I,
68,'250,France,3104,Nutrient potash K2O (total),5910,Export quantity,2006,2006,t,57310.68,I,
68,'250,France,3104,Nutrient potash K2O (total),5910,Export quantity,2007,2007,t,54377.35,I,
68,'250,France,3104,Nutrient potash K2O (total),5910,Export quantity,2008,2008,t,54214.92,I,
68,'250,France,3104,Nutrient potash K2O (total),5910,Export quantity,2009,2009,t,23669.64,I,
68,'250,France,3104,Nutrient potash K2O (total),5910,Export quantity,2010,2010,t,43506.38,I,
68,'250,France,3104,Nutrient potash K2O (total),5910,Export quantity,2011,2011,t,59339.76,I,
68,'250,France,3104,Nutrient potash K2O (total),5910,Export quantity,2012,2012,t,62318.18,I,
68,'250,France,3104,Nutrient potash K2O (total),5910,Export quantity,2013,2013,t,60056.2,I,
68,'250,France,3104,Nutrient potash K2O (total),5910,Export quantity,2014,2014,t,60439.19,I,
68,'250,France,3104,Nutrient potash K2O (total),5910,Export quantity,2015,2015,t,63945.74,I,
68,'250,France,3104,Nutrient potash K2O (total),5910,Export quantity,2016,2016,t,60382.2,I,
68,'250,France,3104,Nutrient potash K2O (total),5910,Export quantity,2017,2017,t,65031.92,I,
68,'250,France,3104,Nutrient potash K2O (total),5910,Export quantity,2018,2018,t,43017.88,I,
68,'250,France,3104,Nutrient potash K2O (total),5910,Export quantity,2019,2019,t,42952.99,I,
68,'250,France,3104,Nutrient potash K2O (total),5910,Export quantity,2020,2020,t,30675.97,I,
68,'250,France,3104,Nutrient potash K2O (total),5910,Export quantity,2021,2021,t,19293.21,I,
68,'250,France,3104,Nutrient potash K2O (total),5910,Export quantity,2022,2022,t,19387.69,I,
68,'250,France,3104,Nutrient potash K2O (total),5910,Export quantity,2023,2023,t,18213.56,I,
68,'250,France,3104,Nutrient potash K2O (total),5157,Agricultural Use,1961,1961,t,830600.0,A,Official data from questionnaire
68,'250,France,3104,Nutrient potash K2O (total),5157,Agricultural Use,1962,1962,t,909700.0,A,Official data from questionnaire
68,'250,France,3104,Nutrient potash K2O (total),5157,Agricultural Use,1963,1963,t,921436.0,A,Official data from questionnaire
68,'250,France,3104,Nutrient potash K2O (total),5157,Agricultural Use,1964,1964,t,969568.0,A,Official data from questionnaire
68,'250,France,3104,Nutrient potash K2O (total),5157,Agricultural Use,1965,1965,t,969835.0,A,Official data from questionnaire
68,'250,France,3104,Nutrient potash K2O (total),5157,Agricultural Use,1966,1966,t,1024298.0,A,Official data from questionnaire
68,'250,France,3104,Nutrient potash K2O (total),5157,Agricultural Use,1967,1967,t,1158274.0,A,Official data from questionnaire
68,'250,France,3104,Nutrient potash K2O (total),5157,Agricultural Use,1968,1968,t,1213399.0,A,Official data from questionnaire
68,'250,France,3104,Nutrient potash K2O (total),5157,Agricultural Use,1969,1969,t,1279453.0,A,Official data from questionnaire
68,'250,France,3104,Nutrient potash K2O (total),5157,Agricultural Use,1970,1970,t,1388615.0,A,Official data from questionnaire
68,'250,France,3104,Nutrient potash K2O (total),5157,Agricultural Use,1971,1971,t,1503047.0,A,Official data from questionnaire
68,'250,France,3104,Nutrient potash K2O (total),5157,Agricultural Use,1972,1972,t,1645961.0,A,Official data from questionnaire
68,'250,France,3104,Nutrient potash K2O (total),5157,Agricultural Use,1973,1973,t,1825900.0,X,Data sourced from another international organization
68,'250,France,3104,Nutrient potash K2O (total),5157,Agricultural Use,1974,1974,t,1390300.0,A,Official data from questionnaire
68,'250,France,3104,Nutrient potash K2O (total),5157,Agricultural Use,1975,1975,t,1314200.0,A,Official data from questionnaire
68,'250,France,3104,Nutrient potash K2O (total),5157,Agricultural Use,1976,1976,t,1494200.0,X,Data sourced from another international organization
68,'250,France,3104,Nutrient potash K2O (total),5157,Agricultural Use,1977,1977,t,1558400.0,X,Data sourced from another international organization
68,'250,France,3104,Nutrient potash K2O (total),5157,Agricultural Use,1978,1978,t,1689600.0,X,Data sourced from another international organization
68,'250,France,3104,Nutrient potash K2O (total),5157,Agricultural Use,1979,1979,t,1785900.0,X,Data sourced from another international organization
68,'250,France,3104,Nutrient potash K2O (total),5157,Agricultural Use,1980,1980,t,1689200.0,X,Data sourced from another international organization
68,'250,France,3104,Nutrient potash K2O (total),5157,Agricultural Use,1981,1981,t,1699500.0,X,Data sourced from another international organization
68,'250,France,3104,Nutrient potash K2O (total),5157,Agricultural Use,1982,1982,t,1744300.0,X,Data sourced from another international organization
68,'250,France,3104,Nutrient potash K2O (total),5157,Agricultural Use,1983,1983,t,1833600.0,X,Data sourced from another international organization
68,'250,France,3104,Nutrient potash K2O (total),5157,Agricultural Use,1984,1984,t,1863000.0,X,Data sourced from another international organization
68,'250,France,3104,Nutrient potash K2O (total),5157,Agricultural Use,1985,1985,t,1820700.0,X,Data sourced from another international organization
68,'250,France,3104,Nutrient potash K2O (total),5157,Agricultural Use,1986,1986,t,1878600.0,X,Data sourced from another international organization
68,'250,France,3104,Nutrient potash K2O (total),5157,Agricultural Use,1987,1987,t,1856100.0,X,Data sourced from another international organization
68,'250,France,3104,Nutrient potash K2O (total),5157,Agricultural Use,1988,1988,t,1934700.0,A,Official data from questionnaire
68,'250,France,3104,Nutrient potash K2O (total),5157,Agricultural Use,1989,1989,t,1948600.0,A,Official data from questionnaire
68,'250,France,3104,Nutrient potash K2O (total),5157,Agricultural Use,1990,1990,t,1841900.0,A,Official data from questionnaire
68,'250,France,3104,Nutrient potash K2O (total),5157,Agricultural Use,1991,1991,t,1741000.0,A,Official data from questionnaire
68,'250,France,3104,Nutrient potash K2O (total),5157,Agricultural Use,1992,1992,t,1347000.0,A,Official data from questionnaire
68,'250,France,3104,Nutrient potash K2O (total),5157,Agricultural Use,1993,1993,t,1375000.0,A,Official data from questionnaire
68,'250,France,3104,Nutrient potash K2O (total),5157,Agricultural Use,1994,1994,t,1373400.0,A,Official data from questionnaire
68,'250,France,3104,Nutrient potash K2O (total),5157,Agricultural Use,1995,1995,t,1491100.0,A,Official data from questionnaire
68,'250,France,3104,Nutrient potash K2O (total),5157,Agricultural Use,1996,1996,t,1488200.0,A,Official data from questionnaire
68,'250,France,3104,Nutrient potash K2O (total),5157,Agricultural Use,1997,1997,t,1436900.0,X,Data sourced from another international organization
68,'250,France,3104,Nutrient potash K2O (total),5157,Agricultural Use,1998,1998,t,1337700.0,X,Data sourced from another international organization
68,'250,France,3104,Nutrient potash K2O (total),5157,Agricultural Use,1999,1999,t,1216400.0,X,Data sourced from another international organization
68,'250,France,3104,Nutrient potash K2O (total),5157,Agricultural Use,2000,2000,t,1033500.0,X,Data sourced from another international organization
68,'250,France,3104,Nutrient potash K2O (total),5157,Agricultural Use,2001,2001,t,1022000.0,A,Official data from questionnaire
68,'250,France,3104,Nutrient potash K2O (total),5157,Agricultural Use,2002,2002,t,965100.0,A,Official data from questionnaire
68,'250,France,3104,Nutrient potash K2O (total),5157,Agricultural Use,2003,2003,t,978400.0,A,Official data from questionnaire
68,'250,France,3104,Nutrient potash K2O (total),5157,Agricultural Use,2004,2004,t,889000.0,A,Official data from questionnaire
68,'250,France,3104,Nutrient potash K2O (total),5157,Agricultural Use,2005,2005,t,735000.0,A,Official data from questionnaire
68,'250,France,3104,Nutrient potash K2O (total),5157,Agricultural Use,2006,2006,t,731209.0,A,Official data from questionnaire
68,'250,France,3104,Nutrient potash K2O (total),5157,Agricultural Use,2007,2007,t,794000.0,A,Official data from questionnaire
68,'250,France,3104,Nutrient potash K2O (total),5157,Agricultural Use,2008,2008,t,390000.0,A,Official data from questionnaire
68,'250,France,3104,Nutrient potash K2O (total),5157,Agricultural Use,2009,2009,t,135375.0,A,Official data from questionnaire
68,'250,France,3104,Nutrient potash K2O (total),5157,Agricultural Use,2010,2010,t,433915.0,A,Official data from questionnaire
68,'250,France,3104,Nutrient potash K2O (total),5157,Agricultural Use,2011,2011,t,396125.0,A,Official data from questionnaire
68,'250,France,3104,Nutrient potash K2O (total),5157,Agricultural Use,2012,2012,t,480197.0,A,Official data from questionnaire
68,'250,France,3104,Nutrient potash K2O (total),5157,Agricultural Use,2013,2013,t,449472.0,A,Official data from questionnaire
68,'250,France,3104,Nutrient potash K2O (total),5157,Agricultural Use,2014,2014,t,483658.0,A,Official data from questionnaire
68,'250,France,3104,Nutrient potash K2O (total),5157,Agricultural Use,2015,2015,t,468915.0,A,Official data from questionnaire
68,'250,France,3104,Nutrient potash K2O (total),5157,Agricultural Use,2016,2016,t,393256.0,A,Official data from questionnaire
68,'250,France,3104,Nutrient potash K2O (total),5157,Agricultural Use,2017,2017,t,473402.0,A,Official data from questionnaire
68,'250,France,3104,Nutrient potash K2O (total),5157,Agricultural Use,2018,2018,t,488882.0,A,Official data from questionnaire
68,'250,France,3104,Nutrient potash K2O (total),5157,Agricultural Use,2019,2019,t,405686.0,A,Official data from questionnaire
68,'250,France,3104,Nutrient potash K2O (total),5157,Agricultural Use,2020,2020,t,504769.0,A,Official data from questionnaire
68,'250,France,3104,Nutrient potash K2O (total),5157,Agricultural Use,2021,2021,t,517265.0,A,Official data from questionnaire
68,'250,France,3104,Nutrient potash K2O (total),5157,Agricultural Use,2022,2022,t,244834.0,A,Official data from questionnaire
68,'250,France,3104,Nutrient potash K2O (total),5157,Agricultural Use,2023,2023,t,244834.0,I,
68,'250,France,3104,Nutrient potash K2O (total),5159,Use per area of cropland,1961,1961,kg/ha,34.92,E,
68,'250,France,3104,Nutrient potash K2O (total),5159,Use per area of cropland,1962,1962,kg/ha,38.4,E,
68,'250,France,3104,Nutrient potash K2O (total),5159,Use per area of cropland,1963,1963,kg/ha,39.04,E,
68,'250,France,3104,Nutrient potash K2O (total),5159,Use per area of cropland,1964,1964,kg/ha,41.9,E,
68,'250,France,3104,Nutrient potash K2O (total),5159,Use per area of cropland,1965,1965,kg/ha,42.49,E,
68,'250,France,3104,Nutrient potash K2O (total),5159,Use per area of cropland,1966,1966,kg/ha,45.61,E,
68,'250,France,3104,Nutrient potash K2O (total),5159,Use per area of cropland,1967,1967,kg/ha,52.61,E,
68,'250,France,3104,Nutrient potash K2O (total),5159,Use per area of cropland,1968,1968,kg/ha,56.57,E,
68,'250,France,3104,Nutrient potash K2O (total),5159,Use per area of cropland,1969,1969,kg/ha,59.77,E,
68,'250,France,3104,Nutrient potash K2O (total),5159,Use per area of cropland,1970,1970,kg/ha,65.43,E,
68,'250,France,3104,Nutrient potash K2O (total),5159,Use per area of cropland,1971,1971,kg/ha,72.38,E,
68,'250,France,3104,Nutrient potash K2O (total),5159,Use per area of cropland,1972,1972,kg/ha,79.51,E,
68,'250,France,3104,Nutrient potash K2O (total),5159,Use per area of cropland,1973,1973,kg/ha,87.87,E,
68,'250,France,3104,Nutrient potash K2O (total),5159,Use per area of cropland,1974,1974,kg/ha,66.25,E,
68,'250,France,3104,Nutrient potash K2O (total),5159,Use per area of cropland,1975,1975,kg/ha,62.4,E,
68,'250,France,3104,Nutrient potash K2O (total),5159,Use per area of cropland,1976,1976,kg/ha,71.77,E,
68,'250,France,3104,Nutrient potash K2O (total),5159,Use per area of cropland,1977,1977,kg/ha,74.46,E,
68,'250,France,3104,Nutrient potash K2O (total),5159,Use per area of cropland,1978,1978,kg/ha,80.14,E,
68,'250,France,3104,Nutrient potash K2O (total),5159,Use per area of cropland,1979,1979,kg/ha,84.94,E,
68,'250,France,3104,Nutrient potash K2O (total),5159,Use per area of cropland,1980,1980,kg/ha,80.56,E,
68,'250,France,3104,Nutrient potash K2O (total),5159,Use per area of cropland,1981,1981,kg/ha,80.86,E,
68,'250,France,3104,Nutrient potash K2O (total),5159,Use per area of cropland,1982,1982,kg/ha,82.52,E,
68,'250,France,3104,Nutrient potash K2O (total),5159,Use per area of cropland,1983,1983,kg/ha,86.73,E,
68,'250,France,3104,Nutrient potash K2O (total),5159,Use per area of cropland,1984,1984,kg/ha,87.58,E,
68,'250,France,3104,Nutrient potash K2O (total),5159,Use per area of cropland,1985,1985,kg/ha,85.16,E,
68,'250,France,3104,Nutrient potash K2O (total),5159,Use per area of cropland,1986,1986,kg/ha,87.59,E,
68,'250,France,3104,Nutrient potash K2O (total),5159,Use per area of cropland,1987,1987,kg/ha,85.85,E,
68,'250,France,3104,Nutrient potash K2O (total),5159,Use per area of cropland,1988,1988,kg/ha,91.4,E,
68,'250,France,3104,Nutrient potash K2O (total),5159,Use per area of cropland,1989,1989,kg/ha,92.65,E,
68,'250,France,3104,Nutrient potash K2O (total),5159,Use per area of cropland,1990,1990,kg/ha,87.28,E,
68,'250,France,3104,Nutrient potash K2O (total),5159,Use per area of cropland,1991,1991,kg/ha,82.31,E,
68,'250,France,3104,Nutrient potash K2O (total),5159,Use per area of cropland,1992,1992,kg/ha,63.63,E,
68,'250,France,3104,Nutrient potash K2O (total),5159,Use per area of cropland,1993,1993,kg/ha,64.35,E,
68,'250,France,3104,Nutrient potash K2O (total),5159,Use per area of cropland,1994,1994,kg/ha,64.1,E,
68,'250,France,3104,Nutrient potash K2O (total),5159,Use per area of cropland,1995,1995,kg/ha,69.36,E,
68,'250,France,3104,Nutrient potash K2O (total),5159,Use per area of cropland,1996,1996,kg/ha,69.15,E,
68,'250,France,3104,Nutrient potash K2O (total),5159,Use per area of cropland,1997,1997,kg/ha,66.59,E,
68,'250,France,3104,Nutrient potash K2O (total),5159,Use per area of cropland,1998,1998,kg/ha,61.86,E,
68,'250,France,3104,Nutrient potash K2O (total),5159,Use per area of cropland,1999,1999,kg/ha,56.15,E,
68,'250,France,3104,Nutrient potash K2O (total),5159,Use per area of cropland,2000,2000,kg/ha,47.71,E,
68,'250,France,3104,Nutrient potash K2O (total),5159,Use per area of cropland,2001,2001,kg/ha,47.22,E,
68,'250,France,3104,Nutrient potash K2O (total),5159,Use per area of cropland,2002,2002,kg/ha,44.54,E,
68,'250,France,3104,Nutrient potash K2O (total),5159,Use per area of cropland,2003,2003,kg/ha,45.22,E,
68,'250,France,3104,Nutrient potash K2O (total),5159,Use per area of cropland,2004,2004,kg/ha,41.08,E,
68,'250,France,3104,Nutrient potash K2O (total),5159,Use per area of cropland,2005,2005,kg/ha,33.94,E,
68,'250,France,3104,Nutrient potash K2O (total),5159,Use per area of cropland,2006,2006,kg/ha,33.86,E,
68,'250,France,3104,Nutrient potash K2O (total),5159,Use per area of cropland,2007,2007,kg/ha,36.91,E,
68,'250,France,3104,Nutrient potash K2O (total),5159,Use per area of cropland,2008,2008,kg/ha,18.17,E,
68,'250,France,3104,Nutrient potash K2O (total),5159,Use per area of cropland,2009,2009,kg/ha,6.32,E,
68,'250,France,3104,Nutrient potash K2O (total),5159,Use per area of cropland,2010,2010,kg/ha,20.22,E,
68,'250,France,3104,Nutrient potash K2O (total),5159,Use per area of cropland,2011,2011,kg/ha,18.49,E,
68,'250,France,3104,Nutrient potash K2O (total),5159,Use per area of cropland,2012,2012,kg/ha,22.41,E,
68,'250,France,3104,Nutrient potash K2O (total),5159,Use per area of cropland,2013,2013,kg/ha,20.96,E,
68,'250,France,3104,Nutrient potash K2O (total),5159,Use per area of cropland,2014,2014,kg/ha,22.52,E,
68,'250,France,3104,Nutrient potash K2O (total),5159,Use per area of cropland,2015,2015,kg/ha,21.68,E,
68,'250,France,3104,Nutrient potash K2O (total),5159,Use per area of cropland,2016,2016,kg/ha,18.29,E,
68,'250,France,3104,Nutrient potash K2O (total),5159,Use per area of cropland,2017,2017,kg/ha,21.89,E,
68,'250,France,3104,Nutrient potash K2O (total),5159,Use per area of cropland,2018,2018,kg/ha,23.0,E,
68,'250,France,3104,Nutrient potash K2O (total),5159,Use per area of cropland,2019,2019,kg/ha,19.24,E,
68,'250,France,3104,Nutrient potash K2O (total),5159,Use per area of cropland,2020,2020,kg/ha,25.21,E,
68,'250,France,3104,Nutrient potash K2O (total),5159,Use per area of cropland,2021,2021,kg/ha,25.8,E,
68,'250,France,3104,Nutrient potash K2O (total),5159,Use per area of cropland,2022,2022,kg/ha,12.23,E,
68,'250,France,3104,Nutrient potash K2O (total),5159,Use per area of cropland,2023,2023,kg/ha,12.29,E,
68,'250,France,3104,Nutrient potash K2O (total),5172,Use per capita,1961,1961,kg/cap,17.71,E,
68,'250,France,3104,Nutrient potash K2O (total),5172,Use per capita,1962,1962,kg/cap,19.21,E,
68,'250,France,3104,Nutrient potash K2O (total),5172,Use per capita,1963,1963,kg/cap,19.27,E,
68,'250,France,3104,Nutrient potash K2O (total),5172,Use per capita,1964,1964,kg/cap,20.07,E,
68,'250,France,3104,Nutrient potash K2O (total),5172,Use per capita,1965,1965,kg/cap,19.88,E,
68,'250,France,3104,Nutrient potash K2O (total),5172,Use per capita,1966,1966,kg/cap,20.83,E,
68,'250,France,3104,Nutrient potash K2O (total),5172,Use per capita,1967,1967,kg/cap,23.36,E,
68,'250,France,3104,Nutrient potash K2O (total),5172,Use per capita,1968,1968,kg/cap,24.29,E,
68,'250,France,3104,Nutrient potash K2O (total),5172,Use per capita,1969,1969,kg/cap,25.41,E,
68,'250,France,3104,Nutrient potash K2O (total),5172,Use per capita,1970,1970,kg/cap,27.33,E,
68,'250,France,3104,Nutrient potash K2O (total),5172,Use per capita,1971,1971,kg/cap,29.3,E,
68,'250,France,3104,Nutrient potash K2O (total),5172,Use per capita,1972,1972,kg/cap,31.81,E,
68,'250,France,3104,Nutrient potash K2O (total),5172,Use per capita,1973,1973,kg/cap,35.0,E,
68,'250,France,3104,Nutrient potash K2O (total),5172,Use per capita,1974,1974,kg/cap,26.48,E,
68,'250,France,3104,Nutrient potash K2O (total),5172,Use per capita,1975,1975,kg/cap,24.92,E,
68,'250,France,3104,Nutrient potash K2O (total),5172,Use per capita,1976,1976,kg/cap,28.21,E,
68,'250,France,3104,Nutrient potash K2O (total),5172,Use per capita,1977,1977,kg/cap,29.29,E,
68,'250,France,3104,Nutrient potash K2O (total),5172,Use per capita,1978,1978,kg/cap,31.62,E,
68,'250,France,3104,Nutrient potash K2O (total),5172,Use per capita,1979,1979,kg/cap,33.28,E,
68,'250,France,3104,Nutrient potash K2O (total),5172,Use per capita,1980,1980,kg/cap,31.32,E,
68,'250,France,3104,Nutrient potash K2O (total),5172,Use per capita,1981,1981,kg/cap,31.32,E,
68,'250,France,3104,Nutrient potash K2O (total),5172,Use per capita,1982,1982,kg/cap,31.96,E,
68,'250,France,3104,Nutrient potash K2O (total),5172,Use per capita,1983,1983,kg/cap,33.41,E,
68,'250,France,3104,Nutrient potash K2O (total),5172,Use per capita,1984,1984,kg/cap,33.76,E,
68,'250,France,3104,Nutrient potash K2O (total),5172,Use per capita,1985,1985,kg/cap,32.82,E,
68,'250,France,3104,Nutrient potash K2O (total),5172,Use per capita,1986,1986,kg/cap,33.7,E,
68,'250,France,3104,Nutrient potash K2O (total),5172,Use per capita,1987,1987,kg/cap,33.12,E,
68,'250,France,3104,Nutrient potash K2O (total),5172,Use per capita,1988,1988,kg/cap,34.33,E,
68,'250,France,3104,Nutrient potash K2O (total),5172,Use per capita,1989,1989,kg/cap,34.38,E,
68,'250,France,3104,Nutrient potash K2O (total),5172,Use per capita,1990,1990,kg/cap,32.32,E,
68,'250,France,3104,Nutrient potash K2O (total),5172,Use per capita,1991,1991,kg/cap,30.4,E,
68,'250,France,3104,Nutrient potash K2O (total),5172,Use per capita,1992,1992,kg/cap,23.4,E,
68,'250,France,3104,Nutrient potash K2O (total),5172,Use per capita,1993,1993,kg/cap,23.79,E,
68,'250,France,3104,Nutrient potash K2O (total),5172,Use per capita,1994,1994,kg/cap,23.68,E,
68,'250,France,3104,Nutrient potash K2O (total),5172,Use per capita,1995,1995,kg/cap,25.62,E,
68,'250,France,3104,Nutrient potash K2O (total),5172,Use per capita,1996,1996,kg/cap,25.49,E,
68,'250,France,3104,Nutrient potash K2O (total),5172,Use per capita,1997,1997,kg/cap,24.53,E,
68,'250,France,3104,Nutrient potash K2O (total),5172,Use per capita,1998,1998,kg/cap,22.76,E,
68,'250,France,3104,Nutrient potash K2O (total),5172,Use per capita,1999,1999,kg/cap,20.59,E,
68,'250,France,3104,Nutrient potash K2O (total),5172,Use per capita,2000,2000,kg/cap,17.37,E,
68,'250,France,3104,Nutrient potash K2O (total),5172,Use per capita,2001,2001,kg/cap,17.06,E,
68,'250,France,3104,Nutrient potash K2O (total),5172,Use per capita,2002,2002,kg/cap,16.0,E,
68,'250,France,3104,Nutrient potash K2O (total),5172,Use per capita,2003,2003,kg/cap,16.11,E,
68,'250,France,3104,Nutrient potash K2O (total),5172,Use per capita,2004,2004,kg/cap,14.53,E,
68,'250,France,3104,Nutrient potash K2O (total),5172,Use per capita,2005,2005,kg/cap,11.93,E,
68,'250,France,3104,Nutrient potash K2O (total),5172,Use per capita,2006,2006,kg/cap,11.78,E,
68,'250,France,3104,Nutrient potash K2O (total),5172,Use per capita,2007,2007,kg/cap,12.72,E,
68,'250,France,3104,Nutrient potash K2O (total),5172,Use per capita,2008,2008,kg/cap,6.21,E,
68,'250,France,3104,Nutrient potash K2O (total),5172,Use per capita,2009,2009,kg/cap,2.15,E,
68,'250,France,3104,Nutrient potash K2O (total),5172,Use per capita,2010,2010,kg/cap,6.84,E,
68,'250,France,3104,Nutrient potash K2O (total),5172,Use per capita,2011,2011,kg/cap,6.22,E,
68,'250,France,3104,Nutrient potash K2O (total),5172,Use per capita,2012,2012,kg/cap,7.5,E,
68,'250,France,3104,Nutrient potash K2O (total),5172,Use per capita,2013,2013,kg/cap,6.98,E,
68,'250,France,3104,Nutrient potash K2O (total),5172,Use per capita,2014,2014,kg/cap,7.48,E,
68,'250,France,3104,Nutrient potash K2O (total),5172,Use per capita,2015,2015,kg/cap,7.22,E,
68,'250,France,3104,Nutrient potash K2O (total),5172,Use per capita,2016,2016,kg/cap,6.04,E,
68,'250,France,3104,Nutrient potash K2O (total),5172,Use per capita,2017,2017,kg/cap,7.25,E,
68,'250,France,3104,Nutrient potash K2O (total),5172,Use per capita,2018,2018,kg/cap,7.46,E,
68,'250,France,3104,Nutrient potash K2O (total),5172,Use per capita,2019,2019,kg/cap,6.17,E,
68,'250,France,3104,Nutrient potash K2O (total),5172,Use per capita,2020,2020,kg/cap,7.66,E,
68,'250,France,3104,Nutrient potash K2O (total),5172,Use per capita,2021,2021,kg/cap,7.83,E,
68,'250,France,3104,Nutrient potash K2O (total),5172,Use per capita,2022,2022,kg/cap,3.69,E,
68,'250,France,3104,Nutrient potash K2O (total),5172,Use per capita,2023,2023,kg/cap,3.69,E,
68,'250,France,3104,Nutrient potash K2O (total),5173,Use per value of agricultural production,1961,1961,g/Int$,20.39,E,
68,'250,France,3104,Nutrient potash K2O (total),5173,Use per value of agricultural production,1962,1962,g/Int$,19.59,E,
68,'250,France,3104,Nutrient potash K2O (total),5173,Use per value of agricultural production,1963,1963,g/Int$,20.99,E,
68,'250,France,3104,Nutrient potash K2O (total),5173,Use per value of agricultural production,1964,1964,g/Int$,22.14,E,
68,'250,France,3104,Nutrient potash K2O (total),5173,Use per value of agricultural production,1965,1965,g/Int$,20.9,E,
68,'250,France,3104,Nutrient potash K2O (total),5173,Use per value of agricultural production,1966,1966,g/Int$,23.06,E,
68,'250,France,3104,Nutrient potash K2O (total),5173,Use per value of agricultural production,1967,1967,g/Int$,24.48,E,
68,'250,France,3104,Nutrient potash K2O (total),5173,Use per value of agricultural production,1968,1968,g/Int$,24.83,E,
68,'250,France,3104,Nutrient potash K2O (total),5173,Use per value of agricultural production,1969,1969,g/Int$,27.78,E,
68,'250,France,3104,Nutrient potash K2O (total),5173,Use per value of agricultural production,1970,1970,g/Int$,28.22,E,
68,'250,France,3104,Nutrient potash K2O (total),5173,Use per value of agricultural production,1971,1971,g/Int$,30.63,E,
68,'250,France,3104,Nutrient potash K2O (total),5173,Use per value of agricultural production,1972,1972,g/Int$,33.97,E,
68,'250,France,3104,Nutrient potash K2O (total),5173,Use per value of agricultural production,1973,1973,g/Int$,34.34,E,
68,'250,France,3104,Nutrient potash K2O (total),5173,Use per value of agricultural production,1974,1974,g/Int$,26.2,E,
68,'250,France,3104,Nutrient potash K2O (total),5173,Use per value of agricultural production,1975,1975,g/Int$,26.28,E,
68,'250,France,3104,Nutrient potash K2O (total),5173,Use per value of agricultural production,1976,1976,g/Int$,29.77,E,
68,'250,France,3104,Nutrient potash K2O (total),5173,Use per value of agricultural production,1977,1977,g/Int$,31.96,E,
68,'250,France,3104,Nutrient potash K2O (total),5173,Use per value of agricultural production,1978,1978,g/Int$,32.16,E,
68,'250,France,3104,Nutrient potash K2O (total),5173,Use per value of agricultural production,1979,1979,g/Int$,31.38,E,
68,'250,France,3104,Nutrient potash K2O (total),5173,Use per value of agricultural production,1980,1980,g/Int$,29.69,E,
68,'250,France,3104,Nutrient potash K2O (total),5173,Use per value of agricultural production,1981,1981,g/Int$,30.99,E,
68,'250,France,3104,Nutrient potash K2O (total),5173,Use per value of agricultural production,1982,1982,g/Int$,29.66,E,
68,'250,France,3104,Nutrient potash K2O (total),5173,Use per value of agricultural production,1983,1983,g/Int$,32.52,E,
68,'250,France,3104,Nutrient potash K2O (total),5173,Use per value of agricultural production,1984,1984,g/Int$,30.82,E,
68,'250,France,3104,Nutrient potash K2O (total),5173,Use per value of agricultural production,1985,1985,g/Int$,30.59,E,
68,'250,France,3104,Nutrient potash K2O (total),5173,Use per value of agricultural production,1986,1986,g/Int$,31.95,E,
68,'250,France,3104,Nutrient potash K2O (total),5173,Use per value of agricultural production,1987,1987,g/Int$,30.65,E,
68,'250,France,3104,Nutrient potash K2O (total),5173,Use per value of agricultural production,1988,1988,g/Int$,32.74,E,
68,'250,France,3104,Nutrient potash K2O (total),5173,Use per value of agricultural production,1989,1989,g/Int$,33.22,E,
68,'250,France,3104,Nutrient potash K2O (total),5173,Use per value of agricultural production,1990,1990,g/Int$,30.73,E,
68,'250,France,3104,Nutrient potash K2O (total),5173,Use per value of agricultural production,1991,1991,g/Int$,29.99,E,
68,'250,France,3104,Nutrient potash K2O (total),5173,Use per value of agricultural production,1992,1992,g/Int$,22.31,E,
68,'250,France,3104,Nutrient potash K2O (total),5173,Use per value of agricultural production,1993,1993,g/Int$,24.04,E,
68,'250,France,3104,Nutrient potash K2O (total),5173,Use per value of agricultural production,1994,1994,g/Int$,23.73,E,
68,'250,France,3104,Nutrient potash K2O (total),5173,Use per value of agricultural production,1995,1995,g/Int$,25.21,E,
68,'250,France,3104,Nutrient potash K2O (total),5173,Use per value of agricultural production,1996,1996,g/Int$,23.82,E,
68,'250,France,3104,Nutrient potash K2O (total),5173,Use per value of agricultural production,1997,1997,g/Int$,22.83,E,
68,'250,France,3104,Nutrient potash K2O (total),5173,Use per value of agricultural production,1998,1998,g/Int$,21.16,E,
68,'250,France,3104,Nutrient potash K2O (total),5173,Use per value of agricultural production,1999,1999,g/Int$,19.15,E,
68,'250,France,3104,Nutrient potash K2O (total),5173,Use per value of agricultural production,2000,2000,g/Int$,16.93,E,
68,'250,France,3104,Nutrient potash K2O (total),5173,Use per value of agricultural production,2001,2001,g/Int$,17.45,E,
68,'250,France,3104,Nutrient potash K2O (total),5173,Use per value of agricultural production,2002,2002,g/Int$,15.68,E,
68,'250,France,3104,Nutrient potash K2O (total),5173,Use per value of agricultural production,2003,2003,g/Int$,17.3,E,
68,'250,France,3104,Nutrient potash K2O (total),5173,Use per value of agricultural production,2004,2004,g/Int$,14.48,E,
68,'250,France,3104,Nutrient potash K2O (total),5173,Use per value of agricultural production,2005,2005,g/Int$,12.44,E,
68,'250,France,3104,Nutrient potash K2O (total),5173,Use per value of agricultural production,2006,2006,g/Int$,12.92,E,
68,'250,France,3104,Nutrient potash K2O (total),5173,Use per value of agricultural production,2007,2007,g/Int$,14.18,E,
68,'250,France,3104,Nutrient potash K2O (total),5173,Use per value of agricultural production,2008,2008,g/Int$,6.63,E,
68,'250,France,3104,Nutrient potash K2O (total),5173,Use per value of agricultural production,2009,2009,g/Int$,2.28,E,
68,'250,France,3104,Nutrient potash K2O (total),5173,Use per value of agricultural production,2010,2010,g/Int$,7.47,E,
68,'250,France,3104,Nutrient potash K2O (total),5173,Use per value of agricultural production,2011,2011,g/Int$,6.66,E,
68,'250,France,3104,Nutrient potash K2O (total),5173,Use per value of agricultural production,2012,2012,g/Int$,8.33,E,
68,'250,France,3104,Nutrient potash K2O (total),5173,Use per value of agricultural production,2013,2013,g/Int$,7.92,E,
68,'250,France,3104,Nutrient potash K2O (total),5173,Use per value of agricultural production,2014,2014,g/Int$,8.01,E,
68,'250,France,3104,Nutrient potash K2O (total),5173,Use per value of agricultural production,2015,2015,g/Int$,7.79,E,
68,'250,France,3104,Nutrient potash K2O (total),5173,Use per value of agricultural production,2016,2016,g/Int$,7.01,E,
68,'250,France,3104,Nutrient potash K2O (total),5173,Use per value of agricultural production,2017,2017,g/Int$,7.93,E,
68,'250,France,3104,Nutrient potash K2O (total),5173,Use per value of agricultural production,2018,2018,g/Int$,8.54,E,
68,'250,France,3104,Nutrient potash K2O (total),5173,Use per value of agricultural production,2019,2019,g/Int$,7.03,E,
68,'250,France,3104,Nutrient potash K2O (total),5173,Use per value of agricultural production,2020,2020,g/Int$,9.14,E,
68,'250,France,3104,Nutrient potash K2O (total),5173,Use per value of agricultural production,2021,2021,g/Int$,9.08,E,
68,'250,France,3104,Nutrient potash K2O (total),5173,Use per value of agricultural production,2022,2022,g/Int$,4.4,E,
68,'250,France,3104,Nutrient potash K2O (total),5173,Use per value of agricultural production,2023,2023,g/Int$,4.36,E,
79,'276,Germany,3102,Nutrient nitrogen N (total),5510,Production,1961,1961,t,1442281.0,A,Official data from questionnaire
79,'276,Germany,3102,Nutrient nitrogen N (total),5510,Production,1962,1962,t,1538353.0,A,Official data from questionnaire
79,'276,Germany,3102,Nutrient nitrogen N (total),5510,Production,1963,1963,t,1609438.0,A,Official data from questionnaire
79,'276,Germany,3102,Nutrient nitrogen N (total),5510,Production,1964,1964,t,1623243.0,A,Official data from questionnaire
79,'276,Germany,3102,Nutrient nitrogen N (total),5510,Production,1965,1965,t,1767223.0,A,Official data from questionnaire
79,'276,Germany,3102,Nutrient nitrogen N (total),5510,Production,1966,1966,t,1845373.0,A,Official data from questionnaire
79,'276,Germany,3102,Nutrient nitrogen N (total),5510,Production,1967,1967,t,1895111.0,A,Official data from questionnaire
79,'276,Germany,3102,Nutrient nitrogen N (total),5510,Production,1968,1968,t,1988942.0,A,Official data from questionnaire
79,'276,Germany,3102,Nutrient nitrogen N (total),5510,Production,1969,1969,t,2012654.0,A,Official data from questionnaire
79,'276,Germany,3102,Nutrient nitrogen N (total),5510,Production,1970,1970,t,1899750.0,A,Official data from questionnaire
79,'276,Germany,3102,Nutrient nitrogen N (total),5510,Production,1971,1971,t,1709031.0,A,Official data from questionnaire
79,'276,Germany,3102,Nutrient nitrogen N (total),5510,Production,1972,1972,t,1898778.0,A,Official data from questionnaire
79,'276,Germany,3102,Nutrient nitrogen N (total),5510,Production,1973,1973,t,1883765.0,A,Official data from questionnaire
79,'276,Germany,3102,Nutrient nitrogen N (total),5510,Production,1974,1974,t,2010047.0,A,Official data from questionnaire
79,'276,Germany,3102,Nutrient nitrogen N (total),5510,Production,1975,1975,t,1797292.0,A,Official data from questionnaire
79,'276,Germany,3102,Nutrient nitrogen N (total),5510,Production,1976,1976,t,2065951.0,A,Official data from questionnaire
79,'276,Germany,3102,Nutrient nitrogen N (total),5510,Production,1977,1977,t,2143245.0,A,Official data from questionnaire
79,'276,Germany,3102,Nutrient nitrogen N (total),5510,Production,1978,1978,t,2164501.0,A,Official data from questionnaire
79,'276,Germany,3102,Nutrient nitrogen N (total),5510,Production,1979,1979,t,2350575.0,A,Official data from questionnaire
79,'276,Germany,3102,Nutrient nitrogen N (total),5510,Production,1980,1980,t,2379444.0,A,Official data from questionnaire
79,'276,Germany,3102,Nutrient nitrogen N (total),5510,Production,1981,1981,t,2074858.0,A,Official data from questionnaire
79,'276,Germany,3102,Nutrient nitrogen N (total),5510,Production,1982,1982,t,1933401.0,A,Official data from questionnaire
79,'276,Germany,3102,Nutrient nitrogen N (total),5510,Production,1983,1983,t,2079480.0,A,Official data from questionnaire
79,'276,Germany,3102,Nutrient nitrogen N (total),5510,Production,1984,1984,t,2154092.0,A,Official data from questionnaire
79,'276,Germany,3102,Nutrient nitrogen N (total),5510,Production,1985,1985,t,2195355.0,A,Official data from questionnaire
79,'276,Germany,3102,Nutrient nitrogen N (total),5510,Production,1986,1986,t,2271331.0,A,Official data from questionnaire
79,'276,Germany,3102,Nutrient nitrogen N (total),5510,Production,1987,1987,t,2349998.0,A,Official data from questionnaire
79,'276,Germany,3102,Nutrient nitrogen N (total),5510,Production,1988,1988,t,2300747.0,A,Official data from questionnaire
79,'276,Germany,3102,Nutrient nitrogen N (total),5510,Production,1989,1989,t,2134000.0,X,Data sourced from another international organization
79,'276,Germany,3102,Nutrient nitrogen N (total),5510,Production,1990,1990,t,1165000.0,X,Data sourced from another international organization
79,'276,Germany,3102,Nutrient nitrogen N (total),5510,Production,1991,1991,t,1095000.0,X,Data sourced from another international organization
79,'276,Germany,3102,Nutrient nitrogen N (total),5510,Production,1992,1992,t,1191000.0,X,Data sourced from another international organization
79,'276,Germany,3102,Nutrient nitrogen N (total),5510,Production,1993,1993,t,1131000.0,X,Data sourced from another international organization
79,'276,Germany,3102,Nutrient nitrogen N (total),5510,Production,1994,1994,t,1167000.0,X,Data sourced from another international organization
79,'276,Germany,3102,Nutrient nitrogen N (total),5510,Production,1995,1995,t,1174000.0,X,Data sourced from another international organization
79,'276,Germany,3102,Nutrient nitrogen N (total),5510,Production,1996,1996,t,1269000.0,X,Data sourced from another international organization
79,'276,Germany,3102,Nutrient nitrogen N (total),5510,Production,1997,1997,t,1125000.0,X,Data sourced from another international organization
79,'276,Germany,3102,Nutrient nitrogen N (total),5510,Production,1998,1998,t,1175000.0,X,Data sourced from another international organization
79,'276,Germany,3102,Nutrient nitrogen N (total),5510,Production,1999,1999,t,1250000.0,X,Data sourced from another international organization
79,'276,Germany,3102,Nutrient nitrogen N (total),5510,Production,2000,2000,t,1039500.0,X,Data sourced from another international organization
79,'276,Germany,3102,Nutrient nitrogen N (total),5510,Production,2001,2001,t,1066394.0,X,Data sourced from another international organization
79,'276,Germany,3102,Nutrient nitrogen N (total),5510,Production,2002,2002,t,1256291.0,I,
79,'276,Germany,3102,Nutrient nitrogen N (total),5510,Production,2003,2003,t,1120999.0,I,
79,'276,Germany,3102,Nutrient nitrogen N (total),5510,Production,2004,2004,t,1160639.0,I,
79,'276,Germany,3102,Nutrient nitrogen N (total),5510,Production,2005,2005,t,1253773.0,I,
79,'276,Germany,3102,Nutrient nitrogen N (total),5510,Production,2006,2006,t,1185726.0,I,
79,'276,Germany,3102,Nutrient nitrogen N (total),5510,Production,2007,2007,t,1504452.0,I,
79,'276,Germany,3102,Nutrient nitrogen N (total),5510,Production,2008,2008,t,961882.0,I,
79,'276,Germany,3102,Nutrient nitrogen N (total),5510,Production,2009,2009,t,1224687.0,I,
79,'276,Germany,3102,Nutrient nitrogen N (total),5510,Production,2010,2010,t,1279619.0,I,
79,'276,Germany,3102,Nutrient nitrogen N (total),5510,Production,2011,2011,t,1145336.0,I,
79,'276,Germany,3102,Nutrient nitrogen N (total),5510,Production,2012,2012,t,1306175.0,I,
79,'276,Germany,3102,Nutrient nitrogen N (total),5510,Production,2013,2013,t,1316100.0,X,Data sourced from IFA
79,'276,Germany,3102,Nutrient nitrogen N (total),5510,Production,2014,2014,t,1316100.0,X,Data sourced from IFA
79,'276,Germany,3102,Nutrient nitrogen N (total),5510,Production,2015,2015,t,1253300.0,X,Data sourced from IFA
79,'276,Germany,3102,Nutrient nitrogen N (total),5510,Production,2016,2016,t,1371485.41,I,
79,'276,Germany,3102,Nutrient nitrogen N (total),5510,Production,2017,2017,t,1321606.8,I,
79,'276,Germany,3102,Nutrient nitrogen N (total),5510,Production,2018,2018,t,1486440.58,I,
79,'276,Germany,3102,Nutrient nitrogen N (total),5510,Production,2019,2019,t,1508707.29,I,
79,'276,Germany,3102,Nutrient nitrogen N (total),5510,Production,2020,2020,t,1408090.72,I,
79,'276,Germany,3102,Nutrient nitrogen N (total),5510,Production,2021,2021,t,1264659.73,I,
79,'276,Germany,3102,Nutrient nitrogen N (total),5510,Production,2022,2022,t,1005535.23,I,
79,'276,Germany,3102,Nutrient nitrogen N (total),5510,Production,2023,2023,t,978042.0,I,
79,'276,Germany,3102,Nutrient nitrogen N (total),5610,Import quantity,1961,1961,t,23554.0,A,Official data from questionnaire
79,'276,Germany,3102,Nutrient nitrogen N (total),5610,Import quantity,1962,1962,t,33533.0,A,Official data from questionnaire
79,'276,Germany,3102,Nutrient nitrogen N (total),5610,Import quantity,1963,1963,t,48329.0,A,Official data from questionnaire
79,'276,Germany,3102,Nutrient nitrogen N (total),5610,Import quantity,1964,1964,t,99753.0,A,Official data from questionnaire
79,'276,Germany,3102,Nutrient nitrogen N (total),5610,Import quantity,1965,1965,t,175228.0,A,Official data from questionnaire
79,'276,Germany,3102,Nutrient nitrogen N (total),5610,Import quantity,1966,1966,t,167542.0,A,Official data from questionnaire
79,'276,Germany,3102,Nutrient nitrogen N (total),5610,Import quantity,1967,1967,t,193154.0,A,Official data from questionnaire
79,'276,Germany,3102,Nutrient nitrogen N (total),5610,Import quantity,1968,1968,t,253460.0,A,Official data from questionnaire
79,'276,Germany,3102,Nutrient nitrogen N (total),5610,Import quantity,1969,1969,t,224904.0,A,Official data from questionnaire
79,'276,Germany,3102,Nutrient nitrogen N (total),5610,Import quantity,1970,1970,t,292103.0,A,Official data from questionnaire
79,'276,Germany,3102,Nutrient nitrogen N (total),5610,Import quantity,1971,1971,t,422347.0,A,Official data from questionnaire
79,'276,Germany,3102,Nutrient nitrogen N (total),5610,Import quantity,1972,1972,t,519438.0,A,Official data from questionnaire
79,'276,Germany,3102,Nutrient nitrogen N (total),5610,Import quantity,1973,1973,t,453687.0,A,Official data from questionnaire
79,'276,Germany,3102,Nutrient nitrogen N (total),5610,Import quantity,1974,1974,t,369096.0,A,Official data from questionnaire
79,'276,Germany,3102,Nutrient nitrogen N (total),5610,Import quantity,1975,1975,t,417399.0,A,Official data from questionnaire
79,'276,Germany,3102,Nutrient nitrogen N (total),5610,Import quantity,1976,1976,t,427573.0,A,Official data from questionnaire
79,'276,Germany,3102,Nutrient nitrogen N (total),5610,Import quantity,1977,1977,t,526456.0,A,Official data from questionnaire
79,'276,Germany,3102,Nutrient nitrogen N (total),5610,Import quantity,1978,1978,t,532608.0,A,Official data from questionnaire
79,'276,Germany,3102,Nutrient nitrogen N (total),5610,Import quantity,1979,1979,t,513816.0,A,Official data from questionnaire
79,'276,Germany,3102,Nutrient nitrogen N (total),5610,Import quantity,1980,1980,t,554324.0,A,Official data from questionnaire
79,'276,Germany,3102,Nutrient nitrogen N (total),5610,Import quantity,1981,1981,t,555033.0,A,Official data from questionnaire
79,'276,Germany,3102,Nutrient nitrogen N (total),5610,Import quantity,1982,1982,t,806900.0,X,Data sourced from another international organization
79,'276,Germany,3102,Nutrient nitrogen N (total),5610,Import quantity,1983,1983,t,894200.0,X,Data sourced from another international organization
79,'276,Germany,3102,Nutrient nitrogen N (total),5610,Import quantity,1984,1984,t,815600.0,X,Data sourced from another international organization
79,'276,Germany,3102,Nutrient nitrogen N (total),5610,Import quantity,1985,1985,t,884300.0,X,Data sourced from another international organization
79,'276,Germany,3102,Nutrient nitrogen N (total),5610,Import quantity,1986,1986,t,998200.0,X,Data sourced from another international organization
79,'276,Germany,3102,Nutrient nitrogen N (total),5610,Import quantity,1987,1987,t,1085100.0,X,Data sourced from another international organization
79,'276,Germany,3102,Nutrient nitrogen N (total),5610,Import quantity,1988,1988,t,1041000.0,X,Data sourced from another international organization
79,'276,Germany,3102,Nutrient nitrogen N (total),5610,Import quantity,1989,1989,t,985900.0,X,Data sourced from another international organization
79,'276,Germany,3102,Nutrient nitrogen N (total),5610,Import quantity,1990,1990,t,1137000.0,X,Data sourced from another international organization
79,'276,Germany,3102,Nutrient nitrogen N (total),5610,Import quantity,1991,1991,t,1170000.0,X,Data sourced from another international organization
79,'276,Germany,3102,Nutrient nitrogen N (total),5610,Import quantity,1992,1992,t,1081000.0,X,Data sourced from another international organization
79,'276,Germany,3102,Nutrient nitrogen N (total),5610,Import quantity,1993,1993,t,1019000.0,X,Data sourced from another international organization
79,'276,Germany,3102,Nutrient nitrogen N (total),5610,Import quantity,1994,1994,t,1249000.0,X,Data sourced from another international organization
79,'276,Germany,3102,Nutrient nitrogen N (total),5610,Import quantity,1995,1995,t,1472000.0,X,Data sourced from another international organization
79,'276,Germany,3102,Nutrient nitrogen N (total),5610,Import quantity,1996,1996,t,1194000.0,X,Data sourced from another international organization
79,'276,Germany,3102,Nutrient nitrogen N (total),5610,Import quantity,1997,1997,t,1253000.0,X,Data sourced from another international organization
79,'276,Germany,3102,Nutrient nitrogen N (total),5610,Import quantity,1998,1998,t,1294000.0,X,Data sourced from another international organization
79,'276,Germany,3102,Nutrient nitrogen N (total),5610,Import quantity,1999,1999,t,1224000.0,X,Data sourced from another international organization
79,'276,Germany,3102,Nutrient nitrogen N (total),5610,Import quantity,2000,2000,t,1171000.0,X,Data sourced from another international organization
79,'276,Germany,3102,Nutrient nitrogen N (total),5610,Import quantity,2001,2001,t,1131000.0,X,Data sourced from another international organization
79,'276,Germany,3102,Nutrient nitrogen N (total),5610,Import quantity,2002,2002,t,1075967.18,I,
79,'276,Germany,3102,Nutrient nitrogen N (total),5610,Import quantity,2003,2003,t,1240325.65,I,
79,'276,Germany,3102,Nutrient nitrogen N (total),5610,Import quantity,2004,2004,t,1048250.61,I,
79,'276,Germany,3102,Nutrient nitrogen N (total),5610,Import quantity,2005,2005,t,1131221.93,I,
79,'276,Germany,3102,Nutrient nitrogen N (total),5610,Import quantity,2006,2006,t,1027586.06,I,
79,'276,Germany,3102,Nutrient nitrogen N (total),5610,Import quantity,2007,2007,t,984933.47,I,
79,'276,Germany,3102,Nutrient nitrogen N (total),5610,Import quantity,2008,2008,t,1212699.7,I,
79,'276,Germany,3102,Nutrient nitrogen N (total),5610,Import quantity,2009,2009,t,1128921.71,I,
79,'276,Germany,3102,Nutrient nitrogen N (total),5610,Import quantity,2010,2010,t,1241375.96,I,
79,'276,Germany,3102,Nutrient nitrogen N (total),5610,Import quantity,2011,2011,t,1346083.4,I,
79,'276,Germany,3102,Nutrient nitrogen N (total),5610,Import quantity,2012,2012,t,1221934.58,I,
79,'276,Germany,3102,Nutrient nitrogen N (total),5610,Import quantity,2013,2013,t,1172246.36,I,
79,'276,Germany,3102,Nutrient nitrogen N (total),5610,Import quantity,2014,2014,t,1322007.75,I,
79,'276,Germany,3102,Nutrient nitrogen N (total),5610,Import quantity,2015,2015,t,1260611.07,I,
79,'276,Germany,3102,Nutrient nitrogen N (total),5610,Import quantity,2016,2016,t,1273069.02,I,
79,'276,Germany,3102,Nutrient nitrogen N (total),5610,Import quantity,2017,2017,t,1104662.23,I,
79,'276,Germany,3102,Nutrient nitrogen N (total),5610,Import quantity,2018,2018,t,963455.02,I,
79,'276,Germany,3102,Nutrient nitrogen N (total),5610,Import quantity,2019,2019,t,1005404.9,I,
79,'276,Germany,3102,Nutrient nitrogen N (total),5610,Import quantity,2020,2020,t,995901.56,I,
79,'276,Germany,3102,Nutrient nitrogen N (total),5610,Import quantity,2021,2021,t,937208.89,I,
79,'276,Germany,3102,Nutrient nitrogen N (total),5610,Import quantity,2022,2022,t,1101816.18,I,
79,'276,Germany,3102,Nutrient nitrogen N (total),5610,Import quantity,2023,2023,t,1075388.15,I,
79,'276,Germany,3102,Nutrient nitrogen N (total),5910,Export quantity,1961,1961,t,616194.0,A,Official data from questionnaire
79,'276,Germany,3102,Nutrient nitrogen N (total),5910,Export quantity,1962,1962,t,589431.0,A,Official data from questionnaire
79,'276,Germany,3102,Nutrient nitrogen N (total),5910,Export quantity,1963,1963,t,554162.0,A,Official data from questionnaire
79,'276,Germany,3102,Nutrient nitrogen N (total),5910,Export quantity,1964,1964,t,456578.0,A,Official data from questionnaire
79,'276,Germany,3102,Nutrient nitrogen N (total),5910,Export quantity,1965,1965,t,503669.0,A,Official data from questionnaire
79,'276,Germany,3102,Nutrient nitrogen N (total),5910,Export quantity,1966,1966,t,588430.0,A,Official data from questionnaire
79,'276,Germany,3102,Nutrient nitrogen N (total),5910,Export quantity,1967,1967,t,640011.0,A,Official data from questionnaire
79,'276,Germany,3102,Nutrient nitrogen N (total),5910,Export quantity,1968,1968,t,675975.0,X,Data sourced from another international organization
79,'276,Germany,3102,Nutrient nitrogen N (total),5910,Export quantity,1969,1969,t,535091.0,X,Data sourced from another international organization
79,'276,Germany,3102,Nutrient nitrogen N (total),5910,Export quantity,1970,1970,t,484971.0,X,Data sourced from another international organization
79,'276,Germany,3102,Nutrient nitrogen N (total),5910,Export quantity,1971,1971,t,370993.0,X,Data sourced from another international organization
79,'276,Germany,3102,Nutrient nitrogen N (total),5910,Export quantity,1972,1972,t,452415.0,X,Data sourced from another international organization
79,'276,Germany,3102,Nutrient nitrogen N (total),5910,Export quantity,1973,1973,t,535882.0,X,Data sourced from another international organization
79,'276,Germany,3102,Nutrient nitrogen N (total),5910,Export quantity,1974,1974,t,390646.0,X,Data sourced from another international organization
79,'276,Germany,3102,Nutrient nitrogen N (total),5910,Export quantity,1975,1975,t,303832.0,X,Data sourced from another international organization
79,'276,Germany,3102,Nutrient nitrogen N (total),5910,Export quantity,1976,1976,t,412169.0,X,Data sourced from another international organization
79,'276,Germany,3102,Nutrient nitrogen N (total),5910,Export quantity,1977,1977,t,405265.0,X,Data sourced from another international organization
79,'276,Germany,3102,Nutrient nitrogen N (total),5910,Export quantity,1978,1978,t,552272.0,X,Data sourced from another international organization
79,'276,Germany,3102,Nutrient nitrogen N (total),5910,Export quantity,1979,1979,t,571619.0,X,Data sourced from another international organization
79,'276,Germany,3102,Nutrient nitrogen N (total),5910,Export quantity,1980,1980,t,569677.0,X,Data sourced from another international organization
79,'276,Germany,3102,Nutrient nitrogen N (total),5910,Export quantity,1981,1981,t,545062.0,X,Data sourced from another international organization
79,'276,Germany,3102,Nutrient nitrogen N (total),5910,Export quantity,1982,1982,t,709600.0,X,Data sourced from another international organization
79,'276,Germany,3102,Nutrient nitrogen N (total),5910,Export quantity,1983,1983,t,834735.0,A,Official data from questionnaire
79,'276,Germany,3102,Nutrient nitrogen N (total),5910,Export quantity,1984,1984,t,788039.0,X,Data sourced from another international organization
79,'276,Germany,3102,Nutrient nitrogen N (total),5910,Export quantity,1985,1985,t,632011.0,X,Data sourced from another international organization
79,'276,Germany,3102,Nutrient nitrogen N (total),5910,Export quantity,1986,1986,t,912873.0,X,Data sourced from another international organization
79,'276,Germany,3102,Nutrient nitrogen N (total),5910,Export quantity,1987,1987,t,916144.0,X,Data sourced from another international organization
79,'276,Germany,3102,Nutrient nitrogen N (total),5910,Export quantity,1988,1988,t,871417.0,X,Data sourced from another international organization
79,'276,Germany,3102,Nutrient nitrogen N (total),5910,Export quantity,1989,1989,t,653000.0,X,Data sourced from another international organization
79,'276,Germany,3102,Nutrient nitrogen N (total),5910,Export quantity,1990,1990,t,612000.0,X,Data sourced from another international organization
79,'276,Germany,3102,Nutrient nitrogen N (total),5910,Export quantity,1991,1991,t,540000.0,X,Data sourced from another international organization
79,'276,Germany,3102,Nutrient nitrogen N (total),5910,Export quantity,1992,1992,t,592000.0,X,Data sourced from another international organization
79,'276,Germany,3102,Nutrient nitrogen N (total),5910,Export quantity,1993,1993,t,538000.0,X,Data sourced from another international organization
79,'276,Germany,3102,Nutrient nitrogen N (total),5910,Export quantity,1994,1994,t,629000.0,X,Data sourced from another international organization
79,'276,Germany,3102,Nutrient nitrogen N (total),5910,Export quantity,1995,1995,t,834000.0,X,Data sourced from another international organization
79,'276,Germany,3102,Nutrient nitrogen N (total),5910,Export quantity,1996,1996,t,676000.0,X,Data sourced from another international organization
79,'276,Germany,3102,Nutrient nitrogen N (total),5910,Export quantity,1997,1997,t,561000.0,X,Data sourced from another international organization
79,'276,Germany,3102,Nutrient nitrogen N (total),5910,Export quantity,1998,1998,t,547000.0,X,Data sourced from another international organization
79,'276,Germany,3102,Nutrient nitrogen N (total),5910,Export quantity,1999,1999,t,475000.0,X,Data sourced from another international organization
79,'276,Germany,3102,Nutrient nitrogen N (total),5910,Export quantity,2000,2000,t,463000.0,X,Data sourced from another international organization
79,'276,Germany,3102,Nutrient nitrogen N (total),5910,Export quantity,2001,2001,t,407000.0,X,Data sourced from another international organization
79,'276,Germany,3102,Nutrient nitrogen N (total),5910,Export quantity,2002,2002,t,604695.6,I,
79,'276,Germany,3102,Nutrient nitrogen N (total),5910,Export quantity,2003,2003,t,587737.79,I,
79,'276,Germany,3102,Nutrient nitrogen N (total),5910,Export quantity,2004,2004,t,581956.66,I,
79,'276,Germany,3102,Nutrient nitrogen N (total),5910,Export quantity,2005,2005,t,697189.42,I,
79,'276,Germany,3102,Nutrient nitrogen N (total),5910,Export quantity,2006,2006,t,696216.89,I,
79,'276,Germany,3102,Nutrient nitrogen N (total),5910,Export quantity,2007,2007,t,774734.32,I,
79,'276,Germany,3102,Nutrient nitrogen N (total),5910,Export quantity,2008,2008,t,663032.57,I,
79,'276,Germany,3102,Nutrient nitrogen N (total),5910,Export quantity,2009,2009,t,814750.54,I,
79,'276,Germany,3102,Nutrient nitrogen N (total),5910,Export quantity,2010,2010,t,791041.67,I,
79,'276,Germany,3102,Nutrient nitrogen N (total),5910,Export quantity,2011,2011,t,889745.62,I,
79,'276,Germany,3102,Nutrient nitrogen N (total),5910,Export quantity,2012,2012,t,890267.83,I,
79,'276,Germany,3102,Nutrient nitrogen N (total),5910,Export quantity,2013,2013,t,928085.82,I,
79,'276,Germany,3102,Nutrient nitrogen N (total),5910,Export quantity,2014,2014,t,919346.37,I,
79,'276,Germany,3102,Nutrient nitrogen N (total),5910,Export quantity,2015,2015,t,830180.3,I,
79,'276,Germany,3102,Nutrient nitrogen N (total),5910,Export quantity,2016,2016,t,985716.27,I,
79,'276,Germany,3102,Nutrient nitrogen N (total),5910,Export quantity,2017,2017,t,1062037.56,I,
79,'276,Germany,3102,Nutrient nitrogen N (total),5910,Export quantity,2018,2018,t,1107578.82,I,
79,'276,Germany,3102,Nutrient nitrogen N (total),5910,Export quantity,2019,2019,t,1142010.99,I,
79,'276,Germany,3102,Nutrient nitrogen N (total),5910,Export quantity,2020,2020,t,1138514.46,I,
79,'276,Germany,3102,Nutrient nitrogen N (total),5910,Export quantity,2021,2021,t,1105022.29,I,
79,'276,Germany,3102,Nutrient nitrogen N (total),5910,Export quantity,2022,2022,t,1153190.69,I,
79,'276,Germany,3102,Nutrient nitrogen N (total),5910,Export quantity,2023,2023,t,992392.36,I,
79,'276,Germany,3102,Nutrient nitrogen N (total),5157,Agricultural Use,1961,1961,t,877000.0,A,Official data from questionnaire
79,'276,Germany,3102,Nutrient nitrogen N (total),5157,Agricultural Use,1962,1962,t,1030961.0,A,Official data from questionnaire
79,'276,Germany,3102,Nutrient nitrogen N (total),5157,Agricultural Use,1963,1963,t,1035513.0,A,Official data from questionnaire
79,'276,Germany,3102,Nutrient nitrogen N (total),5157,Agricultural Use,1964,1964,t,1123006.0,A,Official data from questionnaire
79,'276,Germany,3102,Nutrient nitrogen N (total),5157,Agricultural Use,1965,1965,t,1287623.0,A,Official data from questionnaire
79,'276,Germany,3102,Nutrient nitrogen N (total),5157,Agricultural Use,1966,1966,t,1321319.0,A,Official data from questionnaire
79,'276,Germany,3102,Nutrient nitrogen N (total),5157,Agricultural Use,1967,1967,t,1344010.0,A,Official data from questionnaire
79,'276,Germany,3102,Nutrient nitrogen N (total),5157,Agricultural Use,1968,1968,t,1443368.0,A,Official data from questionnaire
79,'276,Germany,3102,Nutrient nitrogen N (total),5157,Agricultural Use,1969,1969,t,1571976.0,A,Official data from questionnaire
79,'276,Germany,3102,Nutrient nitrogen N (total),5157,Agricultural Use,1970,1970,t,1642022.0,A,Official data from questionnaire
79,'276,Germany,3102,Nutrient nitrogen N (total),5157,Agricultural Use,1971,1971,t,1707834.0,A,Official data from questionnaire
79,'276,Germany,3102,Nutrient nitrogen N (total),5157,Agricultural Use,1972,1972,t,1846922.0,A,Official data from questionnaire
79,'276,Germany,3102,Nutrient nitrogen N (total),5157,Agricultural Use,1973,1973,t,1766941.0,A,Official data from questionnaire
79,'276,Germany,3102,Nutrient nitrogen N (total),5157,Agricultural Use,1974,1974,t,1872239.0,A,Official data from questionnaire
79,'276,Germany,3102,Nutrient nitrogen N (total),5157,Agricultural Use,1975,1975,t,1906142.0,A,Official data from questionnaire
79,'276,Germany,3102,Nutrient nitrogen N (total),5157,Agricultural Use,1976,1976,t,2077951.0,A,Official data from questionnaire
79,'276,Germany,3102,Nutrient nitrogen N (total),5157,Agricultural Use,1977,1977,t,2095502.0,A,Official data from questionnaire
79,'276,Germany,3102,Nutrient nitrogen N (total),5157,Agricultural Use,1978,1978,t,2138054.0,A,Official data from questionnaire
79,'276,Germany,3102,Nutrient nitrogen N (total),5157,Agricultural Use,1979,1979,t,2225089.0,A,Official data from questionnaire
79,'276,Germany,3102,Nutrient nitrogen N (total),5157,Agricultural Use,1980,1980,t,2302615.0,A,Official data from questionnaire
79,'276,Germany,3102,Nutrient nitrogen N (total),5157,Agricultural Use,1981,1981,t,2072801.0,A,Official data from questionnaire
79,'276,Germany,3102,Nutrient nitrogen N (total),5157,Agricultural Use,1982,1982,t,2171500.0,X,Data sourced from another international organization
79,'276,Germany,3102,Nutrient nitrogen N (total),5157,Agricultural Use,1983,1983,t,2071756.0,A,Official data from questionnaire
79,'276,Germany,3102,Nutrient nitrogen N (total),5157,Agricultural Use,1984,1984,t,2148741.0,A,Official data from questionnaire
79,'276,Germany,3102,Nutrient nitrogen N (total),5157,Agricultural Use,1985,1985,t,2285700.0,X,Data sourced from another international organization
79,'276,Germany,3102,Nutrient nitrogen N (total),5157,Agricultural Use,1986,1986,t,2287242.0,A,Official data from questionnaire
79,'276,Germany,3102,Nutrient nitrogen N (total),5157,Agricultural Use,1987,1987,t,2375335.0,A,Official data from questionnaire
79,'276,Germany,3102,Nutrient nitrogen N (total),5157,Agricultural Use,1988,1988,t,2413000.0,A,Official data from questionnaire
79,'276,Germany,3102,Nutrient nitrogen N (total),5157,Agricultural Use,1989,1989,t,2253000.0,A,Official data from questionnaire
79,'276,Germany,3102,Nutrient nitrogen N (total),5157,Agricultural Use,1990,1990,t,1787300.0,X,Data sourced from another international organization
79,'276,Germany,3102,Nutrient nitrogen N (total),5157,Agricultural Use,1991,1991,t,1720000.0,X,Data sourced from another international organization
79,'276,Germany,3102,Nutrient nitrogen N (total),5157,Agricultural Use,1992,1992,t,1680000.0,X,Data sourced from another international organization
79,'276,Germany,3102,Nutrient nitrogen N (total),5157,Agricultural Use,1993,1993,t,1612215.0,A,Official data from questionnaire
79,'276,Germany,3102,Nutrient nitrogen N (total),5157,Agricultural Use,1994,1994,t,1787436.0,A,Official data from questionnaire
79,'276,Germany,3102,Nutrient nitrogen N (total),5157,Agricultural Use,1995,1995,t,1770000.0,A,Official data from questionnaire
79,'276,Germany,3102,Nutrient nitrogen N (total),5157,Agricultural Use,1996,1996,t,1758008.0,A,Official data from questionnaire
79,'276,Germany,3102,Nutrient nitrogen N (total),5157,Agricultural Use,1997,1997,t,1788388.0,A,Official data from questionnaire
79,'276,Germany,3102,Nutrient nitrogen N (total),5157,Agricultural Use,1998,1998,t,1903017.0,A,Official data from questionnaire
79,'276,Germany,3102,Nutrient nitrogen N (total),5157,Agricultural Use,1999,1999,t,2014010.0,A,Official data from questionnaire
79,'276,Germany,3102,Nutrient nitrogen N (total),5157,Agricultural Use,2000,2000,t,1847507.0,A,Official data from questionnaire
79,'276,Germany,3102,Nutrient nitrogen N (total),5157,Agricultural Use,2001,2001,t,1792212.0,X,Data sourced from another international organization
79,'276,Germany,3102,Nutrient nitrogen N (total),5157,Agricultural Use,2002,2002,t,1787833.0,A,Official data from questionnaire
79,'276,Germany,3102,Nutrient nitrogen N (total),5157,Agricultural Use,2003,2003,t,1827767.0,A,Official data from questionnaire
79,'276,Germany,3102,Nutrient nitrogen N (total),5157,Agricultural Use,2004,2004,t,1778438.0,A,Official data from questionnaire
79,'276,Germany,3102,Nutrient nitrogen N (total),5157,Agricultural Use,2005,2005,t,1784996.0,A,Official data from questionnaire
79,'276,Germany,3102,Nutrient nitrogen N (total),5157,Agricultural Use,2006,2006,t,1599788.0,A,Official data from questionnaire
79,'276,Germany,3102,Nutrient nitrogen N (total),5157,Agricultural Use,2007,2007,t,1807176.0,A,Official data from questionnaire
79,'276,Germany,3102,Nutrient nitrogen N (total),5157,Agricultural Use,2008,2008,t,1550625.0,A,Official data from questionnaire
79,'276,Germany,3102,Nutrient nitrogen N (total),5157,Agricultural Use,2009,2009,t,1569045.0,A,Official data from questionnaire
79,'276,Germany,3102,Nutrient nitrogen N (total),5157,Agricultural Use,2010,2010,t,1786485.0,A,Official data from questionnaire
79,'276,Germany,3102,Nutrient nitrogen N (total),5157,Agricultural Use,2011,2011,t,1640414.0,A,Official data from questionnaire
79,'276,Germany,3102,Nutrient nitrogen N (total),5157,Agricultural Use,2012,2012,t,1648828.0,A,Official data from questionnaire
79,'276,Germany,3102,Nutrient nitrogen N (total),5157,Agricultural Use,2013,2013,t,1675289.0,A,Official data from questionnaire
79,'276,Germany,3102,Nutrient nitrogen N (total),5157,Agricultural Use,2014,2014,t,1822791.0,A,Official data from questionnaire
79,'276,Germany,3102,Nutrient nitrogen N (total),5157,Agricultural Use,2015,2015,t,1710616.0,A,Official data from questionnaire
79,'276,Germany,3102,Nutrient nitrogen N (total),5157,Agricultural Use,2016,2016,t,1658837.0,A,Official data from questionnaire
79,'276,Germany,3102,Nutrient nitrogen N (total),5157,Agricultural Use,2017,2017,t,1496649.0,A,Official data from questionnaire
79,'276,Germany,3102,Nutrient nitrogen N (total),5157,Agricultural Use,2018,2018,t,1342284.0,A,Official data from questionnaire
79,'276,Germany,3102,Nutrient nitrogen N (total),5157,Agricultural Use,2019,2019,t,1372084.0,A,Official data from questionnaire
79,'276,Germany,3102,Nutrient nitrogen N (total),5157,Agricultural Use,2020,2020,t,1265477.0,A,Official data from questionnaire
79,'276,Germany,3102,Nutrient nitrogen N (total),5157,Agricultural Use,2021,2021,t,1096787.0,A,Official data from questionnaire
79,'276,Germany,3102,Nutrient nitrogen N (total),5157,Agricultural Use,2022,2022,t,1007364.0,A,Official data from questionnaire
79,'276,Germany,3102,Nutrient nitrogen N (total),5157,Agricultural Use,2023,2023,t,1038856.0,A,Official data from questionnaire
79,'276,Germany,3102,Nutrient nitrogen N (total),5159,Use per area of cropland,1961,1961,kg/ha,55.14,E,
79,'276,Germany,3102,Nutrient nitrogen N (total),5159,Use per area of cropland,1962,1962,kg/ha,64.99,E,
79,'276,Germany,3102,Nutrient nitrogen N (total),5159,Use per area of cropland,1963,1963,kg/ha,65.42,E,
79,'276,Germany,3102,Nutrient nitrogen N (total),5159,Use per area of cropland,1964,1964,kg/ha,70.96,E,
79,'276,Germany,3102,Nutrient nitrogen N (total),5159,Use per area of cropland,1965,1965,kg/ha,81.46,E,
79,'276,Germany,3102,Nutrient nitrogen N (total),5159,Use per area of cropland,1966,1966,kg/ha,83.63,E,
79,'276,Germany,3102,Nutrient nitrogen N (total),5159,Use per area of cropland,1967,1967,kg/ha,85.84,E,
79,'276,Germany,3102,Nutrient nitrogen N (total),5159,Use per area of cropland,1968,1968,kg/ha,92.34,E,
79,'276,Germany,3102,Nutrient nitrogen N (total),5159,Use per area of cropland,1969,1969,kg/ha,100.78,E,
79,'276,Germany,3102,Nutrient nitrogen N (total),5159,Use per area of cropland,1970,1970,kg/ha,106.01,E,
79,'276,Germany,3102,Nutrient nitrogen N (total),5159,Use per area of cropland,1971,1971,kg/ha,110.15,E,
79,'276,Germany,3102,Nutrient nitrogen N (total),5159,Use per area of cropland,1972,1972,kg/ha,118.73,E,
79,'276,Germany,3102,Nutrient nitrogen N (total),5159,Use per area of cropland,1973,1973,kg/ha,113.55,E,
79,'276,Germany,3102,Nutrient nitrogen N (total),5159,Use per area of cropland,1974,1974,kg/ha,120.02,E,
79,'276,Germany,3102,Nutrient nitrogen N (total),5159,Use per area of cropland,1975,1975,kg/ha,121.9,E,
79,'276,Germany,3102,Nutrient nitrogen N (total),5159,Use per area of cropland,1976,1976,kg/ha,132.32,E,
79,'276,Germany,3102,Nutrient nitrogen N (total),5159,Use per area of cropland,1977,1977,kg/ha,133.47,E,
79,'276,Germany,3102,Nutrient nitrogen N (total),5159,Use per area of cropland,1978,1978,kg/ha,136.01,E,
79,'276,Germany,3102,Nutrient nitrogen N (total),5159,Use per area of cropland,1979,1979,kg/ha,141.75,E,
79,'276,Germany,3102,Nutrient nitrogen N (total),5159,Use per area of cropland,1980,1980,kg/ha,147.01,E,
79,'276,Germany,3102,Nutrient nitrogen N (total),5159,Use per area of cropland,1981,1981,kg/ha,132.68,E,
79,'276,Germany,3102,Nutrient nitrogen N (total),5159,Use per area of cropland,1982,1982,kg/ha,139.38,E,
79,'276,Germany,3102,Nutrient nitrogen N (total),5159,Use per area of cropland,1983,1983,kg/ha,133.12,E,
79,'276,Germany,3102,Nutrient nitrogen N (total),5159,Use per area of cropland,1984,1984,kg/ha,138.32,E,
79,'276,Germany,3102,Nutrient nitrogen N (total),5159,Use per area of cropland,1985,1985,kg/ha,147.16,E,
79,'276,Germany,3102,Nutrient nitrogen N (total),5159,Use per area of cropland,1986,1986,kg/ha,147.33,E,
79,'276,Germany,3102,Nutrient nitrogen N (total),5159,Use per area of cropland,1987,1987,kg/ha,153.37,E,
79,'276,Germany,3102,Nutrient nitrogen N (total),5159,Use per area of cropland,1988,1988,kg/ha,155.8,E,
79,'276,Germany,3102,Nutrient nitrogen N (total),5159,Use per area of cropland,1989,1989,kg/ha,145.46,E,
79,'276,Germany,3102,Nutrient nitrogen N (total),5159,Use per area of cropland,1990,1990,kg/ha,115.18,E,
79,'276,Germany,3102,Nutrient nitrogen N (total),5159,Use per area of cropland,1991,1991,kg/ha,116.54,E,
79,'276,Germany,3102,Nutrient nitrogen N (total),5159,Use per area of cropland,1992,1992,kg/ha,114.79,E,
79,'276,Germany,3102,Nutrient nitrogen N (total),5159,Use per area of cropland,1993,1993,kg/ha,108.28,E,
79,'276,Germany,3102,Nutrient nitrogen N (total),5159,Use per area of cropland,1994,1994,kg/ha,118.8,E,
79,'276,Germany,3102,Nutrient nitrogen N (total),5159,Use per area of cropland,1995,1995,kg/ha,117.4,E,
79,'276,Germany,3102,Nutrient nitrogen N (total),5159,Use per area of cropland,1996,1996,kg/ha,116.58,E,
79,'276,Germany,3102,Nutrient nitrogen N (total),5159,Use per area of cropland,1997,1997,kg/ha,118.63,E,
79,'276,Germany,3102,Nutrient nitrogen N (total),5159,Use per area of cropland,1998,1998,kg/ha,125.75,E,
79,'276,Germany,3102,Nutrient nitrogen N (total),5159,Use per area of cropland,1999,1999,kg/ha,133.84,E,
79,'276,Germany,3102,Nutrient nitrogen N (total),5159,Use per area of cropland,2000,2000,kg/ha,122.96,E,
79,'276,Germany,3102,Nutrient nitrogen N (total),5159,Use per area of cropland,2001,2001,kg/ha,119.27,E,
79,'276,Germany,3102,Nutrient nitrogen N (total),5159,Use per area of cropland,2002,2002,kg/ha,119.22,E,
79,'276,Germany,3102,Nutrient nitrogen N (total),5159,Use per area of cropland,2003,2003,kg/ha,121.52,E,
79,'276,Germany,3102,Nutrient nitrogen N (total),5159,Use per area of cropland,2004,2004,kg/ha,117.58,E,
79,'276,Germany,3102,Nutrient nitrogen N (total),5159,Use per area of cropland,2005,2005,kg/ha,118.0,E,
79,'276,Germany,3102,Nutrient nitrogen N (total),5159,Use per area of cropland,2006,2006,kg/ha,106.09,E,
79,'276,Germany,3102,Nutrient nitrogen N (total),5159,Use per area of cropland,2007,2007,kg/ha,119.73,E,
79,'276,Germany,3102,Nutrient nitrogen N (total),5159,Use per area of cropland,2008,2008,kg/ha,102.25,E,
79,'276,Germany,3102,Nutrient nitrogen N (total),5159,Use per area of cropland,2009,2009,kg/ha,103.35,E,
79,'276,Germany,3102,Nutrient nitrogen N (total),5159,Use per area of cropland,2010,2010,kg/ha,118.65,E,
79,'276,Germany,3102,Nutrient nitrogen N (total),5159,Use per area of cropland,2011,2011,kg/ha,108.68,E,
79,'276,Germany,3102,Nutrient nitrogen N (total),5159,Use per area of cropland,2012,2012,kg/ha,109.61,E,
79,'276,Germany,3102,Nutrient nitrogen N (total),5159,Use per area of cropland,2013,2013,kg/ha,110.98,E,
79,'276,Germany,3102,Nutrient nitrogen N (total),5159,Use per area of cropland,2014,2014,kg/ha,120.79,E,
79,'276,Germany,3102,Nutrient nitrogen N (total),5159,Use per area of cropland,2015,2015,kg/ha,113.56,E,
79,'276,Germany,3102,Nutrient nitrogen N (total),5159,Use per area of cropland,2016,2016,kg/ha,110.93,E,
79,'276,Germany,3102,Nutrient nitrogen N (total),5159,Use per area of cropland,2017,2017,kg/ha,100.02,E,
79,'276,Germany,3102,Nutrient nitrogen N (total),5159,Use per area of cropland,2018,2018,kg/ha,90.01,E,
79,'276,Germany,3102,Nutrient nitrogen N (total),5159,Use per area of cropland,2019,2019,kg/ha,92.14,E,
79,'276,Germany,3102,Nutrient nitrogen N (total),5159,Use per area of cropland,2020,2020,kg/ha,85.35,E,
79,'276,Germany,3102,Nutrient nitrogen N (total),5159,Use per area of cropland,2021,2021,kg/ha,73.98,E,
79,'276,Germany,3102,Nutrient nitrogen N (total),5159,Use per area of cropland,2022,2022,kg/ha,67.95,E,
79,'276,Germany,3102,Nutrient nitrogen N (total),5159,Use per area of cropland,2023,2023,kg/ha,69.95,E,
79,'276,Germany,3102,Nutrient nitrogen N (total),5172,Use per capita,1961,1961,kg/cap,11.95,E,
79,'276,Germany,3102,Nutrient nitrogen N (total),5172,Use per capita,1962,1962,kg/cap,13.93,E,
79,'276,Germany,3102,Nutrient nitrogen N (total),5172,Use per capita,1963,1963,kg/cap,13.86,E,
79,'276,Germany,3102,Nutrient nitrogen N (total),5172,Use per capita,1964,1964,kg/cap,14.91,E,
79,'276,Germany,3102,Nutrient nitrogen N (total),5172,Use per capita,1965,1965,kg/cap,16.95,E,
79,'276,Germany,3102,Nutrient nitrogen N (total),5172,Use per capita,1966,1966,kg/cap,17.25,E,
79,'276,Germany,3102,Nutrient nitrogen N (total),5172,Use per capita,1967,1967,kg/cap,17.46,E,
79,'276,Germany,3102,Nutrient nitrogen N (total),5172,Use per capita,1968,1968,kg/cap,18.67,E,
79,'276,Germany,3102,Nutrient nitrogen N (total),5172,Use per capita,1969,1969,kg/cap,20.17,E,
79,'276,Germany,3102,Nutrient nitrogen N (total),5172,Use per capita,1970,1970,kg/cap,21.0,E,
79,'276,Germany,3102,Nutrient nitrogen N (total),5172,Use per capita,1971,1971,kg/cap,21.8,E,
79,'276,Germany,3102,Nutrient nitrogen N (total),5172,Use per capita,1972,1972,kg/cap,23.46,E,
79,'276,Germany,3102,Nutrient nitrogen N (total),5172,Use per capita,1973,1973,kg/cap,22.38,E,
79,'276,Germany,3102,Nutrient nitrogen N (total),5172,Use per capita,1974,1974,kg/cap,23.7,E,
79,'276,Germany,3102,Nutrient nitrogen N (total),5172,Use per capita,1975,1975,kg/cap,24.22,E,
79,'276,Germany,3102,Nutrient nitrogen N (total),5172,Use per capita,1976,1976,kg/cap,26.52,E,
79,'276,Germany,3102,Nutrient nitrogen N (total),5172,Use per capita,1977,1977,kg/cap,26.8,E,
79,'276,Germany,3102,Nutrient nitrogen N (total),5172,Use per capita,1978,1978,kg/cap,27.37,E,
79,'276,Germany,3102,Nutrient nitrogen N (total),5172,Use per capita,1979,1979,kg/cap,28.47,E,
79,'276,Germany,3102,Nutrient nitrogen N (total),5172,Use per capita,1980,1980,kg/cap,29.4,E,
79,'276,Germany,3102,Nutrient nitrogen N (total),5172,Use per capita,1981,1981,kg/cap,26.42,E,
79,'276,Germany,3102,Nutrient nitrogen N (total),5172,Use per capita,1982,1982,kg/cap,27.7,E,
79,'276,Germany,3102,Nutrient nitrogen N (total),5172,Use per capita,1983,1983,kg/cap,26.48,E,
79,'276,Germany,3102,Nutrient nitrogen N (total),5172,Use per capita,1984,1984,kg/cap,27.55,E,
79,'276,Germany,3102,Nutrient nitrogen N (total),5172,Use per capita,1985,1985,kg/cap,29.36,E,
79,'276,Germany,3102,Nutrient nitrogen N (total),5172,Use per capita,1986,1986,kg/cap,29.35,E,
79,'276,Germany,3102,Nutrient nitrogen N (total),5172,Use per capita,1987,1987,kg/cap,30.43,E,
79,'276,Germany,3102,Nutrient nitrogen N (total),5172,Use per capita,1988,1988,kg/cap,30.78,E,
79,'276,Germany,3102,Nutrient nitrogen N (total),5172,Use per capita,1989,1989,kg/cap,28.52,E,
79,'276,Germany,3102,Nutrient nitrogen N (total),5172,Use per capita,1990,1990,kg/cap,22.42,E,
79,'276,Germany,3102,Nutrient nitrogen N (total),5172,Use per capita,1991,1991,kg/cap,21.42,E,
79,'276,Germany,3102,Nutrient nitrogen N (total),5172,Use per capita,1992,1992,kg/cap,20.76,E,
79,'276,Germany,3102,Nutrient nitrogen N (total),5172,Use per capita,1993,1993,kg/cap,19.78,E,
79,'276,Germany,3102,Nutrient nitrogen N (total),5172,Use per capita,1994,1994,kg/cap,21.86,E,
79,'276,Germany,3102,Nutrient nitrogen N (total),5172,Use per capita,1995,1995,kg/cap,21.58,E,
79,'276,Germany,3102,Nutrient nitrogen N (total),5172,Use per capita,1996,1996,kg/cap,21.37,E,
79,'276,Germany,3102,Nutrient nitrogen N (total),5172,Use per capita,1997,1997,kg/cap,21.71,E,
79,'276,Germany,3102,Nutrient nitrogen N (total),5172,Use per capita,1998,1998,kg/cap,23.2,E,
79,'276,Germany,3102,Nutrient nitrogen N (total),5172,Use per capita,1999,1999,kg/cap,24.66,E,
79,'276,Germany,3102,Nutrient nitrogen N (total),5172,Use per capita,2000,2000,kg/cap,22.59,E,
79,'276,Germany,3102,Nutrient nitrogen N (total),5172,Use per capita,2001,2001,kg/cap,21.87,E,
79,'276,Germany,3102,Nutrient nitrogen N (total),5172,Use per capita,2002,2002,kg/cap,21.78,E,
79,'276,Germany,3102,Nutrient nitrogen N (total),5172,Use per capita,2003,2003,kg/cap,22.26,E,
79,'276,Germany,3102,Nutrient nitrogen N (total),5172,Use per capita,2004,2004,kg/cap,21.66,E,
79,'276,Germany,3102,Nutrient nitrogen N (total),5172,Use per capita,2005,2005,kg/cap,21.76,E,
79,'276,Germany,3102,Nutrient nitrogen N (total),5172,Use per capita,2006,2006,kg/cap,19.58,E,
79,'276,Germany,3102,Nutrient nitrogen N (total),5172,Use per capita,2007,2007,kg/cap,22.23,E,
79,'276,Germany,3102,Nutrient nitrogen N (total),5172,Use per capita,2008,2008,kg/cap,19.12,E,
79,'276,Germany,3102,Nutrient nitrogen N (total),5172,Use per capita,2009,2009,kg/cap,19.39,E,
79,'276,Germany,3102,Nutrient nitrogen N (total),5172,Use per capita,2010,2010,kg/cap,22.1,E,
79,'276,Germany,3102,Nutrient nitrogen N (total),5172,Use per capita,2011,2011,kg/cap,20.29,E,
79,'276,Germany,3102,Nutrient nitrogen N (total),5172,Use per capita,2012,2012,kg/cap,20.38,E,
79,'276,Germany,3102,Nutrient nitrogen N (total),5172,Use per capita,2013,2013,kg/cap,20.67,E,
79,'276,Germany,3102,Nutrient nitrogen N (total),5172,Use per capita,2014,2014,kg/cap,22.4,E,
79,'276,Germany,3102,Nutrient nitrogen N (total),5172,Use per capita,2015,2015,kg/cap,20.84,E,
79,'276,Germany,3102,Nutrient nitrogen N (total),5172,Use per capita,2016,2016,kg/cap,20.04,E,
79,'276,Germany,3102,Nutrient nitrogen N (total),5172,Use per capita,2017,2017,kg/cap,18.01,E,
79,'276,Germany,3102,Nutrient nitrogen N (total),5172,Use per capita,2018,2018,kg/cap,16.1,E,
79,'276,Germany,3102,Nutrient nitrogen N (total),5172,Use per capita,2019,2019,kg/cap,16.42,E,
79,'276,Germany,3102,Nutrient nitrogen N (total),5172,Use per capita,2020,2020,kg/cap,15.13,E,
79,'276,Germany,3102,Nutrient nitrogen N (total),5172,Use per capita,2021,2021,kg/cap,13.1,E,
79,'276,Germany,3102,Nutrient nitrogen N (total),5172,Use per capita,2022,2022,kg/cap,11.98,E,
79,'276,Germany,3102,Nutrient nitrogen N (total),5172,Use per capita,2023,2023,kg/cap,12.29,E,
79,'276,Germany,3102,Nutrient nitrogen N (total),5173,Use per value of agricultural production,1961,1961,g/Int$,22.74,E,
79,'276,Germany,3102,Nutrient nitrogen N (total),5173,Use per value of agricultural production,1962,1962,g/Int$,24.42,E,
79,'276,Germany,3102,Nutrient nitrogen N (total),5173,Use per value of agricultural production,1963,1963,g/Int$,23.49,E,
79,'276,Germany,3102,Nutrient nitrogen N (total),5173,Use per value of agricultural production,1964,1964,g/Int$,25.96,E,
79,'276,Germany,3102,Nutrient nitrogen N (total),5173,Use per value of agricultural production,1965,1965,g/Int$,30.82,E,
79,'276,Germany,3102,Nutrient nitrogen N (total),5173,Use per value of agricultural production,1966,1966,g/Int$,30.23,E,
79,'276,Germany,3102,Nutrient nitrogen N (total),5173,Use per value of agricultural production,1967,1967,g/Int$,28.66,E,
79,'276,Germany,3102,Nutrient nitrogen N (total),5173,Use per value of agricultural production,1968,1968,g/Int$,30.38,E,
79,'276,Germany,3102,Nutrient nitrogen N (total),5173,Use per value of agricultural production,1969,1969,g/Int$,34.46,E,
79,'276,Germany,3102,Nutrient nitrogen N (total),5173,Use per value of agricultural production,1970,1970,g/Int$,34.82,E,
79,'276,Germany,3102,Nutrient nitrogen N (total),5173,Use per value of agricultural production,1971,1971,g/Int$,36.41,E,
79,'276,Germany,3102,Nutrient nitrogen N (total),5173,Use per value of agricultural production,1972,1972,g/Int$,39.56,E,
79,'276,Germany,3102,Nutrient nitrogen N (total),5173,Use per value of agricultural production,1973,1973,g/Int$,37.17,E,
79,'276,Germany,3102,Nutrient nitrogen N (total),5173,Use per value of agricultural production,1974,1974,g/Int$,38.04,E,
79,'276,Germany,3102,Nutrient nitrogen N (total),5173,Use per value of agricultural production,1975,1975,g/Int$,40.31,E,
79,'276,Germany,3102,Nutrient nitrogen N (total),5173,Use per value of agricultural production,1976,1976,g/Int$,45.01,E,
79,'276,Germany,3102,Nutrient nitrogen N (total),5173,Use per value of agricultural production,1977,1977,g/Int$,43.2,E,
79,'276,Germany,3102,Nutrient nitrogen N (total),5173,Use per value of agricultural production,1978,1978,g/Int$,42.36,E,
79,'276,Germany,3102,Nutrient nitrogen N (total),5173,Use per value of agricultural production,1979,1979,g/Int$,43.3,E,
79,'276,Germany,3102,Nutrient nitrogen N (total),5173,Use per value of agricultural production,1980,1980,g/Int$,45.49,E,
79,'276,Germany,3102,Nutrient nitrogen N (total),5173,Use per value of agricultural production,1981,1981,g/Int$,41.02,E,
79,'276,Germany,3102,Nutrient nitrogen N (total),5173,Use per value of agricultural production,1982,1982,g/Int$,40.98,E,
79,'276,Germany,3102,Nutrient nitrogen N (total),5173,Use per value of agricultural production,1983,1983,g/Int$,40.39,E,
79,'276,Germany,3102,Nutrient nitrogen N (total),5173,Use per value of agricultural production,1984,1984,g/Int$,39.22,E,
79,'276,Germany,3102,Nutrient nitrogen N (total),5173,Use per value of agricultural production,1985,1985,g/Int$,41.61,E,
79,'276,Germany,3102,Nutrient nitrogen N (total),5173,Use per value of agricultural production,1986,1986,g/Int$,40.58,E,
79,'276,Germany,3102,Nutrient nitrogen N (total),5173,Use per value of agricultural production,1987,1987,g/Int$,43.47,E,
79,'276,Germany,3102,Nutrient nitrogen N (total),5173,Use per value of agricultural production,1988,1988,g/Int$,43.85,E,
79,'276,Germany,3102,Nutrient nitrogen N (total),5173,Use per value of agricultural production,1989,1989,g/Int$,41.45,E,
79,'276,Germany,3102,Nutrient nitrogen N (total),5173,Use per value of agricultural production,1990,1990,g/Int$,33.65,E,
79,'276,Germany,3102,Nutrient nitrogen N (total),5173,Use per value of agricultural production,1991,1991,g/Int$,35.01,E,
79,'276,Germany,3102,Nutrient nitrogen N (total),5173,Use per value of agricultural production,1992,1992,g/Int$,36.09,E,
79,'276,Germany,3102,Nutrient nitrogen N (total),5173,Use per value of agricultural production,1993,1993,g/Int$,35.06,E,
79,'276,Germany,3102,Nutrient nitrogen N (total),5173,Use per value of agricultural production,1994,1994,g/Int$,40.23,E,
79,'276,Germany,3102,Nutrient nitrogen N (total),5173,Use per value of agricultural production,1995,1995,g/Int$,38.69,E,
79,'276,Germany,3102,Nutrient nitrogen N (total),5173,Use per value of agricultural production,1996,1996,g/Int$,37.5,E,
79,'276,Germany,3102,Nutrient nitrogen N (total),5173,Use per value of agricultural production,1997,1997,g/Int$,37.89,E,
79,'276,Germany,3102,Nutrient nitrogen N (total),5173,Use per value of agricultural production,1998,1998,g/Int$,39.68,E,
79,'276,Germany,3102,Nutrient nitrogen N (total),5173,Use per value of agricultural production,1999,1999,g/Int$,40.77,E,
79,'276,Germany,3102,Nutrient nitrogen N (total),5173,Use per value of agricultural production,2000,2000,g/Int$,36.97,E,
79,'276,Germany,3102,Nutrient nitrogen N (total),5173,Use per value of agricultural production,2001,2001,g/Int$,35.7,E,
79,'276,Germany,3102,Nutrient nitrogen N (total),5173,Use per value of agricultural production,2002,2002,g/Int$,37.26,E,
79,'276,Germany,3102,Nutrient nitrogen N (total),5173,Use per value of agricultural production,2003,2003,g/Int$,39.81,E,
79,'276,Germany,3102,Nutrient nitrogen N (total),5173,Use per value of agricultural production,2004,2004,g/Int$,34.87,E,
79,'276,Germany,3102,Nutrient nitrogen N (total),5173,Use per value of agricultural production,2005,2005,g/Int$,36.33,E,
79,'276,Germany,3102,Nutrient nitrogen N (total),5173,Use per value of agricultural production,2006,2006,g/Int$,33.29,E,
79,'276,Germany,3102,Nutrient nitrogen N (total),5173,Use per value of agricultural production,2007,2007,g/Int$,36.91,E,
79,'276,Germany,3102,Nutrient nitrogen N (total),5173,Use per value of agricultural production,2008,2008,g/Int$,30.16,E,
79,'276,Germany,3102,Nutrient nitrogen N (total),5173,Use per value of agricultural production,2009,2009,g/Int$,29.93,E,
79,'276,Germany,3102,Nutrient nitrogen N (total),5173,Use per value of agricultural production,2010,2010,g/Int$,35.44,E,
79,'276,Germany,3102,Nutrient nitrogen N (total),5173,Use per value of agricultural production,2011,2011,g/Int$,32.31,E,
79,'276,Germany,3102,Nutrient nitrogen N (total),5173,Use per value of agricultural production,2012,2012,g/Int$,32.17,E,
79,'276,Germany,3102,Nutrient nitrogen N (total),5173,Use per value of agricultural production,2013,2013,g/Int$,32.37,E,
79,'276,Germany,3102,Nutrient nitrogen N (total),5173,Use per value of agricultural production,2014,2014,g/Int$,33.2,E,
79,'276,Germany,3102,Nutrient nitrogen N (total),5173,Use per value of agricultural production,2015,2015,g/Int$,32.32,E,
79,'276,Germany,3102,Nutrient nitrogen N (total),5173,Use per value of agricultural production,2016,2016,g/Int$,31.83,E,
79,'276,Germany,3102,Nutrient nitrogen N (total),5173,Use per value of agricultural production,2017,2017,g/Int$,28.79,E,
79,'276,Germany,3102,Nutrient nitrogen N (total),5173,Use per value of agricultural production,2018,2018,g/Int$,27.44,E,
79,'276,Germany,3102,Nutrient nitrogen N (total),5173,Use per value of agricultural production,2019,2019,g/Int$,27.29,E,
79,'276,Germany,3102,Nutrient nitrogen N (total),5173,Use per value of agricultural production,2020,2020,g/Int$,24.89,E,
79,'276,Germany,3102,Nutrient nitrogen N (total),5173,Use per value of agricultural production,2021,2021,g/Int$,21.79,E,
79,'276,Germany,3102,Nutrient nitrogen N (total),5173,Use per value of agricultural production,2022,2022,g/Int$,20.38,E,
79,'276,Germany,3102,Nutrient nitrogen N (total),5173,Use per value of agricultural production,2023,2023,g/Int$,21.03,E,
79,'276,Germany,3103,Nutrient phosphate P2O5 (total),5510,Production,1961,1961,t,895956.0,A,Official data from questionnaire
79,'276,Germany,3103,Nutrient phosphate P2O5 (total),5510,Production,1962,1962,t,981201.0,A,Official data from questionnaire
79,'276,Germany,3103,Nutrient phosphate P2O5 (total),5510,Production,1963,1963,t,1100021.0,A,Official data from questionnaire
79,'276,Germany,3103,Nutrient phosphate P2O5 (total),5510,Production,1964,1964,t,1147669.0,A,Official data from questionnaire
79,'276,Germany,3103,Nutrient phosphate P2O5 (total),5510,Production,1965,1965,t,1180507.0,A,Official data from questionnaire
79,'276,Germany,3103,Nutrient phosphate P2O5 (total),5510,Production,1966,1966,t,1201791.0,A,Official data from questionnaire
79,'276,Germany,3103,Nutrient phosphate P2O5 (total),5510,Production,1967,1967,t,1230197.0,A,Official data from questionnaire
79,'276,Germany,3103,Nutrient phosphate P2O5 (total),5510,Production,1968,1968,t,1267907.0,A,Official data from questionnaire
79,'276,Germany,3103,Nutrient phosphate P2O5 (total),5510,Production,1969,1969,t,1314507.0,A,Official data from questionnaire
79,'276,Germany,3103,Nutrient phosphate P2O5 (total),5510,Production,1970,1970,t,1375325.0,A,Official data from questionnaire
79,'276,Germany,3103,Nutrient phosphate P2O5 (total),5510,Production,1971,1971,t,1390163.0,A,Official data from questionnaire
79,'276,Germany,3103,Nutrient phosphate P2O5 (total),5510,Production,1972,1972,t,1395424.0,A,Official data from questionnaire
79,'276,Germany,3103,Nutrient phosphate P2O5 (total),5510,Production,1973,1973,t,1364824.0,A,Official data from questionnaire
79,'276,Germany,3103,Nutrient phosphate P2O5 (total),5510,Production,1974,1974,t,1321499.0,A,Official data from questionnaire
79,'276,Germany,3103,Nutrient phosphate P2O5 (total),5510,Production,1975,1975,t,1076311.0,A,Official data from questionnaire
79,'276,Germany,3103,Nutrient phosphate P2O5 (total),5510,Production,1976,1976,t,1156697.0,A,Official data from questionnaire
79,'276,Germany,3103,Nutrient phosphate P2O5 (total),5510,Production,1977,1977,t,1125198.0,A,Official data from questionnaire
79,'276,Germany,3103,Nutrient phosphate P2O5 (total),5510,Production,1978,1978,t,1108522.0,A,Official data from questionnaire
79,'276,Germany,3103,Nutrient phosphate P2O5 (total),5510,Production,1979,1979,t,1145482.0,A,Official data from questionnaire
79,'276,Germany,3103,Nutrient phosphate P2O5 (total),5510,Production,1980,1980,t,1056413.0,A,Official data from questionnaire
79,'276,Germany,3103,Nutrient phosphate P2O5 (total),5510,Production,1981,1981,t,919136.0,A,Official data from questionnaire
79,'276,Germany,3103,Nutrient phosphate P2O5 (total),5510,Production,1982,1982,t,849900.0,X,Data sourced from another international organization
79,'276,Germany,3103,Nutrient phosphate P2O5 (total),5510,Production,1983,1983,t,867246.0,A,Official data from questionnaire
79,'276,Germany,3103,Nutrient phosphate P2O5 (total),5510,Production,1984,1984,t,800500.0,X,Data sourced from another international organization
79,'276,Germany,3103,Nutrient phosphate P2O5 (total),5510,Production,1985,1985,t,745461.0,A,Official data from questionnaire
79,'276,Germany,3103,Nutrient phosphate P2O5 (total),5510,Production,1986,1986,t,688800.0,X,Data sourced from another international organization
79,'276,Germany,3103,Nutrient phosphate P2O5 (total),5510,Production,1987,1987,t,653194.0,A,Official data from questionnaire
79,'276,Germany,3103,Nutrient phosphate P2O5 (total),5510,Production,1988,1988,t,638866.0,A,Official data from questionnaire
79,'276,Germany,3103,Nutrient phosphate P2O5 (total),5510,Production,1989,1989,t,540893.0,X,Data sourced from another international organization
79,'276,Germany,3103,Nutrient phosphate P2O5 (total),5510,Production,1990,1990,t,294000.0,X,Data sourced from another international organization
79,'276,Germany,3103,Nutrient phosphate P2O5 (total),5510,Production,1991,1991,t,250000.0,X,Data sourced from another international organization
79,'276,Germany,3103,Nutrient phosphate P2O5 (total),5510,Production,1992,1992,t,224000.0,X,Data sourced from another international organization
79,'276,Germany,3103,Nutrient phosphate P2O5 (total),5510,Production,1993,1993,t,130000.0,X,Data sourced from another international organization
79,'276,Germany,3103,Nutrient phosphate P2O5 (total),5510,Production,1994,1994,t,19000.0,X,Data sourced from another international organization
79,'276,Germany,3103,Nutrient phosphate P2O5 (total),5510,Production,1995,1995,t,110000.0,X,Data sourced from another international organization
79,'276,Germany,3103,Nutrient phosphate P2O5 (total),5510,Production,1996,1996,t,203000.0,X,Data sourced from another international organization
79,'276,Germany,3103,Nutrient phosphate P2O5 (total),5510,Production,1997,1997,t,194000.0,A,Official data from questionnaire
79,'276,Germany,3103,Nutrient phosphate P2O5 (total),5510,Production,1998,1998,t,184000.0,X,Data sourced from another international organization
79,'276,Germany,3103,Nutrient phosphate P2O5 (total),5510,Production,1999,1999,t,185000.0,X,Data sourced from another international organization
79,'276,Germany,3103,Nutrient phosphate P2O5 (total),5510,Production,2000,2000,t,50000.0,X,Data sourced from another international organization
79,'276,Germany,3103,Nutrient phosphate P2O5 (total),5510,Production,2001,2001,t,37000.0,X,Data sourced from another international organization
79,'276,Germany,3103,Nutrient phosphate P2O5 (total),5510,Production,2002,2002,t,59958.0,I,
79,'276,Germany,3103,Nutrient phosphate P2O5 (total),5510,Production,2003,2003,t,128762.0,I,
79,'276,Germany,3103,Nutrient phosphate P2O5 (total),5510,Production,2004,2004,t,66019.0,A,Official data from questionnaire
79,'276,Germany,3103,Nutrient phosphate P2O5 (total),5510,Production,2005,2005,t,50956.0,A,Official data from questionnaire
79,'276,Germany,3103,Nutrient phosphate P2O5 (total),5510,Production,2006,2006,t,34774.0,A,Official data from questionnaire
79,'276,Germany,3103,Nutrient phosphate P2O5 (total),5510,Production,2007,2007,t,44025.0,A,Official data from questionnaire
79,'276,Germany,3103,Nutrient phosphate P2O5 (total),5510,Production,2008,2008,t,14500.0,X,Data sourced from IFA
79,'276,Germany,3103,Nutrient phosphate P2O5 (total),5510,Production,2009,2009,t,15000.0,X,Data sourced from IFA
79,'276,Germany,3103,Nutrient phosphate P2O5 (total),5510,Production,2010,2010,t,3000.0,X,Data sourced from IFA
79,'276,Germany,3103,Nutrient phosphate P2O5 (total),5510,Production,2011,2011,t,15000.0,X,Data sourced from IFA
79,'276,Germany,3103,Nutrient phosphate P2O5 (total),5510,Production,2012,2012,t,20000.0,X,Data sourced from IFA
79,'276,Germany,3103,Nutrient phosphate P2O5 (total),5510,Production,2013,2013,t,39500.0,X,Data sourced from IFA
79,'276,Germany,3103,Nutrient phosphate P2O5 (total),5510,Production,2014,2014,t,51500.0,X,Data sourced from IFA
79,'276,Germany,3103,Nutrient phosphate P2O5 (total),5510,Production,2015,2015,t,63600.0,X,Data sourced from IFA
79,'276,Germany,3103,Nutrient phosphate P2O5 (total),5510,Production,2016,2016,t,46500.0,X,Data sourced from IFA
79,'276,Germany,3103,Nutrient phosphate P2O5 (total),5510,Production,2017,2017,t,44700.0,X,Data sourced from IFA
79,'276,Germany,3103,Nutrient phosphate P2O5 (total),5510,Production,2018,2018,t,63500.0,X,Data sourced from IFA
79,'276,Germany,3103,Nutrient phosphate P2O5 (total),5510,Production,2019,2019,t,77599.51,E,
79,'276,Germany,3103,Nutrient phosphate P2O5 (total),5510,Production,2020,2020,t,76911.4,E,
79,'276,Germany,3103,Nutrient phosphate P2O5 (total),5510,Production,2021,2021,t,84656.18,E,
79,'276,Germany,3103,Nutrient phosphate P2O5 (total),5510,Production,2022,2022,t,59637.73,E,
79,'276,Germany,3103,Nutrient phosphate P2O5 (total),5510,Production,2023,2023,t,80902.28,E,
79,'276,Germany,3103,Nutrient phosphate P2O5 (total),5610,Import quantity,1961,1961,t,114251.0,A,Official data from questionnaire
79,'276,Germany,3103,Nutrient phosphate P2O5 (total),5610,Import quantity,1962,1962,t,92384.0,A,Official data from questionnaire
79,'276,Germany,3103,Nutrient phosphate P2O5 (total),5610,Import quantity,1963,1963,t,117318.0,A,Official data from questionnaire
79,'276,Germany,3103,Nutrient phosphate P2O5 (total),5610,Import quantity,1964,1964,t,173705.0,A,Official data from questionnaire
79,'276,Germany,3103,Nutrient phosphate P2O5 (total),5610,Import quantity,1965,1965,t,181759.0,A,Official data from questionnaire
79,'276,Germany,3103,Nutrient phosphate P2O5 (total),5610,Import quantity,1966,1966,t,162422.0,A,Official data from questionnaire
79,'276,Germany,3103,Nutrient phosphate P2O5 (total),5610,Import quantity,1967,1967,t,147470.0,A,Official data from questionnaire
79,'276,Germany,3103,Nutrient phosphate P2O5 (total),5610,Import quantity,1968,1968,t,139070.0,A,Official data from questionnaire
79,'276,Germany,3103,Nutrient phosphate P2O5 (total),5610,Import quantity,1969,1969,t,153490.0,A,Official data from questionnaire
79,'276,Germany,3103,Nutrient phosphate P2O5 (total),5610,Import quantity,1970,1970,t,123025.0,A,Official data from questionnaire
79,'276,Germany,3103,Nutrient phosphate P2O5 (total),5610,Import quantity,1971,1971,t,131184.0,A,Official data from questionnaire
79,'276,Germany,3103,Nutrient phosphate P2O5 (total),5610,Import quantity,1972,1972,t,177441.0,A,Official data from questionnaire
79,'276,Germany,3103,Nutrient phosphate P2O5 (total),5610,Import quantity,1973,1973,t,176571.0,A,Official data from questionnaire
79,'276,Germany,3103,Nutrient phosphate P2O5 (total),5610,Import quantity,1974,1974,t,222527.0,A,Official data from questionnaire
79,'276,Germany,3103,Nutrient phosphate P2O5 (total),5610,Import quantity,1975,1975,t,207925.0,A,Official data from questionnaire
79,'276,Germany,3103,Nutrient phosphate P2O5 (total),5610,Import quantity,1976,1976,t,316590.0,A,Official data from questionnaire
79,'276,Germany,3103,Nutrient phosphate P2O5 (total),5610,Import quantity,1977,1977,t,337185.0,A,Official data from questionnaire
79,'276,Germany,3103,Nutrient phosphate P2O5 (total),5610,Import quantity,1978,1978,t,352417.0,A,Official data from questionnaire
79,'276,Germany,3103,Nutrient phosphate P2O5 (total),5610,Import quantity,1979,1979,t,343682.0,A,Official data from questionnaire
79,'276,Germany,3103,Nutrient phosphate P2O5 (total),5610,Import quantity,1980,1980,t,295635.0,A,Official data from questionnaire
79,'276,Germany,3103,Nutrient phosphate P2O5 (total),5610,Import quantity,1981,1981,t,292099.0,X,Data sourced from another international organization
79,'276,Germany,3103,Nutrient phosphate P2O5 (total),5610,Import quantity,1982,1982,t,367336.0,X,Data sourced from another international organization
79,'276,Germany,3103,Nutrient phosphate P2O5 (total),5610,Import quantity,1983,1983,t,392914.0,X,Data sourced from another international organization
79,'276,Germany,3103,Nutrient phosphate P2O5 (total),5610,Import quantity,1984,1984,t,353362.0,X,Data sourced from another international organization
79,'276,Germany,3103,Nutrient phosphate P2O5 (total),5610,Import quantity,1985,1985,t,421690.0,X,Data sourced from another international organization
79,'276,Germany,3103,Nutrient phosphate P2O5 (total),5610,Import quantity,1986,1986,t,446621.0,X,Data sourced from another international organization
79,'276,Germany,3103,Nutrient phosphate P2O5 (total),5610,Import quantity,1987,1987,t,489886.0,X,Data sourced from another international organization
79,'276,Germany,3103,Nutrient phosphate P2O5 (total),5610,Import quantity,1988,1988,t,440551.0,X,Data sourced from another international organization
79,'276,Germany,3103,Nutrient phosphate P2O5 (total),5610,Import quantity,1989,1989,t,469728.0,X,Data sourced from another international organization
79,'276,Germany,3103,Nutrient phosphate P2O5 (total),5610,Import quantity,1990,1990,t,380000.0,X,Data sourced from another international organization
79,'276,Germany,3103,Nutrient phosphate P2O5 (total),5610,Import quantity,1991,1991,t,330000.0,A,Official data from questionnaire
79,'276,Germany,3103,Nutrient phosphate P2O5 (total),5610,Import quantity,1992,1992,t,346000.0,X,Data sourced from another international organization
79,'276,Germany,3103,Nutrient phosphate P2O5 (total),5610,Import quantity,1993,1993,t,330000.0,X,Data sourced from another international organization
79,'276,Germany,3103,Nutrient phosphate P2O5 (total),5610,Import quantity,1994,1994,t,392000.0,X,Data sourced from another international organization
79,'276,Germany,3103,Nutrient phosphate P2O5 (total),5610,Import quantity,1995,1995,t,409000.0,X,Data sourced from another international organization
79,'276,Germany,3103,Nutrient phosphate P2O5 (total),5610,Import quantity,1996,1996,t,368000.0,X,Data sourced from another international organization
79,'276,Germany,3103,Nutrient phosphate P2O5 (total),5610,Import quantity,1997,1997,t,376000.0,X,Data sourced from another international organization
79,'276,Germany,3103,Nutrient phosphate P2O5 (total),5610,Import quantity,1998,1998,t,388000.0,X,Data sourced from another international organization
79,'276,Germany,3103,Nutrient phosphate P2O5 (total),5610,Import quantity,1999,1999,t,412000.0,X,Data sourced from another international organization
79,'276,Germany,3103,Nutrient phosphate P2O5 (total),5610,Import quantity,2000,2000,t,361000.0,X,Data sourced from another international organization
79,'276,Germany,3103,Nutrient phosphate P2O5 (total),5610,Import quantity,2001,2001,t,316000.0,X,Data sourced from another international organization
79,'276,Germany,3103,Nutrient phosphate P2O5 (total),5610,Import quantity,2002,2002,t,369374.44,I,
79,'276,Germany,3103,Nutrient phosphate P2O5 (total),5610,Import quantity,2003,2003,t,404356.93,I,
79,'276,Germany,3103,Nutrient phosphate P2O5 (total),5610,Import quantity,2004,2004,t,384170.12,I,
79,'276,Germany,3103,Nutrient phosphate P2O5 (total),5610,Import quantity,2005,2005,t,346257.33,I,
79,'276,Germany,3103,Nutrient phosphate P2O5 (total),5610,Import quantity,2006,2006,t,279920.31,I,
79,'276,Germany,3103,Nutrient phosphate P2O5 (total),5610,Import quantity,2007,2007,t,301936.28,I,
79,'276,Germany,3103,Nutrient phosphate P2O5 (total),5610,Import quantity,2008,2008,t,298287.08,I,
79,'276,Germany,3103,Nutrient phosphate P2O5 (total),5610,Import quantity,2009,2009,t,236456.42,I,
79,'276,Germany,3103,Nutrient phosphate P2O5 (total),5610,Import quantity,2010,2010,t,323143.41,I,
79,'276,Germany,3103,Nutrient phosphate P2O5 (total),5610,Import quantity,2011,2011,t,286471.3,I,
79,'276,Germany,3103,Nutrient phosphate P2O5 (total),5610,Import quantity,2012,2012,t,292509.91,I,
79,'276,Germany,3103,Nutrient phosphate P2O5 (total),5610,Import quantity,2013,2013,t,376759.41,I,
79,'276,Germany,3103,Nutrient phosphate P2O5 (total),5610,Import quantity,2014,2014,t,308396.52,I,
79,'276,Germany,3103,Nutrient phosphate P2O5 (total),5610,Import quantity,2015,2015,t,323743.65,I,
79,'276,Germany,3103,Nutrient phosphate P2O5 (total),5610,Import quantity,2016,2016,t,301647.82,I,
79,'276,Germany,3103,Nutrient phosphate P2O5 (total),5610,Import quantity,2017,2017,t,315663.19,I,
79,'276,Germany,3103,Nutrient phosphate P2O5 (total),5610,Import quantity,2018,2018,t,227973.31,I,
79,'276,Germany,3103,Nutrient phosphate P2O5 (total),5610,Import quantity,2019,2019,t,253477.69,I,
79,'276,Germany,3103,Nutrient phosphate P2O5 (total),5610,Import quantity,2020,2020,t,258221.9,I,
79,'276,Germany,3103,Nutrient phosphate P2O5 (total),5610,Import quantity,2021,2021,t,216435.46,I,
79,'276,Germany,3103,Nutrient phosphate P2O5 (total),5610,Import quantity,2022,2022,t,147773.55,I,
79,'276,Germany,3103,Nutrient phosphate P2O5 (total),5610,Import quantity,2023,2023,t,172896.96,I,
79,'276,Germany,3103,Nutrient phosphate P2O5 (total),5910,Export quantity,1961,1961,t,117700.0,A,Official data from questionnaire
79,'276,Germany,3103,Nutrient phosphate P2O5 (total),5910,Export quantity,1962,1962,t,134324.0,A,Official data from questionnaire
79,'276,Germany,3103,Nutrient phosphate P2O5 (total),5910,Export quantity,1963,1963,t,126264.0,A,Official data from questionnaire
79,'276,Germany,3103,Nutrient phosphate P2O5 (total),5910,Export quantity,1964,1964,t,114080.0,A,Official data from questionnaire
79,'276,Germany,3103,Nutrient phosphate P2O5 (total),5910,Export quantity,1965,1965,t,129616.0,A,Official data from questionnaire
79,'276,Germany,3103,Nutrient phosphate P2O5 (total),5910,Export quantity,1966,1966,t,153587.0,A,Official data from questionnaire
79,'276,Germany,3103,Nutrient phosphate P2O5 (total),5910,Export quantity,1967,1967,t,170097.0,A,Official data from questionnaire
79,'276,Germany,3103,Nutrient phosphate P2O5 (total),5910,Export quantity,1968,1968,t,192324.0,A,Official data from questionnaire
79,'276,Germany,3103,Nutrient phosphate P2O5 (total),5910,Export quantity,1969,1969,t,169694.0,A,Official data from questionnaire
79,'276,Germany,3103,Nutrient phosphate P2O5 (total),5910,Export quantity,1970,1970,t,142163.0,A,Official data from questionnaire
79,'276,Germany,3103,Nutrient phosphate P2O5 (total),5910,Export quantity,1971,1971,t,144373.0,A,Official data from questionnaire
79,'276,Germany,3103,Nutrient phosphate P2O5 (total),5910,Export quantity,1972,1972,t,173334.0,A,Official data from questionnaire
79,'276,Germany,3103,Nutrient phosphate P2O5 (total),5910,Export quantity,1973,1973,t,181498.0,A,Official data from questionnaire
79,'276,Germany,3103,Nutrient phosphate P2O5 (total),5910,Export quantity,1974,1974,t,131975.0,A,Official data from questionnaire
79,'276,Germany,3103,Nutrient phosphate P2O5 (total),5910,Export quantity,1975,1975,t,57558.0,A,Official data from questionnaire
79,'276,Germany,3103,Nutrient phosphate P2O5 (total),5910,Export quantity,1976,1976,t,93355.0,A,Official data from questionnaire
79,'276,Germany,3103,Nutrient phosphate P2O5 (total),5910,Export quantity,1977,1977,t,121244.0,A,Official data from questionnaire
79,'276,Germany,3103,Nutrient phosphate P2O5 (total),5910,Export quantity,1978,1978,t,123434.0,A,Official data from questionnaire
79,'276,Germany,3103,Nutrient phosphate P2O5 (total),5910,Export quantity,1979,1979,t,83498.0,A,Official data from questionnaire
79,'276,Germany,3103,Nutrient phosphate P2O5 (total),5910,Export quantity,1980,1980,t,84001.0,A,Official data from questionnaire
79,'276,Germany,3103,Nutrient phosphate P2O5 (total),5910,Export quantity,1981,1981,t,119738.0,X,Data sourced from another international organization
79,'276,Germany,3103,Nutrient phosphate P2O5 (total),5910,Export quantity,1982,1982,t,182386.0,X,Data sourced from another international organization
79,'276,Germany,3103,Nutrient phosphate P2O5 (total),5910,Export quantity,1983,1983,t,188237.0,X,Data sourced from another international organization
79,'276,Germany,3103,Nutrient phosphate P2O5 (total),5910,Export quantity,1984,1984,t,115729.0,X,Data sourced from another international organization
79,'276,Germany,3103,Nutrient phosphate P2O5 (total),5910,Export quantity,1985,1985,t,84736.0,A,Official data from questionnaire
79,'276,Germany,3103,Nutrient phosphate P2O5 (total),5910,Export quantity,1986,1986,t,146409.0,A,Official data from questionnaire
79,'276,Germany,3103,Nutrient phosphate P2O5 (total),5910,Export quantity,1987,1987,t,142320.0,A,Official data from questionnaire
79,'276,Germany,3103,Nutrient phosphate P2O5 (total),5910,Export quantity,1988,1988,t,117123.0,A,Official data from questionnaire
79,'276,Germany,3103,Nutrient phosphate P2O5 (total),5910,Export quantity,1989,1989,t,73317.0,A,Official data from questionnaire
79,'276,Germany,3103,Nutrient phosphate P2O5 (total),5910,Export quantity,1990,1990,t,65000.0,X,Data sourced from another international organization
79,'276,Germany,3103,Nutrient phosphate P2O5 (total),5910,Export quantity,1991,1991,t,61000.0,A,Official data from questionnaire
79,'276,Germany,3103,Nutrient phosphate P2O5 (total),5910,Export quantity,1992,1992,t,80000.0,X,Data sourced from another international organization
79,'276,Germany,3103,Nutrient phosphate P2O5 (total),5910,Export quantity,1993,1993,t,61000.0,X,Data sourced from another international organization
79,'276,Germany,3103,Nutrient phosphate P2O5 (total),5910,Export quantity,1994,1994,t,64000.0,A,Official data from questionnaire
79,'276,Germany,3103,Nutrient phosphate P2O5 (total),5910,Export quantity,1995,1995,t,97000.0,X,Data sourced from another international organization
79,'276,Germany,3103,Nutrient phosphate P2O5 (total),5910,Export quantity,1996,1996,t,102000.0,X,Data sourced from another international organization
79,'276,Germany,3103,Nutrient phosphate P2O5 (total),5910,Export quantity,1997,1997,t,107000.0,X,Data sourced from another international organization
79,'276,Germany,3103,Nutrient phosphate P2O5 (total),5910,Export quantity,1998,1998,t,80000.0,X,Data sourced from another international organization
79,'276,Germany,3103,Nutrient phosphate P2O5 (total),5910,Export quantity,1999,1999,t,86000.0,X,Data sourced from another international organization
79,'276,Germany,3103,Nutrient phosphate P2O5 (total),5910,Export quantity,2000,2000,t,94000.0,X,Data sourced from another international organization
79,'276,Germany,3103,Nutrient phosphate P2O5 (total),5910,Export quantity,2001,2001,t,84000.0,X,Data sourced from another international organization
79,'276,Germany,3103,Nutrient phosphate P2O5 (total),5910,Export quantity,2002,2002,t,108838.09,I,
79,'276,Germany,3103,Nutrient phosphate P2O5 (total),5910,Export quantity,2003,2003,t,73489.2,I,
79,'276,Germany,3103,Nutrient phosphate P2O5 (total),5910,Export quantity,2004,2004,t,93393.55,I,
79,'276,Germany,3103,Nutrient phosphate P2O5 (total),5910,Export quantity,2005,2005,t,127679.4,I,
79,'276,Germany,3103,Nutrient phosphate P2O5 (total),5910,Export quantity,2006,2006,t,108562.34,I,
79,'276,Germany,3103,Nutrient phosphate P2O5 (total),5910,Export quantity,2007,2007,t,86103.97,I,
79,'276,Germany,3103,Nutrient phosphate P2O5 (total),5910,Export quantity,2008,2008,t,90542.13,I,
79,'276,Germany,3103,Nutrient phosphate P2O5 (total),5910,Export quantity,2009,2009,t,79217.04,I,
79,'276,Germany,3103,Nutrient phosphate P2O5 (total),5910,Export quantity,2010,2010,t,90107.37,I,
79,'276,Germany,3103,Nutrient phosphate P2O5 (total),5910,Export quantity,2011,2011,t,88829.67,I,
79,'276,Germany,3103,Nutrient phosphate P2O5 (total),5910,Export quantity,2012,2012,t,97880.78,I,
79,'276,Germany,3103,Nutrient phosphate P2O5 (total),5910,Export quantity,2013,2013,t,73449.9,I,
79,'276,Germany,3103,Nutrient phosphate P2O5 (total),5910,Export quantity,2014,2014,t,71590.12,I,
79,'276,Germany,3103,Nutrient phosphate P2O5 (total),5910,Export quantity,2015,2015,t,85465.68,I,
79,'276,Germany,3103,Nutrient phosphate P2O5 (total),5910,Export quantity,2016,2016,t,101838.09,I,
79,'276,Germany,3103,Nutrient phosphate P2O5 (total),5910,Export quantity,2017,2017,t,79786.53,I,
79,'276,Germany,3103,Nutrient phosphate P2O5 (total),5910,Export quantity,2018,2018,t,72625.6,I,
79,'276,Germany,3103,Nutrient phosphate P2O5 (total),5910,Export quantity,2019,2019,t,77599.51,I,
79,'276,Germany,3103,Nutrient phosphate P2O5 (total),5910,Export quantity,2020,2020,t,76911.4,I,
79,'276,Germany,3103,Nutrient phosphate P2O5 (total),5910,Export quantity,2021,2021,t,84656.18,I,
79,'276,Germany,3103,Nutrient phosphate P2O5 (total),5910,Export quantity,2022,2022,t,59637.73,I,
79,'276,Germany,3103,Nutrient phosphate P2O5 (total),5910,Export quantity,2023,2023,t,80902.28,I,
79,'276,Germany,3103,Nutrient phosphate P2O5 (total),5157,Agricultural Use,1961,1961,t,849600.0,A,Official data from questionnaire
79,'276,Germany,3103,Nutrient phosphate P2O5 (total),5157,Agricultural Use,1962,1962,t,913332.0,A,Official data from questionnaire
79,'276,Germany,3103,Nutrient phosphate P2O5 (total),5157,Agricultural Use,1963,1963,t,998079.0,A,Official data from questionnaire
79,'276,Germany,3103,Nutrient phosphate P2O5 (total),5157,Agricultural Use,1964,1964,t,1102209.0,A,Official data from questionnaire
79,'276,Germany,3103,Nutrient phosphate P2O5 (total),5157,Agricultural Use,1965,1965,t,1132324.0,A,Official data from questionnaire
79,'276,Germany,3103,Nutrient phosphate P2O5 (total),5157,Agricultural Use,1966,1966,t,1114104.0,A,Official data from questionnaire
79,'276,Germany,3103,Nutrient phosphate P2O5 (total),5157,Agricultural Use,1967,1967,t,1132251.0,A,Official data from questionnaire
79,'276,Germany,3103,Nutrient phosphate P2O5 (total),5157,Agricultural Use,1968,1968,t,1179485.0,A,Official data from questionnaire
79,'276,Germany,3103,Nutrient phosphate P2O5 (total),5157,Agricultural Use,1969,1969,t,1245803.0,A,Official data from questionnaire
79,'276,Germany,3103,Nutrient phosphate P2O5 (total),5157,Agricultural Use,1970,1970,t,1323095.0,A,Official data from questionnaire
79,'276,Germany,3103,Nutrient phosphate P2O5 (total),5157,Agricultural Use,1971,1971,t,1320507.0,A,Official data from questionnaire
79,'276,Germany,3103,Nutrient phosphate P2O5 (total),5157,Agricultural Use,1972,1972,t,1332995.0,A,Official data from questionnaire
79,'276,Germany,3103,Nutrient phosphate P2O5 (total),5157,Agricultural Use,1973,1973,t,1347340.0,A,Official data from questionnaire
79,'276,Germany,3103,Nutrient phosphate P2O5 (total),5157,Agricultural Use,1974,1974,t,1330041.0,A,Official data from questionnaire
79,'276,Germany,3103,Nutrient phosphate P2O5 (total),5157,Agricultural Use,1975,1975,t,1220784.0,A,Official data from questionnaire
79,'276,Germany,3103,Nutrient phosphate P2O5 (total),5157,Agricultural Use,1976,1976,t,1312227.0,A,Official data from questionnaire
79,'276,Germany,3103,Nutrient phosphate P2O5 (total),5157,Agricultural Use,1977,1977,t,1300217.0,A,Official data from questionnaire
79,'276,Germany,3103,Nutrient phosphate P2O5 (total),5157,Agricultural Use,1978,1978,t,1337122.0,A,Official data from questionnaire
79,'276,Germany,3103,Nutrient phosphate P2O5 (total),5157,Agricultural Use,1979,1979,t,1329366.0,A,Official data from questionnaire
79,'276,Germany,3103,Nutrient phosphate P2O5 (total),5157,Agricultural Use,1980,1980,t,1226176.0,A,Official data from questionnaire
79,'276,Germany,3103,Nutrient phosphate P2O5 (total),5157,Agricultural Use,1981,1981,t,1127033.0,A,Official data from questionnaire
79,'276,Germany,3103,Nutrient phosphate P2O5 (total),5157,Agricultural Use,1982,1982,t,1043788.0,A,Official data from questionnaire
79,'276,Germany,3103,Nutrient phosphate P2O5 (total),5157,Agricultural Use,1983,1983,t,1077679.0,A,Official data from questionnaire
79,'276,Germany,3103,Nutrient phosphate P2O5 (total),5157,Agricultural Use,1984,1984,t,1054251.0,A,Official data from questionnaire
79,'276,Germany,3103,Nutrient phosphate P2O5 (total),5157,Agricultural Use,1985,1985,t,1054816.0,A,Official data from questionnaire
79,'276,Germany,3103,Nutrient phosphate P2O5 (total),5157,Agricultural Use,1986,1986,t,1035391.0,A,Official data from questionnaire
79,'276,Germany,3103,Nutrient phosphate P2O5 (total),5157,Agricultural Use,1987,1987,t,1003112.0,A,Official data from questionnaire
79,'276,Germany,3103,Nutrient phosphate P2O5 (total),5157,Agricultural Use,1988,1988,t,991489.0,A,Official data from questionnaire
79,'276,Germany,3103,Nutrient phosphate P2O5 (total),5157,Agricultural Use,1989,1989,t,950700.0,A,Official data from questionnaire
79,'276,Germany,3103,Nutrient phosphate P2O5 (total),5157,Agricultural Use,1990,1990,t,609000.0,X,Data sourced from another international organization
79,'276,Germany,3103,Nutrient phosphate P2O5 (total),5157,Agricultural Use,1991,1991,t,519000.0,X,Data sourced from another international organization
79,'276,Germany,3103,Nutrient phosphate P2O5 (total),5157,Agricultural Use,1992,1992,t,490000.0,X,Data sourced from another international organization
79,'276,Germany,3103,Nutrient phosphate P2O5 (total),5157,Agricultural Use,1993,1993,t,415000.0,A,Official data from questionnaire
79,'276,Germany,3103,Nutrient phosphate P2O5 (total),5157,Agricultural Use,1994,1994,t,451000.0,A,Official data from questionnaire
79,'276,Germany,3103,Nutrient phosphate P2O5 (total),5157,Agricultural Use,1995,1995,t,401946.0,A,Official data from questionnaire
79,'276,Germany,3103,Nutrient phosphate P2O5 (total),5157,Agricultural Use,1996,1996,t,415136.0,A,Official data from questionnaire
79,'276,Germany,3103,Nutrient phosphate P2O5 (total),5157,Agricultural Use,1997,1997,t,409536.0,A,Official data from questionnaire
79,'276,Germany,3103,Nutrient phosphate P2O5 (total),5157,Agricultural Use,1998,1998,t,406678.0,A,Official data from questionnaire
79,'276,Germany,3103,Nutrient phosphate P2O5 (total),5157,Agricultural Use,1999,1999,t,420000.0,A,Official data from questionnaire
79,'276,Germany,3103,Nutrient phosphate P2O5 (total),5157,Agricultural Use,2000,2000,t,351317.0,A,Official data from questionnaire
79,'276,Germany,3103,Nutrient phosphate P2O5 (total),5157,Agricultural Use,2001,2001,t,315339.0,X,Data sourced from another international organization
79,'276,Germany,3103,Nutrient phosphate P2O5 (total),5157,Agricultural Use,2002,2002,t,327387.0,A,Official data from questionnaire
79,'276,Germany,3103,Nutrient phosphate P2O5 (total),5157,Agricultural Use,2003,2003,t,284138.0,A,Official data from questionnaire
79,'276,Germany,3103,Nutrient phosphate P2O5 (total),5157,Agricultural Use,2004,2004,t,302714.0,A,Official data from questionnaire
79,'276,Germany,3103,Nutrient phosphate P2O5 (total),5157,Agricultural Use,2005,2005,t,273937.0,A,Official data from questionnaire
79,'276,Germany,3103,Nutrient phosphate P2O5 (total),5157,Agricultural Use,2006,2006,t,264610.0,A,Official data from questionnaire
79,'276,Germany,3103,Nutrient phosphate P2O5 (total),5157,Agricultural Use,2007,2007,t,316692.0,A,Official data from questionnaire
79,'276,Germany,3103,Nutrient phosphate P2O5 (total),5157,Agricultural Use,2008,2008,t,174345.0,A,Official data from questionnaire
79,'276,Germany,3103,Nutrient phosphate P2O5 (total),5157,Agricultural Use,2009,2009,t,235159.0,A,Official data from questionnaire
79,'276,Germany,3103,Nutrient phosphate P2O5 (total),5157,Agricultural Use,2010,2010,t,286348.0,A,Official data from questionnaire
79,'276,Germany,3103,Nutrient phosphate P2O5 (total),5157,Agricultural Use,2011,2011,t,247080.0,A,Official data from questionnaire
79,'276,Germany,3103,Nutrient phosphate P2O5 (total),5157,Agricultural Use,2012,2012,t,284168.0,A,Official data from questionnaire
79,'276,Germany,3103,Nutrient phosphate P2O5 (total),5157,Agricultural Use,2013,2013,t,283997.0,A,Official data from questionnaire
79,'276,Germany,3103,Nutrient phosphate P2O5 (total),5157,Agricultural Use,2014,2014,t,301184.0,A,Official data from questionnaire
79,'276,Germany,3103,Nutrient phosphate P2O5 (total),5157,Agricultural Use,2015,2015,t,287762.0,A,Official data from questionnaire
79,'276,Germany,3103,Nutrient phosphate P2O5 (total),5157,Agricultural Use,2016,2016,t,231079.0,A,Official data from questionnaire
79,'276,Germany,3103,Nutrient phosphate P2O5 (total),5157,Agricultural Use,2017,2017,t,208527.0,A,Official data from questionnaire
79,'276,Germany,3103,Nutrient phosphate P2O5 (total),5157,Agricultural Use,2018,2018,t,201159.0,A,Official data from questionnaire
79,'276,Germany,3103,Nutrient phosphate P2O5 (total),5157,Agricultural Use,2019,2019,t,247766.0,A,Official data from questionnaire
79,'276,Germany,3103,Nutrient phosphate P2O5 (total),5157,Agricultural Use,2020,2020,t,192182.0,A,Official data from questionnaire
79,'276,Germany,3103,Nutrient phosphate P2O5 (total),5157,Agricultural Use,2021,2021,t,114629.0,A,Official data from questionnaire
79,'276,Germany,3103,Nutrient phosphate P2O5 (total),5157,Agricultural Use,2022,2022,t,115824.0,A,Official data from questionnaire
79,'276,Germany,3103,Nutrient phosphate P2O5 (total),5157,Agricultural Use,2023,2023,t,142905.0,A,Official data from questionnaire
79,'276,Germany,3103,Nutrient phosphate P2O5 (total),5159,Use per area of cropland,1961,1961,kg/ha,60.09,E,
79,'276,Germany,3103,Nutrient phosphate P2O5 (total),5159,Use per area of cropland,1962,1962,kg/ha,64.77,E,
79,'276,Germany,3103,Nutrient phosphate P2O5 (total),5159,Use per area of cropland,1963,1963,kg/ha,70.94,E,
79,'276,Germany,3103,Nutrient phosphate P2O5 (total),5159,Use per area of cropland,1964,1964,kg/ha,78.35,E,
79,'276,Germany,3103,Nutrient phosphate P2O5 (total),5159,Use per area of cropland,1965,1965,kg/ha,80.59,E,
79,'276,Germany,3103,Nutrient phosphate P2O5 (total),5159,Use per area of cropland,1966,1966,kg/ha,79.33,E,
79,'276,Germany,3103,Nutrient phosphate P2O5 (total),5159,Use per area of cropland,1967,1967,kg/ha,81.36,E,
79,'276,Germany,3103,Nutrient phosphate P2O5 (total),5159,Use per area of cropland,1968,1968,kg/ha,84.89,E,
79,'276,Germany,3103,Nutrient phosphate P2O5 (total),5159,Use per area of cropland,1969,1969,kg/ha,89.85,E,
79,'276,Germany,3103,Nutrient phosphate P2O5 (total),5159,Use per area of cropland,1970,1970,kg/ha,96.1,E,
79,'276,Germany,3103,Nutrient phosphate P2O5 (total),5159,Use per area of cropland,1971,1971,kg/ha,95.81,E,
79,'276,Germany,3103,Nutrient phosphate P2O5 (total),5159,Use per area of cropland,1972,1972,kg/ha,96.41,E,
79,'276,Germany,3103,Nutrient phosphate P2O5 (total),5159,Use per area of cropland,1973,1973,kg/ha,97.41,E,
79,'276,Germany,3103,Nutrient phosphate P2O5 (total),5159,Use per area of cropland,1974,1974,kg/ha,95.92,E,
79,'276,Germany,3103,Nutrient phosphate P2O5 (total),5159,Use per area of cropland,1975,1975,kg/ha,87.83,E,
79,'276,Germany,3103,Nutrient phosphate P2O5 (total),5159,Use per area of cropland,1976,1976,kg/ha,94.01,E,
79,'276,Germany,3103,Nutrient phosphate P2O5 (total),5159,Use per area of cropland,1977,1977,kg/ha,93.17,E,
79,'276,Germany,3103,Nutrient phosphate P2O5 (total),5159,Use per area of cropland,1978,1978,kg/ha,95.69,E,
79,'276,Germany,3103,Nutrient phosphate P2O5 (total),5159,Use per area of cropland,1979,1979,kg/ha,95.27,E,
79,'276,Germany,3103,Nutrient phosphate P2O5 (total),5159,Use per area of cropland,1980,1980,kg/ha,88.07,E,
79,'276,Germany,3103,Nutrient phosphate P2O5 (total),5159,Use per area of cropland,1981,1981,kg/ha,81.16,E,
79,'276,Germany,3103,Nutrient phosphate P2O5 (total),5159,Use per area of cropland,1982,1982,kg/ha,75.37,E,
79,'276,Germany,3103,Nutrient phosphate P2O5 (total),5159,Use per area of cropland,1983,1983,kg/ha,77.9,E,
79,'276,Germany,3103,Nutrient phosphate P2O5 (total),5159,Use per area of cropland,1984,1984,kg/ha,76.35,E,
79,'276,Germany,3103,Nutrient phosphate P2O5 (total),5159,Use per area of cropland,1985,1985,kg/ha,76.4,E,
79,'276,Germany,3103,Nutrient phosphate P2O5 (total),5159,Use per area of cropland,1986,1986,kg/ha,75.03,E,
79,'276,Germany,3103,Nutrient phosphate P2O5 (total),5159,Use per area of cropland,1987,1987,kg/ha,72.87,E,
79,'276,Germany,3103,Nutrient phosphate P2O5 (total),5159,Use per area of cropland,1988,1988,kg/ha,72.02,E,
79,'276,Germany,3103,Nutrient phosphate P2O5 (total),5159,Use per area of cropland,1989,1989,kg/ha,69.05,E,
79,'276,Germany,3103,Nutrient phosphate P2O5 (total),5159,Use per area of cropland,1990,1990,kg/ha,44.15,E,
79,'276,Germany,3103,Nutrient phosphate P2O5 (total),5159,Use per area of cropland,1991,1991,kg/ha,39.56,E,
79,'276,Germany,3103,Nutrient phosphate P2O5 (total),5159,Use per area of cropland,1992,1992,kg/ha,37.67,E,
79,'276,Germany,3103,Nutrient phosphate P2O5 (total),5159,Use per area of cropland,1993,1993,kg/ha,31.36,E,
79,'276,Germany,3103,Nutrient phosphate P2O5 (total),5159,Use per area of cropland,1994,1994,kg/ha,33.72,E,
79,'276,Germany,3103,Nutrient phosphate P2O5 (total),5159,Use per area of cropland,1995,1995,kg/ha,29.99,E,
79,'276,Germany,3103,Nutrient phosphate P2O5 (total),5159,Use per area of cropland,1996,1996,kg/ha,30.97,E,
79,'276,Germany,3103,Nutrient phosphate P2O5 (total),5159,Use per area of cropland,1997,1997,kg/ha,30.56,E,
79,'276,Germany,3103,Nutrient phosphate P2O5 (total),5159,Use per area of cropland,1998,1998,kg/ha,30.23,E,
79,'276,Germany,3103,Nutrient phosphate P2O5 (total),5159,Use per area of cropland,1999,1999,kg/ha,31.4,E,
79,'276,Germany,3103,Nutrient phosphate P2O5 (total),5159,Use per area of cropland,2000,2000,kg/ha,26.3,E,
79,'276,Germany,3103,Nutrient phosphate P2O5 (total),5159,Use per area of cropland,2001,2001,kg/ha,23.61,E,
79,'276,Germany,3103,Nutrient phosphate P2O5 (total),5159,Use per area of cropland,2002,2002,kg/ha,24.56,E,
79,'276,Germany,3103,Nutrient phosphate P2O5 (total),5159,Use per area of cropland,2003,2003,kg/ha,21.25,E,
79,'276,Germany,3103,Nutrient phosphate P2O5 (total),5159,Use per area of cropland,2004,2004,kg/ha,22.52,E,
79,'276,Germany,3103,Nutrient phosphate P2O5 (total),5159,Use per area of cropland,2005,2005,kg/ha,20.37,E,
79,'276,Germany,3103,Nutrient phosphate P2O5 (total),5159,Use per area of cropland,2006,2006,kg/ha,19.74,E,
79,'276,Germany,3103,Nutrient phosphate P2O5 (total),5159,Use per area of cropland,2007,2007,kg/ha,23.6,E,
79,'276,Germany,3103,Nutrient phosphate P2O5 (total),5159,Use per area of cropland,2008,2008,kg/ha,12.93,E,
79,'276,Germany,3103,Nutrient phosphate P2O5 (total),5159,Use per area of cropland,2009,2009,kg/ha,17.43,E,
79,'276,Germany,3103,Nutrient phosphate P2O5 (total),5159,Use per area of cropland,2010,2010,kg/ha,21.4,E,
79,'276,Germany,3103,Nutrient phosphate P2O5 (total),5159,Use per area of cropland,2011,2011,kg/ha,18.42,E,
79,'276,Germany,3103,Nutrient phosphate P2O5 (total),5159,Use per area of cropland,2012,2012,kg/ha,21.25,E,
79,'276,Germany,3103,Nutrient phosphate P2O5 (total),5159,Use per area of cropland,2013,2013,kg/ha,21.17,E,
79,'276,Germany,3103,Nutrient phosphate P2O5 (total),5159,Use per area of cropland,2014,2014,kg/ha,22.45,E,
79,'276,Germany,3103,Nutrient phosphate P2O5 (total),5159,Use per area of cropland,2015,2015,kg/ha,21.49,E,
79,'276,Germany,3103,Nutrient phosphate P2O5 (total),5159,Use per area of cropland,2016,2016,kg/ha,17.38,E,
79,'276,Germany,3103,Nutrient phosphate P2O5 (total),5159,Use per area of cropland,2017,2017,kg/ha,15.68,E,
79,'276,Germany,3103,Nutrient phosphate P2O5 (total),5159,Use per area of cropland,2018,2018,kg/ha,15.18,E,
79,'276,Germany,3103,Nutrient phosphate P2O5 (total),5159,Use per area of cropland,2019,2019,kg/ha,18.72,E,
79,'276,Germany,3103,Nutrient phosphate P2O5 (total),5159,Use per area of cropland,2020,2020,kg/ha,14.58,E,
79,'276,Germany,3103,Nutrient phosphate P2O5 (total),5159,Use per area of cropland,2021,2021,kg/ha,8.7,E,
79,'276,Germany,3103,Nutrient phosphate P2O5 (total),5159,Use per area of cropland,2022,2022,kg/ha,8.79,E,
79,'276,Germany,3103,Nutrient phosphate P2O5 (total),5159,Use per area of cropland,2023,2023,kg/ha,10.83,E,
79,'276,Germany,3103,Nutrient phosphate P2O5 (total),5172,Use per capita,1961,1961,kg/cap,11.58,E,
79,'276,Germany,3103,Nutrient phosphate P2O5 (total),5172,Use per capita,1962,1962,kg/cap,12.34,E,
79,'276,Germany,3103,Nutrient phosphate P2O5 (total),5172,Use per capita,1963,1963,kg/cap,13.36,E,
79,'276,Germany,3103,Nutrient phosphate P2O5 (total),5172,Use per capita,1964,1964,kg/cap,14.63,E,
79,'276,Germany,3103,Nutrient phosphate P2O5 (total),5172,Use per capita,1965,1965,kg/cap,14.91,E,
79,'276,Germany,3103,Nutrient phosphate P2O5 (total),5172,Use per capita,1966,1966,kg/cap,14.54,E,
79,'276,Germany,3103,Nutrient phosphate P2O5 (total),5172,Use per capita,1967,1967,kg/cap,14.71,E,
79,'276,Germany,3103,Nutrient phosphate P2O5 (total),5172,Use per capita,1968,1968,kg/cap,15.25,E,
79,'276,Germany,3103,Nutrient phosphate P2O5 (total),5172,Use per capita,1969,1969,kg/cap,15.98,E,
79,'276,Germany,3103,Nutrient phosphate P2O5 (total),5172,Use per capita,1970,1970,kg/cap,16.92,E,
79,'276,Germany,3103,Nutrient phosphate P2O5 (total),5172,Use per capita,1971,1971,kg/cap,16.85,E,
79,'276,Germany,3103,Nutrient phosphate P2O5 (total),5172,Use per capita,1972,1972,kg/cap,16.93,E,
79,'276,Germany,3103,Nutrient phosphate P2O5 (total),5172,Use per capita,1973,1973,kg/cap,17.06,E,
79,'276,Germany,3103,Nutrient phosphate P2O5 (total),5172,Use per capita,1974,1974,kg/cap,16.84,E,
79,'276,Germany,3103,Nutrient phosphate P2O5 (total),5172,Use per capita,1975,1975,kg/cap,15.51,E,
79,'276,Germany,3103,Nutrient phosphate P2O5 (total),5172,Use per capita,1976,1976,kg/cap,16.75,E,
79,'276,Germany,3103,Nutrient phosphate P2O5 (total),5172,Use per capita,1977,1977,kg/cap,16.63,E,
79,'276,Germany,3103,Nutrient phosphate P2O5 (total),5172,Use per capita,1978,1978,kg/cap,17.12,E,
79,'276,Germany,3103,Nutrient phosphate P2O5 (total),5172,Use per capita,1979,1979,kg/cap,17.01,E,
79,'276,Germany,3103,Nutrient phosphate P2O5 (total),5172,Use per capita,1980,1980,kg/cap,15.66,E,
79,'276,Germany,3103,Nutrient phosphate P2O5 (total),5172,Use per capita,1981,1981,kg/cap,14.37,E,
79,'276,Germany,3103,Nutrient phosphate P2O5 (total),5172,Use per capita,1982,1982,kg/cap,13.31,E,
79,'276,Germany,3103,Nutrient phosphate P2O5 (total),5172,Use per capita,1983,1983,kg/cap,13.78,E,
79,'276,Germany,3103,Nutrient phosphate P2O5 (total),5172,Use per capita,1984,1984,kg/cap,13.52,E,
79,'276,Germany,3103,Nutrient phosphate P2O5 (total),5172,Use per capita,1985,1985,kg/cap,13.55,E,
79,'276,Germany,3103,Nutrient phosphate P2O5 (total),5172,Use per capita,1986,1986,kg/cap,13.29,E,
79,'276,Germany,3103,Nutrient phosphate P2O5 (total),5172,Use per capita,1987,1987,kg/cap,12.85,E,
79,'276,Germany,3103,Nutrient phosphate P2O5 (total),5172,Use per capita,1988,1988,kg/cap,12.65,E,
79,'276,Germany,3103,Nutrient phosphate P2O5 (total),5172,Use per capita,1989,1989,kg/cap,12.03,E,
79,'276,Germany,3103,Nutrient phosphate P2O5 (total),5172,Use per capita,1990,1990,kg/cap,7.64,E,
79,'276,Germany,3103,Nutrient phosphate P2O5 (total),5172,Use per capita,1991,1991,kg/cap,6.46,E,
79,'276,Germany,3103,Nutrient phosphate P2O5 (total),5172,Use per capita,1992,1992,kg/cap,6.05,E,
79,'276,Germany,3103,Nutrient phosphate P2O5 (total),5172,Use per capita,1993,1993,kg/cap,5.09,E,
79,'276,Germany,3103,Nutrient phosphate P2O5 (total),5172,Use per capita,1994,1994,kg/cap,5.52,E,
79,'276,Germany,3103,Nutrient phosphate P2O5 (total),5172,Use per capita,1995,1995,kg/cap,4.9,E,
79,'276,Germany,3103,Nutrient phosphate P2O5 (total),5172,Use per capita,1996,1996,kg/cap,5.05,E,
79,'276,Germany,3103,Nutrient phosphate P2O5 (total),5172,Use per capita,1997,1997,kg/cap,4.97,E,
79,'276,Germany,3103,Nutrient phosphate P2O5 (total),5172,Use per capita,1998,1998,kg/cap,4.96,E,
79,'276,Germany,3103,Nutrient phosphate P2O5 (total),5172,Use per capita,1999,1999,kg/cap,5.14,E,
79,'276,Germany,3103,Nutrient phosphate P2O5 (total),5172,Use per capita,2000,2000,kg/cap,4.29,E,
79,'276,Germany,3103,Nutrient phosphate P2O5 (total),5172,Use per capita,2001,2001,kg/cap,3.85,E,
79,'276,Germany,3103,Nutrient phosphate P2O5 (total),5172,Use per capita,2002,2002,kg/cap,3.99,E,
79,'276,Germany,3103,Nutrient phosphate P2O5 (total),5172,Use per capita,2003,2003,kg/cap,3.46,E,
79,'276,Germany,3103,Nutrient phosphate P2O5 (total),5172,Use per capita,2004,2004,kg/cap,3.69,E,
79,'276,Germany,3103,Nutrient phosphate P2O5 (total),5172,Use per capita,2005,2005,kg/cap,3.34,E,
79,'276,Germany,3103,Nutrient phosphate P2O5 (total),5172,Use per capita,2006,2006,kg/cap,3.24,E,
79,'276,Germany,3103,Nutrient phosphate P2O5 (total),5172,Use per capita,2007,2007,kg/cap,3.9,E,
79,'276,Germany,3103,Nutrient phosphate P2O5 (total),5172,Use per capita,2008,2008,kg/cap,2.15,E,
79,'276,Germany,3103,Nutrient phosphate P2O5 (total),5172,Use per capita,2009,2009,kg/cap,2.91,E,
79,'276,Germany,3103,Nutrient phosphate P2O5 (total),5172,Use per capita,2010,2010,kg/cap,3.54,E,
79,'276,Germany,3103,Nutrient phosphate P2O5 (total),5172,Use per capita,2011,2011,kg/cap,3.06,E,
79,'276,Germany,3103,Nutrient phosphate P2O5 (total),5172,Use per capita,2012,2012,kg/cap,3.51,E,
79,'276,Germany,3103,Nutrient phosphate P2O5 (total),5172,Use per capita,2013,2013,kg/cap,3.5,E,
79,'276,Germany,3103,Nutrient phosphate P2O5 (total),5172,Use per capita,2014,2014,kg/cap,3.7,E,
79,'276,Germany,3103,Nutrient phosphate P2O5 (total),5172,Use per capita,2015,2015,kg/cap,3.51,E,
79,'276,Germany,3103,Nutrient phosphate P2O5 (total),5172,Use per capita,2016,2016,kg/cap,2.79,E,
79,'276,Germany,3103,Nutrient phosphate P2O5 (total),5172,Use per capita,2017,2017,kg/cap,2.51,E,
79,'276,Germany,3103,Nutrient phosphate P2O5 (total),5172,Use per capita,2018,2018,kg/cap,2.41,E,
79,'276,Germany,3103,Nutrient phosphate P2O5 (total),5172,Use per capita,2019,2019,kg/cap,2.97,E,
79,'276,Germany,3103,Nutrient phosphate P2O5 (total),5172,Use per capita,2020,2020,kg/cap,2.3,E,
79,'276,Germany,3103,Nutrient phosphate P2O5 (total),5172,Use per capita,2021,2021,kg/cap,1.37,E,
79,'276,Germany,3103,Nutrient phosphate P2O5 (total),5172,Use per capita,2022,2022,kg/cap,1.38,E,
79,'276,Germany,3103,Nutrient phosphate P2O5 (total),5172,Use per capita,2023,2023,kg/cap,1.69,E,
79,'276,Germany,3103,Nutrient phosphate P2O5 (total),5173,Use per value of agricultural production,1961,1961,g/Int$,22.03,E,
79,'276,Germany,3103,Nutrient phosphate P2O5 (total),5173,Use per value of agricultural production,1962,1962,g/Int$,21.63,E,
79,'276,Germany,3103,Nutrient phosphate P2O5 (total),5173,Use per value of agricultural production,1963,1963,g/Int$,22.64,E,
79,'276,Germany,3103,Nutrient phosphate P2O5 (total),5173,Use per value of agricultural production,1964,1964,g/Int$,25.48,E,
79,'276,Germany,3103,Nutrient phosphate P2O5 (total),5173,Use per value of agricultural production,1965,1965,g/Int$,27.11,E,
79,'276,Germany,3103,Nutrient phosphate P2O5 (total),5173,Use per value of agricultural production,1966,1966,g/Int$,25.49,E,
79,'276,Germany,3103,Nutrient phosphate P2O5 (total),5173,Use per value of agricultural production,1967,1967,g/Int$,24.14,E,
79,'276,Germany,3103,Nutrient phosphate P2O5 (total),5173,Use per value of agricultural production,1968,1968,g/Int$,24.82,E,
79,'276,Germany,3103,Nutrient phosphate P2O5 (total),5173,Use per value of agricultural production,1969,1969,g/Int$,27.31,E,
79,'276,Germany,3103,Nutrient phosphate P2O5 (total),5173,Use per value of agricultural production,1970,1970,g/Int$,28.05,E,
79,'276,Germany,3103,Nutrient phosphate P2O5 (total),5173,Use per value of agricultural production,1971,1971,g/Int$,28.15,E,
79,'276,Germany,3103,Nutrient phosphate P2O5 (total),5173,Use per value of agricultural production,1972,1972,g/Int$,28.55,E,
79,'276,Germany,3103,Nutrient phosphate P2O5 (total),5173,Use per value of agricultural production,1973,1973,g/Int$,28.35,E,
79,'276,Germany,3103,Nutrient phosphate P2O5 (total),5173,Use per value of agricultural production,1974,1974,g/Int$,27.03,E,
79,'276,Germany,3103,Nutrient phosphate P2O5 (total),5173,Use per value of agricultural production,1975,1975,g/Int$,25.82,E,
79,'276,Germany,3103,Nutrient phosphate P2O5 (total),5173,Use per value of agricultural production,1976,1976,g/Int$,28.42,E,
79,'276,Germany,3103,Nutrient phosphate P2O5 (total),5173,Use per value of agricultural production,1977,1977,g/Int$,26.8,E,
79,'276,Germany,3103,Nutrient phosphate P2O5 (total),5173,Use per value of agricultural production,1978,1978,g/Int$,26.49,E,
79,'276,Germany,3103,Nutrient phosphate P2O5 (total),5173,Use per value of agricultural production,1979,1979,g/Int$,25.87,E,
79,'276,Germany,3103,Nutrient phosphate P2O5 (total),5173,Use per value of agricultural production,1980,1980,g/Int$,24.22,E,
79,'276,Germany,3103,Nutrient phosphate P2O5 (total),5173,Use per value of agricultural production,1981,1981,g/Int$,22.3,E,
79,'276,Germany,3103,Nutrient phosphate P2O5 (total),5173,Use per value of agricultural production,1982,1982,g/Int$,19.7,E,
79,'276,Germany,3103,Nutrient phosphate P2O5 (total),5173,Use per value of agricultural production,1983,1983,g/Int$,21.01,E,
79,'276,Germany,3103,Nutrient phosphate P2O5 (total),5173,Use per value of agricultural production,1984,1984,g/Int$,19.24,E,
79,'276,Germany,3103,Nutrient phosphate P2O5 (total),5173,Use per value of agricultural production,1985,1985,g/Int$,19.2,E,
79,'276,Germany,3103,Nutrient phosphate P2O5 (total),5173,Use per value of agricultural production,1986,1986,g/Int$,18.37,E,
79,'276,Germany,3103,Nutrient phosphate P2O5 (total),5173,Use per value of agricultural production,1987,1987,g/Int$,18.36,E,
79,'276,Germany,3103,Nutrient phosphate P2O5 (total),5173,Use per value of agricultural production,1988,1988,g/Int$,18.02,E,
79,'276,Germany,3103,Nutrient phosphate P2O5 (total),5173,Use per value of agricultural production,1989,1989,g/Int$,17.49,E,
79,'276,Germany,3103,Nutrient phosphate P2O5 (total),5173,Use per value of agricultural production,1990,1990,g/Int$,11.47,E,
79,'276,Germany,3103,Nutrient phosphate P2O5 (total),5173,Use per value of agricultural production,1991,1991,g/Int$,10.56,E,
79,'276,Germany,3103,Nutrient phosphate P2O5 (total),5173,Use per value of agricultural production,1992,1992,g/Int$,10.53,E,
79,'276,Germany,3103,Nutrient phosphate P2O5 (total),5173,Use per value of agricultural production,1993,1993,g/Int$,9.03,E,
79,'276,Germany,3103,Nutrient phosphate P2O5 (total),5173,Use per value of agricultural production,1994,1994,g/Int$,10.15,E,
79,'276,Germany,3103,Nutrient phosphate P2O5 (total),5173,Use per value of agricultural production,1995,1995,g/Int$,8.79,E,
79,'276,Germany,3103,Nutrient phosphate P2O5 (total),5173,Use per value of agricultural production,1996,1996,g/Int$,8.86,E,
79,'276,Germany,3103,Nutrient phosphate P2O5 (total),5173,Use per value of agricultural production,1997,1997,g/Int$,8.68,E,
79,'276,Germany,3103,Nutrient phosphate P2O5 (total),5173,Use per value of agricultural production,1998,1998,g/Int$,8.48,E,
79,'276,Germany,3103,Nutrient phosphate P2O5 (total),5173,Use per value of agricultural production,1999,1999,g/Int$,8.5,E,
79,'276,Germany,3103,Nutrient phosphate P2O5 (total),5173,Use per value of agricultural production,2000,2000,g/Int$,7.03,E,
79,'276,Germany,3103,Nutrient phosphate P2O5 (total),5173,Use per value of agricultural production,2001,2001,g/Int$,6.28,E,
79,'276,Germany,3103,Nutrient phosphate P2O5 (total),5173,Use per value of agricultural production,2002,2002,g/Int$,6.82,E,
79,'276,Germany,3103,Nutrient phosphate P2O5 (total),5173,Use per value of agricultural production,2003,2003,g/Int$,6.19,E,
79,'276,Germany,3103,Nutrient phosphate P2O5 (total),5173,Use per value of agricultural production,2004,2004,g/Int$,5.93,E,
79,'276,Germany,3103,Nutrient phosphate P2O5 (total),5173,Use per value of agricultural production,2005,2005,g/Int$,5.57,E,
79,'276,Germany,3103,Nutrient phosphate P2O5 (total),5173,Use per value of agricultural production,2006,2006,g/Int$,5.51,E,
79,'276,Germany,3103,Nutrient phosphate P2O5 (total),5173,Use per value of agricultural production,2007,2007,g/Int$,6.47,E,
79,'276,Germany,3103,Nutrient phosphate P2O5 (total),5173,Use per value of agricultural production,2008,2008,g/Int$,3.39,E,
79,'276,Germany,3103,Nutrient phosphate P2O5 (total),5173,Use per value of agricultural production,2009,2009,g/Int$,4.49,E,
79,'276,Germany,3103,Nutrient phosphate P2O5 (total),5173,Use per value of agricultural production,2010,2010,g/Int$,5.68,E,
79,'276,Germany,3103,Nutrient phosphate P2O5 (total),5173,Use per value of agricultural production,2011,2011,g/Int$,4.87,E,
79,'276,Germany,3103,Nutrient phosphate P2O5 (total),5173,Use per value of agricultural production,2012,2012,g/Int$,5.54,E,
79,'276,Germany,3103,Nutrient phosphate P2O5 (total),5173,Use per value of agricultural production,2013,2013,g/Int$,5.49,E,
79,'276,Germany,3103,Nutrient phosphate P2O5 (total),5173,Use per value of agricultural production,2014,2014,g/Int$,5.49,E,
79,'276,Germany,3103,Nutrient phosphate P2O5 (total),5173,Use per value of agricultural production,2015,2015,g/Int$,5.44,E,
79,'276,Germany,3103,Nutrient phosphate P2O5 (total),5173,Use per value of agricultural production,2016,2016,g/Int$,4.43,E,
79,'276,Germany,3103,Nutrient phosphate P2O5 (total),5173,Use per value of agricultural production,2017,2017,g/Int$,4.01,E,
79,'276,Germany,3103,Nutrient phosphate P2O5 (total),5173,Use per value of agricultural production,2018,2018,g/Int$,4.11,E,
79,'276,Germany,3103,Nutrient phosphate P2O5 (total),5173,Use per value of agricultural production,2019,2019,g/Int$,4.93,E,
79,'276,Germany,3103,Nutrient phosphate P2O5 (total),5173,Use per value of agricultural production,2020,2020,g/Int$,3.78,E,
79,'276,Germany,3103,Nutrient phosphate P2O5 (total),5173,Use per value of agricultural production,2021,2021,g/Int$,2.28,E,
79,'276,Germany,3103,Nutrient phosphate P2O5 (total),5173,Use per value of agricultural production,2022,2022,g/Int$,2.34,E,
79,'276,Germany,3103,Nutrient phosphate P2O5 (total),5173,Use per value of agricultural production,2023,2023,g/Int$,2.89,E,
79,'276,Germany,3104,Nutrient potash K2O (total),5510,Production,1961,1961,t,3710700.0,A,Official data from questionnaire
79,'276,Germany,3104,Nutrient potash K2O (total),5510,Production,1962,1962,t,3648469.0,A,Official data from questionnaire
79,'276,Germany,3104,Nutrient potash K2O (total),5510,Production,1963,1963,t,3917805.0,A,Official data from questionnaire
79,'276,Germany,3104,Nutrient potash K2O (total),5510,Production,1964,1964,t,4151512.0,A,Official data from questionnaire
79,'276,Germany,3104,Nutrient potash K2O (total),5510,Production,1965,1965,t,4332270.0,A,Official data from questionnaire
79,'276,Germany,3104,Nutrient potash K2O (total),5510,Production,1966,1966,t,4194596.0,A,Official data from questionnaire
79,'276,Germany,3104,Nutrient potash K2O (total),5510,Production,1967,1967,t,4337614.0,A,Official data from questionnaire
79,'276,Germany,3104,Nutrient potash K2O (total),5510,Production,1968,1968,t,4556966.0,A,Official data from questionnaire
79,'276,Germany,3104,Nutrient potash K2O (total),5510,Production,1969,1969,t,4638893.0,A,Official data from questionnaire
79,'276,Germany,3104,Nutrient potash K2O (total),5510,Production,1970,1970,t,4824066.0,A,Official data from questionnaire
79,'276,Germany,3104,Nutrient potash K2O (total),5510,Production,1971,1971,t,4913268.0,A,Official data from questionnaire
79,'276,Germany,3104,Nutrient potash K2O (total),5510,Production,1972,1972,t,4955679.0,A,Official data from questionnaire
79,'276,Germany,3104,Nutrient potash K2O (total),5510,Production,1973,1973,t,5094928.0,A,Official data from questionnaire
79,'276,Germany,3104,Nutrient potash K2O (total),5510,Production,1974,1974,t,5522896.0,A,Official data from questionnaire
79,'276,Germany,3104,Nutrient potash K2O (total),5510,Production,1975,1975,t,4867447.0,A,Official data from questionnaire
79,'276,Germany,3104,Nutrient potash K2O (total),5510,Production,1976,1976,t,5378166.0,A,Official data from questionnaire
79,'276,Germany,3104,Nutrient potash K2O (total),5510,Production,1977,1977,t,5674382.0,A,Official data from questionnaire
79,'276,Germany,3104,Nutrient potash K2O (total),5510,Production,1978,1978,t,5862615.0,A,Official data from questionnaire
79,'276,Germany,3104,Nutrient potash K2O (total),5510,Production,1979,1979,t,6099177.0,A,Official data from questionnaire
79,'276,Germany,3104,Nutrient potash K2O (total),5510,Production,1980,1980,t,6123413.0,A,Official data from questionnaire
79,'276,Germany,3104,Nutrient potash K2O (total),5510,Production,1981,1981,t,5746343.0,A,Official data from questionnaire
79,'276,Germany,3104,Nutrient potash K2O (total),5510,Production,1982,1982,t,5660265.0,A,Official data from questionnaire
79,'276,Germany,3104,Nutrient potash K2O (total),5510,Production,1983,1983,t,5996455.0,A,Official data from questionnaire
79,'276,Germany,3104,Nutrient potash K2O (total),5510,Production,1984,1984,t,6091974.0,A,Official data from questionnaire
79,'276,Germany,3104,Nutrient potash K2O (total),5510,Production,1985,1985,t,5845234.0,A,Official data from questionnaire
79,'276,Germany,3104,Nutrient potash K2O (total),5510,Production,1986,1986,t,5545960.0,A,Official data from questionnaire
79,'276,Germany,3104,Nutrient potash K2O (total),5510,Production,1987,1987,t,5829517.0,A,Official data from questionnaire
79,'276,Germany,3104,Nutrient potash K2O (total),5510,Production,1988,1988,t,5778314.0,A,Official data from questionnaire
79,'276,Germany,3104,Nutrient potash K2O (total),5510,Production,1989,1989,t,5335500.0,X,Data sourced from another international organization
79,'276,Germany,3104,Nutrient potash K2O (total),5510,Production,1990,1990,t,4967300.0,X,Data sourced from another international organization
79,'276,Germany,3104,Nutrient potash K2O (total),5510,Production,1991,1991,t,3902000.0,X,Data sourced from another international organization
79,'276,Germany,3104,Nutrient potash K2O (total),5510,Production,1992,1992,t,3525000.0,X,Data sourced from another international organization
79,'276,Germany,3104,Nutrient potash K2O (total),5510,Production,1993,1993,t,2860000.0,X,Data sourced from another international organization
79,'276,Germany,3104,Nutrient potash K2O (total),5510,Production,1994,1994,t,3286000.0,X,Data sourced from another international organization
79,'276,Germany,3104,Nutrient potash K2O (total),5510,Production,1995,1995,t,3278000.0,X,Data sourced from another international organization
79,'276,Germany,3104,Nutrient potash K2O (total),5510,Production,1996,1996,t,3334000.0,X,Data sourced from another international organization
79,'276,Germany,3104,Nutrient potash K2O (total),5510,Production,1997,1997,t,3423100.0,X,Data sourced from another international organization
79,'276,Germany,3104,Nutrient potash K2O (total),5510,Production,1998,1998,t,3582000.0,X,Data sourced from another international organization
79,'276,Germany,3104,Nutrient potash K2O (total),5510,Production,1999,1999,t,3545000.0,X,Data sourced from another international organization
79,'276,Germany,3104,Nutrient potash K2O (total),5510,Production,2000,2000,t,3409000.0,X,Data sourced from another international organization
79,'276,Germany,3104,Nutrient potash K2O (total),5510,Production,2001,2001,t,3550000.0,X,Data sourced from another international organization
79,'276,Germany,3104,Nutrient potash K2O (total),5510,Production,2002,2002,t,3201163.0,I,
79,'276,Germany,3104,Nutrient potash K2O (total),5510,Production,2003,2003,t,3472321.0,I,
79,'276,Germany,3104,Nutrient potash K2O (total),5510,Production,2004,2004,t,3222980.0,I,
79,'276,Germany,3104,Nutrient potash K2O (total),5510,Production,2005,2005,t,3395293.0,I,
79,'276,Germany,3104,Nutrient potash K2O (total),5510,Production,2006,2006,t,3362168.0,I,
79,'276,Germany,3104,Nutrient potash K2O (total),5510,Production,2007,2007,t,2893608.0,I,
79,'276,Germany,3104,Nutrient potash K2O (total),5510,Production,2008,2008,t,2408016.0,I,
79,'276,Germany,3104,Nutrient potash K2O (total),5510,Production,2009,2009,t,1874683.0,I,
79,'276,Germany,3104,Nutrient potash K2O (total),5510,Production,2010,2010,t,2465621.0,I,
79,'276,Germany,3104,Nutrient potash K2O (total),5510,Production,2011,2011,t,2622311.0,I,
79,'276,Germany,3104,Nutrient potash K2O (total),5510,Production,2012,2012,t,2727420.0,I,
79,'276,Germany,3104,Nutrient potash K2O (total),5510,Production,2013,2013,t,2968400.0,X,Data sourced from IFA
79,'276,Germany,3104,Nutrient potash K2O (total),5510,Production,2014,2014,t,3053100.0,X,Data sourced from IFA
79,'276,Germany,3104,Nutrient potash K2O (total),5510,Production,2015,2015,t,3055000.0,X,Data sourced from IFA
79,'276,Germany,3104,Nutrient potash K2O (total),5510,Production,2016,2016,t,2759005.25,I,
79,'276,Germany,3104,Nutrient potash K2O (total),5510,Production,2017,2017,t,2849186.17,I,
79,'276,Germany,3104,Nutrient potash K2O (total),5510,Production,2018,2018,t,2524999.66,I,
79,'276,Germany,3104,Nutrient potash K2O (total),5510,Production,2019,2019,t,2413966.29,I,
79,'276,Germany,3104,Nutrient potash K2O (total),5510,Production,2020,2020,t,2530499.76,I,
79,'276,Germany,3104,Nutrient potash K2O (total),5510,Production,2021,2021,t,2593365.7,I,
79,'276,Germany,3104,Nutrient potash K2O (total),5510,Production,2022,2022,t,2406002.72,I,
79,'276,Germany,3104,Nutrient potash K2O (total),5510,Production,2023,2023,t,2124504.0,I,
79,'276,Germany,3104,Nutrient potash K2O (total),5610,Import quantity,1961,1961,t,14700.0,A,Official data from questionnaire
79,'276,Germany,3104,Nutrient potash K2O (total),5610,Import quantity,1962,1962,t,19249.0,A,Official data from questionnaire
79,'276,Germany,3104,Nutrient potash K2O (total),5610,Import quantity,1963,1963,t,19410.0,A,Official data from questionnaire
79,'276,Germany,3104,Nutrient potash K2O (total),5610,Import quantity,1964,1964,t,25659.0,A,Official data from questionnaire
79,'276,Germany,3104,Nutrient potash K2O (total),5610,Import quantity,1965,1965,t,22160.0,A,Official data from questionnaire
79,'276,Germany,3104,Nutrient potash K2O (total),5610,Import quantity,1966,1966,t,35105.0,A,Official data from questionnaire
79,'276,Germany,3104,Nutrient potash K2O (total),5610,Import quantity,1967,1967,t,49708.0,A,Official data from questionnaire
79,'276,Germany,3104,Nutrient potash K2O (total),5610,Import quantity,1968,1968,t,76546.0,A,Official data from questionnaire
79,'276,Germany,3104,Nutrient potash K2O (total),5610,Import quantity,1969,1969,t,78759.0,A,Official data from questionnaire
79,'276,Germany,3104,Nutrient potash K2O (total),5610,Import quantity,1970,1970,t,40604.0,A,Official data from questionnaire
79,'276,Germany,3104,Nutrient potash K2O (total),5610,Import quantity,1971,1971,t,86700.0,A,Official data from questionnaire
79,'276,Germany,3104,Nutrient potash K2O (total),5610,Import quantity,1972,1972,t,67115.0,A,Official data from questionnaire
79,'276,Germany,3104,Nutrient potash K2O (total),5610,Import quantity,1973,1973,t,90452.0,A,Official data from questionnaire
79,'276,Germany,3104,Nutrient potash K2O (total),5610,Import quantity,1974,1974,t,81391.0,A,Official data from questionnaire
79,'276,Germany,3104,Nutrient potash K2O (total),5610,Import quantity,1975,1975,t,85709.0,A,Official data from questionnaire
79,'276,Germany,3104,Nutrient potash K2O (total),5610,Import quantity,1976,1976,t,123727.0,A,Official data from questionnaire
79,'276,Germany,3104,Nutrient potash K2O (total),5610,Import quantity,1977,1977,t,170307.0,A,Official data from questionnaire
79,'276,Germany,3104,Nutrient potash K2O (total),5610,Import quantity,1978,1978,t,207630.0,A,Official data from questionnaire
79,'276,Germany,3104,Nutrient potash K2O (total),5610,Import quantity,1979,1979,t,196279.0,A,Official data from questionnaire
79,'276,Germany,3104,Nutrient potash K2O (total),5610,Import quantity,1980,1980,t,171560.0,A,Official data from questionnaire
79,'276,Germany,3104,Nutrient potash K2O (total),5610,Import quantity,1981,1981,t,190282.0,A,Official data from questionnaire
79,'276,Germany,3104,Nutrient potash K2O (total),5610,Import quantity,1982,1982,t,269615.0,A,Official data from questionnaire
79,'276,Germany,3104,Nutrient potash K2O (total),5610,Import quantity,1983,1983,t,259088.0,A,Official data from questionnaire
79,'276,Germany,3104,Nutrient potash K2O (total),5610,Import quantity,1984,1984,t,250410.0,A,Official data from questionnaire
79,'276,Germany,3104,Nutrient potash K2O (total),5610,Import quantity,1985,1985,t,279237.0,A,Official data from questionnaire
79,'276,Germany,3104,Nutrient potash K2O (total),5610,Import quantity,1986,1986,t,282567.0,A,Official data from questionnaire
79,'276,Germany,3104,Nutrient potash K2O (total),5610,Import quantity,1987,1987,t,329451.0,A,Official data from questionnaire
79,'276,Germany,3104,Nutrient potash K2O (total),5610,Import quantity,1988,1988,t,295248.0,A,Official data from questionnaire
79,'276,Germany,3104,Nutrient potash K2O (total),5610,Import quantity,1989,1989,t,238214.0,A,Official data from questionnaire
79,'276,Germany,3104,Nutrient potash K2O (total),5610,Import quantity,1990,1990,t,237000.0,X,Data sourced from another international organization
79,'276,Germany,3104,Nutrient potash K2O (total),5610,Import quantity,1991,1991,t,164000.0,X,Data sourced from another international organization
79,'276,Germany,3104,Nutrient potash K2O (total),5610,Import quantity,1992,1992,t,237000.0,X,Data sourced from another international organization
79,'276,Germany,3104,Nutrient potash K2O (total),5610,Import quantity,1993,1993,t,211000.0,X,Data sourced from another international organization
79,'276,Germany,3104,Nutrient potash K2O (total),5610,Import quantity,1994,1994,t,140000.0,X,Data sourced from another international organization
79,'276,Germany,3104,Nutrient potash K2O (total),5610,Import quantity,1995,1995,t,145000.0,X,Data sourced from another international organization
79,'276,Germany,3104,Nutrient potash K2O (total),5610,Import quantity,1996,1996,t,171000.0,X,Data sourced from another international organization
79,'276,Germany,3104,Nutrient potash K2O (total),5610,Import quantity,1997,1997,t,172000.0,X,Data sourced from another international organization
79,'276,Germany,3104,Nutrient potash K2O (total),5610,Import quantity,1998,1998,t,179000.0,X,Data sourced from another international organization
79,'276,Germany,3104,Nutrient potash K2O (total),5610,Import quantity,1999,1999,t,165000.0,X,Data sourced from another international organization
79,'276,Germany,3104,Nutrient potash K2O (total),5610,Import quantity,2000,2000,t,148000.0,X,Data sourced from another international organization
79,'276,Germany,3104,Nutrient potash K2O (total),5610,Import quantity,2001,2001,t,140000.0,X,Data sourced from another international organization
79,'276,Germany,3104,Nutrient potash K2O (total),5610,Import quantity,2002,2002,t,215533.63,I,
79,'276,Germany,3104,Nutrient potash K2O (total),5610,Import quantity,2003,2003,t,244439.07,I,
79,'276,Germany,3104,Nutrient potash K2O (total),5610,Import quantity,2004,2004,t,241395.27,I,
79,'276,Germany,3104,Nutrient potash K2O (total),5610,Import quantity,2005,2005,t,210263.67,I,
79,'276,Germany,3104,Nutrient potash K2O (total),5610,Import quantity,2006,2006,t,179344.54,I,
79,'276,Germany,3104,Nutrient potash K2O (total),5610,Import quantity,2007,2007,t,204386.48,I,
79,'276,Germany,3104,Nutrient potash K2O (total),5610,Import quantity,2008,2008,t,219949.56,I,
79,'276,Germany,3104,Nutrient potash K2O (total),5610,Import quantity,2009,2009,t,85566.29,I,
79,'276,Germany,3104,Nutrient potash K2O (total),5610,Import quantity,2010,2010,t,215180.76,I,
79,'276,Germany,3104,Nutrient potash K2O (total),5610,Import quantity,2011,2011,t,196187.86,I,
79,'276,Germany,3104,Nutrient potash K2O (total),5610,Import quantity,2012,2012,t,202380.83,I,
79,'276,Germany,3104,Nutrient potash K2O (total),5610,Import quantity,2013,2013,t,217778.6,I,
79,'276,Germany,3104,Nutrient potash K2O (total),5610,Import quantity,2014,2014,t,245268.02,I,
79,'276,Germany,3104,Nutrient potash K2O (total),5610,Import quantity,2015,2015,t,211592.8,I,
79,'276,Germany,3104,Nutrient potash K2O (total),5610,Import quantity,2016,2016,t,194923.95,I,
79,'276,Germany,3104,Nutrient potash K2O (total),5610,Import quantity,2017,2017,t,187785.85,I,
79,'276,Germany,3104,Nutrient potash K2O (total),5610,Import quantity,2018,2018,t,135462.08,I,
79,'276,Germany,3104,Nutrient potash K2O (total),5610,Import quantity,2019,2019,t,168210.89,I,
79,'276,Germany,3104,Nutrient potash K2O (total),5610,Import quantity,2020,2020,t,183172.77,I,
79,'276,Germany,3104,Nutrient potash K2O (total),5610,Import quantity,2021,2021,t,158298.08,I,
79,'276,Germany,3104,Nutrient potash K2O (total),5610,Import quantity,2022,2022,t,103725.47,I,
79,'276,Germany,3104,Nutrient potash K2O (total),5610,Import quantity,2023,2023,t,128794.73,I,
79,'276,Germany,3104,Nutrient potash K2O (total),5910,Export quantity,1961,1961,t,1878100.0,A,Official data from questionnaire
79,'276,Germany,3104,Nutrient potash K2O (total),5910,Export quantity,1962,1962,t,1984656.0,A,Official data from questionnaire
79,'276,Germany,3104,Nutrient potash K2O (total),5910,Export quantity,1963,1963,t,2093130.0,A,Official data from questionnaire
79,'276,Germany,3104,Nutrient potash K2O (total),5910,Export quantity,1964,1964,t,2173509.0,A,Official data from questionnaire
79,'276,Germany,3104,Nutrient potash K2O (total),5910,Export quantity,1965,1965,t,2303800.0,A,Official data from questionnaire
79,'276,Germany,3104,Nutrient potash K2O (total),5910,Export quantity,1966,1966,t,2344365.0,A,Official data from questionnaire
79,'276,Germany,3104,Nutrient potash K2O (total),5910,Export quantity,1967,1967,t,2566982.0,A,Official data from questionnaire
79,'276,Germany,3104,Nutrient potash K2O (total),5910,Export quantity,1968,1968,t,2855416.0,A,Official data from questionnaire
79,'276,Germany,3104,Nutrient potash K2O (total),5910,Export quantity,1969,1969,t,2845258.0,A,Official data from questionnaire
79,'276,Germany,3104,Nutrient potash K2O (total),5910,Export quantity,1970,1970,t,2915018.0,A,Official data from questionnaire
79,'276,Germany,3104,Nutrient potash K2O (total),5910,Export quantity,1971,1971,t,2845291.0,A,Official data from questionnaire
79,'276,Germany,3104,Nutrient potash K2O (total),5910,Export quantity,1972,1972,t,3219925.0,A,Official data from questionnaire
79,'276,Germany,3104,Nutrient potash K2O (total),5910,Export quantity,1973,1973,t,3202457.0,A,Official data from questionnaire
79,'276,Germany,3104,Nutrient potash K2O (total),5910,Export quantity,1974,1974,t,3298969.0,A,Official data from questionnaire
79,'276,Germany,3104,Nutrient potash K2O (total),5910,Export quantity,1975,1975,t,3071414.0,A,Official data from questionnaire
79,'276,Germany,3104,Nutrient potash K2O (total),5910,Export quantity,1976,1976,t,3509568.0,A,Official data from questionnaire
79,'276,Germany,3104,Nutrient potash K2O (total),5910,Export quantity,1977,1977,t,3988762.0,A,Official data from questionnaire
79,'276,Germany,3104,Nutrient potash K2O (total),5910,Export quantity,1978,1978,t,4326546.0,A,Official data from questionnaire
79,'276,Germany,3104,Nutrient potash K2O (total),5910,Export quantity,1979,1979,t,4265289.0,A,Official data from questionnaire
79,'276,Germany,3104,Nutrient potash K2O (total),5910,Export quantity,1980,1980,t,4303972.0,A,Official data from questionnaire
79,'276,Germany,3104,Nutrient potash K2O (total),5910,Export quantity,1981,1981,t,4147573.0,A,Official data from questionnaire
79,'276,Germany,3104,Nutrient potash K2O (total),5910,Export quantity,1982,1982,t,4195810.0,X,Data sourced from another international organization
79,'276,Germany,3104,Nutrient potash K2O (total),5910,Export quantity,1983,1983,t,4547200.0,X,Data sourced from another international organization
79,'276,Germany,3104,Nutrient potash K2O (total),5910,Export quantity,1984,1984,t,4464000.0,X,Data sourced from another international organization
79,'276,Germany,3104,Nutrient potash K2O (total),5910,Export quantity,1985,1985,t,4226218.0,X,Data sourced from another international organization
79,'276,Germany,3104,Nutrient potash K2O (total),5910,Export quantity,1986,1986,t,4252056.0,X,Data sourced from another international organization
79,'276,Germany,3104,Nutrient potash K2O (total),5910,Export quantity,1987,1987,t,4479248.0,X,Data sourced from another international organization
79,'276,Germany,3104,Nutrient potash K2O (total),5910,Export quantity,1988,1988,t,4351913.0,X,Data sourced from another international organization
79,'276,Germany,3104,Nutrient potash K2O (total),5910,Export quantity,1989,1989,t,3929978.0,A,Official data from questionnaire
79,'276,Germany,3104,Nutrient potash K2O (total),5910,Export quantity,1990,1990,t,3874500.0,X,Data sourced from another international organization
79,'276,Germany,3104,Nutrient potash K2O (total),5910,Export quantity,1991,1991,t,2960000.0,X,Data sourced from another international organization
79,'276,Germany,3104,Nutrient potash K2O (total),5910,Export quantity,1992,1992,t,2793000.0,X,Data sourced from another international organization
79,'276,Germany,3104,Nutrient potash K2O (total),5910,Export quantity,1993,1993,t,2392000.0,X,Data sourced from another international organization
79,'276,Germany,3104,Nutrient potash K2O (total),5910,Export quantity,1994,1994,t,2802000.0,X,Data sourced from another international organization
79,'276,Germany,3104,Nutrient potash K2O (total),5910,Export quantity,1995,1995,t,2446000.0,X,Data sourced from another international organization
79,'276,Germany,3104,Nutrient potash K2O (total),5910,Export quantity,1996,1996,t,2557000.0,X,Data sourced from another international organization
79,'276,Germany,3104,Nutrient potash K2O (total),5910,Export quantity,1997,1997,t,2850900.0,X,Data sourced from another international organization
79,'276,Germany,3104,Nutrient potash K2O (total),5910,Export quantity,1998,1998,t,2873000.0,X,Data sourced from another international organization
79,'276,Germany,3104,Nutrient potash K2O (total),5910,Export quantity,1999,1999,t,2842000.0,X,Data sourced from another international organization
79,'276,Germany,3104,Nutrient potash K2O (total),5910,Export quantity,2000,2000,t,2774000.0,X,Data sourced from another international organization
79,'276,Germany,3104,Nutrient potash K2O (total),5910,Export quantity,2001,2001,t,2838000.0,X,Data sourced from another international organization
79,'276,Germany,3104,Nutrient potash K2O (total),5910,Export quantity,2002,2002,t,2692572.94,I,
79,'276,Germany,3104,Nutrient potash K2O (total),5910,Export quantity,2003,2003,t,2664990.44,I,
79,'276,Germany,3104,Nutrient potash K2O (total),5910,Export quantity,2004,2004,t,2884724.76,I,
79,'276,Germany,3104,Nutrient potash K2O (total),5910,Export quantity,2005,2005,t,2938111.82,I,
79,'276,Germany,3104,Nutrient potash K2O (total),5910,Export quantity,2006,2006,t,2949657.98,I,
79,'276,Germany,3104,Nutrient potash K2O (total),5910,Export quantity,2007,2007,t,2979193.14,I,
79,'276,Germany,3104,Nutrient potash K2O (total),5910,Export quantity,2008,2008,t,3165453.64,I,
79,'276,Germany,3104,Nutrient potash K2O (total),5910,Export quantity,2009,2009,t,1607368.31,I,
79,'276,Germany,3104,Nutrient potash K2O (total),5910,Export quantity,2010,2010,t,2322654.08,I,
79,'276,Germany,3104,Nutrient potash K2O (total),5910,Export quantity,2011,2011,t,2342337.03,I,
79,'276,Germany,3104,Nutrient potash K2O (total),5910,Export quantity,2012,2012,t,2511559.27,I,
79,'276,Germany,3104,Nutrient potash K2O (total),5910,Export quantity,2013,2013,t,2626148.45,I,
79,'276,Germany,3104,Nutrient potash K2O (total),5910,Export quantity,2014,2014,t,2507603.67,I,
79,'276,Germany,3104,Nutrient potash K2O (total),5910,Export quantity,2015,2015,t,2545234.63,I,
79,'276,Germany,3104,Nutrient potash K2O (total),5910,Export quantity,2016,2016,t,1542401.98,I,
79,'276,Germany,3104,Nutrient potash K2O (total),5910,Export quantity,2017,2017,t,2575614.9,I,
79,'276,Germany,3104,Nutrient potash K2O (total),5910,Export quantity,2018,2018,t,2233221.94,I,
79,'276,Germany,3104,Nutrient potash K2O (total),5910,Export quantity,2019,2019,t,2166524.71,I,
79,'276,Germany,3104,Nutrient potash K2O (total),5910,Export quantity,2020,2020,t,2276017.47,I,
79,'276,Germany,3104,Nutrient potash K2O (total),5910,Export quantity,2021,2021,t,2428701.93,I,
79,'276,Germany,3104,Nutrient potash K2O (total),5910,Export quantity,2022,2022,t,2320284.11,I,
79,'276,Germany,3104,Nutrient potash K2O (total),5910,Export quantity,2023,2023,t,2014131.94,I,
79,'276,Germany,3104,Nutrient potash K2O (total),5157,Agricultural Use,1961,1961,t,1549200.0,A,Official data from questionnaire
79,'276,Germany,3104,Nutrient potash K2O (total),5157,Agricultural Use,1962,1962,t,1611131.0,A,Official data from questionnaire
79,'276,Germany,3104,Nutrient potash K2O (total),5157,Agricultural Use,1963,1963,t,1669877.0,A,Official data from questionnaire
79,'276,Germany,3104,Nutrient potash K2O (total),5157,Agricultural Use,1964,1964,t,1726820.0,A,Official data from questionnaire
79,'276,Germany,3104,Nutrient potash K2O (total),5157,Agricultural Use,1965,1965,t,1775855.0,A,Official data from questionnaire
79,'276,Germany,3104,Nutrient potash K2O (total),5157,Agricultural Use,1966,1966,t,1671770.0,A,Official data from questionnaire
79,'276,Germany,3104,Nutrient potash K2O (total),5157,Agricultural Use,1967,1967,t,1735168.0,A,Official data from questionnaire
79,'276,Germany,3104,Nutrient potash K2O (total),5157,Agricultural Use,1968,1968,t,1642087.0,A,Official data from questionnaire
79,'276,Germany,3104,Nutrient potash K2O (total),5157,Agricultural Use,1969,1969,t,1743664.0,A,Official data from questionnaire
79,'276,Germany,3104,Nutrient potash K2O (total),5157,Agricultural Use,1970,1970,t,1798480.0,A,Official data from questionnaire
79,'276,Germany,3104,Nutrient potash K2O (total),5157,Agricultural Use,1971,1971,t,1872340.0,A,Official data from questionnaire
79,'276,Germany,3104,Nutrient potash K2O (total),5157,Agricultural Use,1972,1972,t,1676846.0,A,Official data from questionnaire
79,'276,Germany,3104,Nutrient potash K2O (total),5157,Agricultural Use,1973,1973,t,1821645.0,A,Official data from questionnaire
79,'276,Germany,3104,Nutrient potash K2O (total),5157,Agricultural Use,1974,1974,t,1886359.0,A,Official data from questionnaire
79,'276,Germany,3104,Nutrient potash K2O (total),5157,Agricultural Use,1975,1975,t,1805503.0,A,Official data from questionnaire
79,'276,Germany,3104,Nutrient potash K2O (total),5157,Agricultural Use,1976,1976,t,1819026.0,A,Official data from questionnaire
79,'276,Germany,3104,Nutrient potash K2O (total),5157,Agricultural Use,1977,1977,t,1654888.0,A,Official data from questionnaire
79,'276,Germany,3104,Nutrient potash K2O (total),5157,Agricultural Use,1978,1978,t,1633427.0,A,Official data from questionnaire
79,'276,Germany,3104,Nutrient potash K2O (total),5157,Agricultural Use,1979,1979,t,1754853.0,A,Official data from questionnaire
79,'276,Germany,3104,Nutrient potash K2O (total),5157,Agricultural Use,1980,1980,t,1640558.0,A,Official data from questionnaire
79,'276,Germany,3104,Nutrient potash K2O (total),5157,Agricultural Use,1981,1981,t,1656406.0,A,Official data from questionnaire
79,'276,Germany,3104,Nutrient potash K2O (total),5157,Agricultural Use,1982,1982,t,1538277.0,A,Official data from questionnaire
79,'276,Germany,3104,Nutrient potash K2O (total),5157,Agricultural Use,1983,1983,t,1437985.0,A,Official data from questionnaire
79,'276,Germany,3104,Nutrient potash K2O (total),5157,Agricultural Use,1984,1984,t,1538138.0,A,Official data from questionnaire
79,'276,Germany,3104,Nutrient potash K2O (total),5157,Agricultural Use,1985,1985,t,1482240.0,A,Official data from questionnaire
79,'276,Germany,3104,Nutrient potash K2O (total),5157,Agricultural Use,1986,1986,t,1511837.0,A,Official data from questionnaire
79,'276,Germany,3104,Nutrient potash K2O (total),5157,Agricultural Use,1987,1987,t,1431533.0,A,Official data from questionnaire
79,'276,Germany,3104,Nutrient potash K2O (total),5157,Agricultural Use,1988,1988,t,1470379.0,A,Official data from questionnaire
79,'276,Germany,3104,Nutrient potash K2O (total),5157,Agricultural Use,1989,1989,t,1387200.0,A,Official data from questionnaire
79,'276,Germany,3104,Nutrient potash K2O (total),5157,Agricultural Use,1990,1990,t,954400.0,X,Data sourced from another international organization
79,'276,Germany,3104,Nutrient potash K2O (total),5157,Agricultural Use,1991,1991,t,729658.0,X,Data sourced from another international organization
79,'276,Germany,3104,Nutrient potash K2O (total),5157,Agricultural Use,1992,1992,t,673851.0,X,Data sourced from another international organization
79,'276,Germany,3104,Nutrient potash K2O (total),5157,Agricultural Use,1993,1993,t,645000.0,A,Official data from questionnaire
79,'276,Germany,3104,Nutrient potash K2O (total),5157,Agricultural Use,1994,1994,t,668000.0,A,Official data from questionnaire
79,'276,Germany,3104,Nutrient potash K2O (total),5157,Agricultural Use,1995,1995,t,649000.0,A,Official data from questionnaire
79,'276,Germany,3104,Nutrient potash K2O (total),5157,Agricultural Use,1996,1996,t,645781.0,A,Official data from questionnaire
79,'276,Germany,3104,Nutrient potash K2O (total),5157,Agricultural Use,1997,1997,t,658895.0,A,Official data from questionnaire
79,'276,Germany,3104,Nutrient potash K2O (total),5157,Agricultural Use,1998,1998,t,628733.0,A,Official data from questionnaire
79,'276,Germany,3104,Nutrient potash K2O (total),5157,Agricultural Use,1999,1999,t,599150.0,A,Official data from questionnaire
79,'276,Germany,3104,Nutrient potash K2O (total),5157,Agricultural Use,2000,2000,t,543952.0,A,Official data from questionnaire
79,'276,Germany,3104,Nutrient potash K2O (total),5157,Agricultural Use,2001,2001,t,505862.0,A,Official data from questionnaire
79,'276,Germany,3104,Nutrient potash K2O (total),5157,Agricultural Use,2002,2002,t,479673.0,A,Official data from questionnaire
79,'276,Germany,3104,Nutrient potash K2O (total),5157,Agricultural Use,2003,2003,t,486464.0,A,Official data from questionnaire
79,'276,Germany,3104,Nutrient potash K2O (total),5157,Agricultural Use,2004,2004,t,478415.0,A,Official data from questionnaire
79,'276,Germany,3104,Nutrient potash K2O (total),5157,Agricultural Use,2005,2005,t,426111.0,A,Official data from questionnaire
79,'276,Germany,3104,Nutrient potash K2O (total),5157,Agricultural Use,2006,2006,t,442578.0,A,Official data from questionnaire
79,'276,Germany,3104,Nutrient potash K2O (total),5157,Agricultural Use,2007,2007,t,511303.0,A,Official data from questionnaire
79,'276,Germany,3104,Nutrient potash K2O (total),5157,Agricultural Use,2008,2008,t,179171.0,A,Official data from questionnaire
79,'276,Germany,3104,Nutrient potash K2O (total),5157,Agricultural Use,2009,2009,t,362791.0,A,Official data from questionnaire
79,'276,Germany,3104,Nutrient potash K2O (total),5157,Agricultural Use,2010,2010,t,433743.0,A,Official data from questionnaire
79,'276,Germany,3104,Nutrient potash K2O (total),5157,Agricultural Use,2011,2011,t,386414.0,A,Official data from questionnaire
79,'276,Germany,3104,Nutrient potash K2O (total),5157,Agricultural Use,2012,2012,t,421042.0,A,Official data from questionnaire
79,'276,Germany,3104,Nutrient potash K2O (total),5157,Agricultural Use,2013,2013,t,457131.0,A,Official data from questionnaire
79,'276,Germany,3104,Nutrient potash K2O (total),5157,Agricultural Use,2014,2014,t,459855.0,A,Official data from questionnaire
79,'276,Germany,3104,Nutrient potash K2O (total),5157,Agricultural Use,2015,2015,t,397759.0,A,Official data from questionnaire
79,'276,Germany,3104,Nutrient potash K2O (total),5157,Agricultural Use,2016,2016,t,430080.0,A,Official data from questionnaire
79,'276,Germany,3104,Nutrient potash K2O (total),5157,Agricultural Use,2017,2017,t,391640.0,A,Official data from questionnaire
79,'276,Germany,3104,Nutrient potash K2O (total),5157,Agricultural Use,2018,2018,t,409547.0,A,Official data from questionnaire
79,'276,Germany,3104,Nutrient potash K2O (total),5157,Agricultural Use,2019,2019,t,419542.0,A,Official data from questionnaire
79,'276,Germany,3104,Nutrient potash K2O (total),5157,Agricultural Use,2020,2020,t,446396.0,A,Official data from questionnaire
79,'276,Germany,3104,Nutrient potash K2O (total),5157,Agricultural Use,2021,2021,t,305768.0,A,Official data from questionnaire
79,'276,Germany,3104,Nutrient potash K2O (total),5157,Agricultural Use,2022,2022,t,239167.0,A,Official data from questionnaire
79,'276,Germany,3104,Nutrient potash K2O (total),5157,Agricultural Use,2023,2023,t,320130.0,A,Official data from questionnaire
79,'276,Germany,3104,Nutrient potash K2O (total),5159,Use per area of cropland,1961,1961,kg/ha,103.49,E,
79,'276,Germany,3104,Nutrient potash K2O (total),5159,Use per area of cropland,1962,1962,kg/ha,107.91,E,
79,'276,Germany,3104,Nutrient potash K2O (total),5159,Use per area of cropland,1963,1963,kg/ha,112.09,E,
79,'276,Germany,3104,Nutrient potash K2O (total),5159,Use per area of cropland,1964,1964,kg/ha,115.93,E,
79,'276,Germany,3104,Nutrient potash K2O (total),5159,Use per area of cropland,1965,1965,kg/ha,119.37,E,
79,'276,Germany,3104,Nutrient potash K2O (total),5159,Use per area of cropland,1966,1966,kg/ha,112.43,E,
79,'276,Germany,3104,Nutrient potash K2O (total),5159,Use per area of cropland,1967,1967,kg/ha,117.76,E,
79,'276,Germany,3104,Nutrient potash K2O (total),5159,Use per area of cropland,1968,1968,kg/ha,111.62,E,
79,'276,Germany,3104,Nutrient potash K2O (total),5159,Use per area of cropland,1969,1969,kg/ha,118.77,E,
79,'276,Germany,3104,Nutrient potash K2O (total),5159,Use per area of cropland,1970,1970,kg/ha,123.37,E,
79,'276,Germany,3104,Nutrient potash K2O (total),5159,Use per area of cropland,1971,1971,kg/ha,128.3,E,
79,'276,Germany,3104,Nutrient potash K2O (total),5159,Use per area of cropland,1972,1972,kg/ha,114.54,E,
79,'276,Germany,3104,Nutrient potash K2O (total),5159,Use per area of cropland,1973,1973,kg/ha,124.38,E,
79,'276,Germany,3104,Nutrient potash K2O (total),5159,Use per area of cropland,1974,1974,kg/ha,128.49,E,
79,'276,Germany,3104,Nutrient potash K2O (total),5159,Use per area of cropland,1975,1975,kg/ha,122.68,E,
79,'276,Germany,3104,Nutrient potash K2O (total),5159,Use per area of cropland,1976,1976,kg/ha,123.07,E,
79,'276,Germany,3104,Nutrient potash K2O (total),5159,Use per area of cropland,1977,1977,kg/ha,111.99,E,
79,'276,Germany,3104,Nutrient potash K2O (total),5159,Use per area of cropland,1978,1978,kg/ha,110.4,E,
79,'276,Germany,3104,Nutrient potash K2O (total),5159,Use per area of cropland,1979,1979,kg/ha,118.78,E,
79,'276,Germany,3104,Nutrient potash K2O (total),5159,Use per area of cropland,1980,1980,kg/ha,111.29,E,
79,'276,Germany,3104,Nutrient potash K2O (total),5159,Use per area of cropland,1981,1981,kg/ha,112.65,E,
79,'276,Germany,3104,Nutrient potash K2O (total),5159,Use per area of cropland,1982,1982,kg/ha,104.9,E,
79,'276,Germany,3104,Nutrient potash K2O (total),5159,Use per area of cropland,1983,1983,kg/ha,98.18,E,
79,'276,Germany,3104,Nutrient potash K2O (total),5159,Use per area of cropland,1984,1984,kg/ha,105.2,E,
79,'276,Germany,3104,Nutrient potash K2O (total),5159,Use per area of cropland,1985,1985,kg/ha,101.39,E,
79,'276,Germany,3104,Nutrient potash K2O (total),5159,Use per area of cropland,1986,1986,kg/ha,103.47,E,
79,'276,Germany,3104,Nutrient potash K2O (total),5159,Use per area of cropland,1987,1987,kg/ha,98.21,E,
79,'276,Germany,3104,Nutrient potash K2O (total),5159,Use per area of cropland,1988,1988,kg/ha,100.87,E,
79,'276,Germany,3104,Nutrient potash K2O (total),5159,Use per area of cropland,1989,1989,kg/ha,95.16,E,
79,'276,Germany,3104,Nutrient potash K2O (total),5159,Use per area of cropland,1990,1990,kg/ha,65.35,E,
79,'276,Germany,3104,Nutrient potash K2O (total),5159,Use per area of cropland,1991,1991,kg/ha,52.53,E,
79,'276,Germany,3104,Nutrient potash K2O (total),5159,Use per area of cropland,1992,1992,kg/ha,48.92,E,
79,'276,Germany,3104,Nutrient potash K2O (total),5159,Use per area of cropland,1993,1993,kg/ha,46.03,E,
79,'276,Germany,3104,Nutrient potash K2O (total),5159,Use per area of cropland,1994,1994,kg/ha,47.17,E,
79,'276,Germany,3104,Nutrient potash K2O (total),5159,Use per area of cropland,1995,1995,kg/ha,45.74,E,
79,'276,Germany,3104,Nutrient potash K2O (total),5159,Use per area of cropland,1996,1996,kg/ha,45.5,E,
79,'276,Germany,3104,Nutrient potash K2O (total),5159,Use per area of cropland,1997,1997,kg/ha,46.44,E,
79,'276,Germany,3104,Nutrient potash K2O (total),5159,Use per area of cropland,1998,1998,kg/ha,44.14,E,
79,'276,Germany,3104,Nutrient potash K2O (total),5159,Use per area of cropland,1999,1999,kg/ha,42.31,E,
79,'276,Germany,3104,Nutrient potash K2O (total),5159,Use per area of cropland,2000,2000,kg/ha,38.47,E,
79,'276,Germany,3104,Nutrient potash K2O (total),5159,Use per area of cropland,2001,2001,kg/ha,35.77,E,
79,'276,Germany,3104,Nutrient potash K2O (total),5159,Use per area of cropland,2002,2002,kg/ha,33.99,E,
79,'276,Germany,3104,Nutrient potash K2O (total),5159,Use per area of cropland,2003,2003,kg/ha,34.36,E,
79,'276,Germany,3104,Nutrient potash K2O (total),5159,Use per area of cropland,2004,2004,kg/ha,33.61,E,
79,'276,Germany,3104,Nutrient potash K2O (total),5159,Use per area of cropland,2005,2005,kg/ha,29.93,E,
79,'276,Germany,3104,Nutrient potash K2O (total),5159,Use per area of cropland,2006,2006,kg/ha,31.18,E,
79,'276,Germany,3104,Nutrient potash K2O (total),5159,Use per area of cropland,2007,2007,kg/ha,35.99,E,
79,'276,Germany,3104,Nutrient potash K2O (total),5159,Use per area of cropland,2008,2008,kg/ha,12.55,E,
79,'276,Germany,3104,Nutrient potash K2O (total),5159,Use per area of cropland,2009,2009,kg/ha,25.39,E,
79,'276,Germany,3104,Nutrient potash K2O (total),5159,Use per area of cropland,2010,2010,kg/ha,30.61,E,
79,'276,Germany,3104,Nutrient potash K2O (total),5159,Use per area of cropland,2011,2011,kg/ha,27.2,E,
79,'276,Germany,3104,Nutrient potash K2O (total),5159,Use per area of cropland,2012,2012,kg/ha,29.74,E,
79,'276,Germany,3104,Nutrient potash K2O (total),5159,Use per area of cropland,2013,2013,kg/ha,32.18,E,
79,'276,Germany,3104,Nutrient potash K2O (total),5159,Use per area of cropland,2014,2014,kg/ha,32.38,E,
79,'276,Germany,3104,Nutrient potash K2O (total),5159,Use per area of cropland,2015,2015,kg/ha,28.06,E,
79,'276,Germany,3104,Nutrient potash K2O (total),5159,Use per area of cropland,2016,2016,kg/ha,30.56,E,
79,'276,Germany,3104,Nutrient potash K2O (total),5159,Use per area of cropland,2017,2017,kg/ha,27.81,E,
79,'276,Germany,3104,Nutrient potash K2O (total),5159,Use per area of cropland,2018,2018,kg/ha,29.18,E,
79,'276,Germany,3104,Nutrient potash K2O (total),5159,Use per area of cropland,2019,2019,kg/ha,29.93,E,
79,'276,Germany,3104,Nutrient potash K2O (total),5159,Use per area of cropland,2020,2020,kg/ha,31.99,E,
79,'276,Germany,3104,Nutrient potash K2O (total),5159,Use per area of cropland,2021,2021,kg/ha,21.91,E,
79,'276,Germany,3104,Nutrient potash K2O (total),5159,Use per area of cropland,2022,2022,kg/ha,17.14,E,
79,'276,Germany,3104,Nutrient potash K2O (total),5159,Use per area of cropland,2023,2023,kg/ha,22.9,E,
79,'276,Germany,3104,Nutrient potash K2O (total),5172,Use per capita,1961,1961,kg/cap,21.11,E,
79,'276,Germany,3104,Nutrient potash K2O (total),5172,Use per capita,1962,1962,kg/cap,21.77,E,
79,'276,Germany,3104,Nutrient potash K2O (total),5172,Use per capita,1963,1963,kg/cap,22.36,E,
79,'276,Germany,3104,Nutrient potash K2O (total),5172,Use per capita,1964,1964,kg/cap,22.93,E,
79,'276,Germany,3104,Nutrient potash K2O (total),5172,Use per capita,1965,1965,kg/cap,23.38,E,
79,'276,Germany,3104,Nutrient potash K2O (total),5172,Use per capita,1966,1966,kg/cap,21.82,E,
79,'276,Germany,3104,Nutrient potash K2O (total),5172,Use per capita,1967,1967,kg/cap,22.54,E,
79,'276,Germany,3104,Nutrient potash K2O (total),5172,Use per capita,1968,1968,kg/cap,21.24,E,
79,'276,Germany,3104,Nutrient potash K2O (total),5172,Use per capita,1969,1969,kg/cap,22.37,E,
79,'276,Germany,3104,Nutrient potash K2O (total),5172,Use per capita,1970,1970,kg/cap,23.0,E,
79,'276,Germany,3104,Nutrient potash K2O (total),5172,Use per capita,1971,1971,kg/cap,23.9,E,
79,'276,Germany,3104,Nutrient potash K2O (total),5172,Use per capita,1972,1972,kg/cap,21.3,E,
79,'276,Germany,3104,Nutrient potash K2O (total),5172,Use per capita,1973,1973,kg/cap,23.07,E,
79,'276,Germany,3104,Nutrient potash K2O (total),5172,Use per capita,1974,1974,kg/cap,23.88,E,
79,'276,Germany,3104,Nutrient potash K2O (total),5172,Use per capita,1975,1975,kg/cap,22.94,E,
79,'276,Germany,3104,Nutrient potash K2O (total),5172,Use per capita,1976,1976,kg/cap,23.21,E,
79,'276,Germany,3104,Nutrient potash K2O (total),5172,Use per capita,1977,1977,kg/cap,21.17,E,
79,'276,Germany,3104,Nutrient potash K2O (total),5172,Use per capita,1978,1978,kg/cap,20.91,E,
79,'276,Germany,3104,Nutrient potash K2O (total),5172,Use per capita,1979,1979,kg/cap,22.46,E,
79,'276,Germany,3104,Nutrient potash K2O (total),5172,Use per capita,1980,1980,kg/cap,20.95,E,
79,'276,Germany,3104,Nutrient potash K2O (total),5172,Use per capita,1981,1981,kg/cap,21.11,E,
79,'276,Germany,3104,Nutrient potash K2O (total),5172,Use per capita,1982,1982,kg/cap,19.62,E,
79,'276,Germany,3104,Nutrient potash K2O (total),5172,Use per capita,1983,1983,kg/cap,18.38,E,
79,'276,Germany,3104,Nutrient potash K2O (total),5172,Use per capita,1984,1984,kg/cap,19.72,E,
79,'276,Germany,3104,Nutrient potash K2O (total),5172,Use per capita,1985,1985,kg/cap,19.04,E,
79,'276,Germany,3104,Nutrient potash K2O (total),5172,Use per capita,1986,1986,kg/cap,19.4,E,
79,'276,Germany,3104,Nutrient potash K2O (total),5172,Use per capita,1987,1987,kg/cap,18.34,E,
79,'276,Germany,3104,Nutrient potash K2O (total),5172,Use per capita,1988,1988,kg/cap,18.76,E,
79,'276,Germany,3104,Nutrient potash K2O (total),5172,Use per capita,1989,1989,kg/cap,17.56,E,
79,'276,Germany,3104,Nutrient potash K2O (total),5172,Use per capita,1990,1990,kg/cap,11.97,E,
79,'276,Germany,3104,Nutrient potash K2O (total),5172,Use per capita,1991,1991,kg/cap,9.09,E,
79,'276,Germany,3104,Nutrient potash K2O (total),5172,Use per capita,1992,1992,kg/cap,8.33,E,
79,'276,Germany,3104,Nutrient potash K2O (total),5172,Use per capita,1993,1993,kg/cap,7.92,E,
79,'276,Germany,3104,Nutrient potash K2O (total),5172,Use per capita,1994,1994,kg/cap,8.17,E,
79,'276,Germany,3104,Nutrient potash K2O (total),5172,Use per capita,1995,1995,kg/cap,7.91,E,
79,'276,Germany,3104,Nutrient potash K2O (total),5172,Use per capita,1996,1996,kg/cap,7.85,E,
79,'276,Germany,3104,Nutrient potash K2O (total),5172,Use per capita,1997,1997,kg/cap,8.0,E,
79,'276,Germany,3104,Nutrient potash K2O (total),5172,Use per capita,1998,1998,kg/cap,7.67,E,
79,'276,Germany,3104,Nutrient potash K2O (total),5172,Use per capita,1999,1999,kg/cap,7.34,E,
79,'276,Germany,3104,Nutrient potash K2O (total),5172,Use per capita,2000,2000,kg/cap,6.65,E,
79,'276,Germany,3104,Nutrient potash K2O (total),5172,Use per capita,2001,2001,kg/cap,6.17,E,
79,'276,Germany,3104,Nutrient potash K2O (total),5172,Use per capita,2002,2002,kg/cap,5.84,E,
79,'276,Germany,3104,Nutrient potash K2O (total),5172,Use per capita,2003,2003,kg/cap,5.92,E,
79,'276,Germany,3104,Nutrient potash K2O (total),5172,Use per capita,2004,2004,kg/cap,5.83,E,
79,'276,Germany,3104,Nutrient potash K2O (total),5172,Use per capita,2005,2005,kg/cap,5.19,E,
79,'276,Germany,3104,Nutrient potash K2O (total),5172,Use per capita,2006,2006,kg/cap,5.42,E,
79,'276,Germany,3104,Nutrient potash K2O (total),5172,Use per capita,2007,2007,kg/cap,6.29,E,
79,'276,Germany,3104,Nutrient potash K2O (total),5172,Use per capita,2008,2008,kg/cap,2.21,E,
79,'276,Germany,3104,Nutrient potash K2O (total),5172,Use per capita,2009,2009,kg/cap,4.48,E,
79,'276,Germany,3104,Nutrient potash K2O (total),5172,Use per capita,2010,2010,kg/cap,5.37,E,
79,'276,Germany,3104,Nutrient potash K2O (total),5172,Use per capita,2011,2011,kg/cap,4.78,E,
79,'276,Germany,3104,Nutrient potash K2O (total),5172,Use per capita,2012,2012,kg/cap,5.2,E,
79,'276,Germany,3104,Nutrient potash K2O (total),5172,Use per capita,2013,2013,kg/cap,5.64,E,
79,'276,Germany,3104,Nutrient potash K2O (total),5172,Use per capita,2014,2014,kg/cap,5.65,E,
79,'276,Germany,3104,Nutrient potash K2O (total),5172,Use per capita,2015,2015,kg/cap,4.85,E,
79,'276,Germany,3104,Nutrient potash K2O (total),5172,Use per capita,2016,2016,kg/cap,5.2,E,
79,'276,Germany,3104,Nutrient potash K2O (total),5172,Use per capita,2017,2017,kg/cap,4.71,E,
79,'276,Germany,3104,Nutrient potash K2O (total),5172,Use per capita,2018,2018,kg/cap,4.91,E,
79,'276,Germany,3104,Nutrient potash K2O (total),5172,Use per capita,2019,2019,kg/cap,5.02,E,
79,'276,Germany,3104,Nutrient potash K2O (total),5172,Use per capita,2020,2020,kg/cap,5.34,E,
79,'276,Germany,3104,Nutrient potash K2O (total),5172,Use per capita,2021,2021,kg/cap,3.65,E,
79,'276,Germany,3104,Nutrient potash K2O (total),5172,Use per capita,2022,2022,kg/cap,2.84,E,
79,'276,Germany,3104,Nutrient potash K2O (total),5172,Use per capita,2023,2023,kg/cap,3.79,E,
79,'276,Germany,3104,Nutrient potash K2O (total),5173,Use per value of agricultural production,1961,1961,g/Int$,40.18,E,
79,'276,Germany,3104,Nutrient potash K2O (total),5173,Use per value of agricultural production,1962,1962,g/Int$,38.16,E,
79,'276,Germany,3104,Nutrient potash K2O (total),5173,Use per value of agricultural production,1963,1963,g/Int$,37.88,E,
79,'276,Germany,3104,Nutrient potash K2O (total),5173,Use per value of agricultural production,1964,1964,g/Int$,39.92,E,
79,'276,Germany,3104,Nutrient potash K2O (total),5173,Use per value of agricultural production,1965,1965,g/Int$,42.51,E,
79,'276,Germany,3104,Nutrient potash K2O (total),5173,Use per value of agricultural production,1966,1966,g/Int$,38.25,E,
79,'276,Germany,3104,Nutrient potash K2O (total),5173,Use per value of agricultural production,1967,1967,g/Int$,37.0,E,
79,'276,Germany,3104,Nutrient potash K2O (total),5173,Use per value of agricultural production,1968,1968,g/Int$,34.56,E,
79,'276,Germany,3104,Nutrient potash K2O (total),5173,Use per value of agricultural production,1969,1969,g/Int$,38.22,E,
79,'276,Germany,3104,Nutrient potash K2O (total),5173,Use per value of agricultural production,1970,1970,g/Int$,38.13,E,
79,'276,Germany,3104,Nutrient potash K2O (total),5173,Use per value of agricultural production,1971,1971,g/Int$,39.92,E,
79,'276,Germany,3104,Nutrient potash K2O (total),5173,Use per value of agricultural production,1972,1972,g/Int$,35.92,E,
79,'276,Germany,3104,Nutrient potash K2O (total),5173,Use per value of agricultural production,1973,1973,g/Int$,38.32,E,
79,'276,Germany,3104,Nutrient potash K2O (total),5173,Use per value of agricultural production,1974,1974,g/Int$,38.33,E,
79,'276,Germany,3104,Nutrient potash K2O (total),5173,Use per value of agricultural production,1975,1975,g/Int$,38.19,E,
79,'276,Germany,3104,Nutrient potash K2O (total),5173,Use per value of agricultural production,1976,1976,g/Int$,39.4,E,
79,'276,Germany,3104,Nutrient potash K2O (total),5173,Use per value of agricultural production,1977,1977,g/Int$,34.11,E,
79,'276,Germany,3104,Nutrient potash K2O (total),5173,Use per value of agricultural production,1978,1978,g/Int$,32.36,E,
79,'276,Germany,3104,Nutrient potash K2O (total),5173,Use per value of agricultural production,1979,1979,g/Int$,34.15,E,
79,'276,Germany,3104,Nutrient potash K2O (total),5173,Use per value of agricultural production,1980,1980,g/Int$,32.41,E,
79,'276,Germany,3104,Nutrient potash K2O (total),5173,Use per value of agricultural production,1981,1981,g/Int$,32.78,E,
79,'276,Germany,3104,Nutrient potash K2O (total),5173,Use per value of agricultural production,1982,1982,g/Int$,29.03,E,
79,'276,Germany,3104,Nutrient potash K2O (total),5173,Use per value of agricultural production,1983,1983,g/Int$,28.03,E,
79,'276,Germany,3104,Nutrient potash K2O (total),5173,Use per value of agricultural production,1984,1984,g/Int$,28.08,E,
79,'276,Germany,3104,Nutrient potash K2O (total),5173,Use per value of agricultural production,1985,1985,g/Int$,26.98,E,
79,'276,Germany,3104,Nutrient potash K2O (total),5173,Use per value of agricultural production,1986,1986,g/Int$,26.82,E,
79,'276,Germany,3104,Nutrient potash K2O (total),5173,Use per value of agricultural production,1987,1987,g/Int$,26.2,E,
79,'276,Germany,3104,Nutrient potash K2O (total),5173,Use per value of agricultural production,1988,1988,g/Int$,26.72,E,
79,'276,Germany,3104,Nutrient potash K2O (total),5173,Use per value of agricultural production,1989,1989,g/Int$,25.52,E,
79,'276,Germany,3104,Nutrient potash K2O (total),5173,Use per value of agricultural production,1990,1990,g/Int$,17.97,E,
79,'276,Germany,3104,Nutrient potash K2O (total),5173,Use per value of agricultural production,1991,1991,g/Int$,14.85,E,
79,'276,Germany,3104,Nutrient potash K2O (total),5173,Use per value of agricultural production,1992,1992,g/Int$,14.47,E,
79,'276,Germany,3104,Nutrient potash K2O (total),5173,Use per value of agricultural production,1993,1993,g/Int$,14.03,E,
79,'276,Germany,3104,Nutrient potash K2O (total),5173,Use per value of agricultural production,1994,1994,g/Int$,15.03,E,
79,'276,Germany,3104,Nutrient potash K2O (total),5173,Use per value of agricultural production,1995,1995,g/Int$,14.19,E,
79,'276,Germany,3104,Nutrient potash K2O (total),5173,Use per value of agricultural production,1996,1996,g/Int$,13.78,E,
79,'276,Germany,3104,Nutrient potash K2O (total),5173,Use per value of agricultural production,1997,1997,g/Int$,13.96,E,
79,'276,Germany,3104,Nutrient potash K2O (total),5173,Use per value of agricultural production,1998,1998,g/Int$,13.11,E,
79,'276,Germany,3104,Nutrient potash K2O (total),5173,Use per value of agricultural production,1999,1999,g/Int$,12.13,E,
79,'276,Germany,3104,Nutrient potash K2O (total),5173,Use per value of agricultural production,2000,2000,g/Int$,10.89,E,
79,'276,Germany,3104,Nutrient potash K2O (total),5173,Use per value of agricultural production,2001,2001,g/Int$,10.08,E,
79,'276,Germany,3104,Nutrient potash K2O (total),5173,Use per value of agricultural production,2002,2002,g/Int$,10.0,E,
79,'276,Germany,3104,Nutrient potash K2O (total),5173,Use per value of agricultural production,2003,2003,g/Int$,10.59,E,
79,'276,Germany,3104,Nutrient potash K2O (total),5173,Use per value of agricultural production,2004,2004,g/Int$,9.38,E,
79,'276,Germany,3104,Nutrient potash K2O (total),5173,Use per value of agricultural production,2005,2005,g/Int$,8.67,E,
79,'276,Germany,3104,Nutrient potash K2O (total),5173,Use per value of agricultural production,2006,2006,g/Int$,9.21,E,
79,'276,Germany,3104,Nutrient potash K2O (total),5173,Use per value of agricultural production,2007,2007,g/Int$,10.44,E,
79,'276,Germany,3104,Nutrient potash K2O (total),5173,Use per value of agricultural production,2008,2008,g/Int$,3.49,E,
79,'276,Germany,3104,Nutrient potash K2O (total),5173,Use per value of agricultural production,2009,2009,g/Int$,6.92,E,
79,'276,Germany,3104,Nutrient potash K2O (total),5173,Use per value of agricultural production,2010,2010,g/Int$,8.6,E,
79,'276,Germany,3104,Nutrient potash K2O (total),5173,Use per value of agricultural production,2011,2011,g/Int$,7.61,E,
79,'276,Germany,3104,Nutrient potash K2O (total),5173,Use per value of agricultural production,2012,2012,g/Int$,8.22,E,
79,'276,Germany,3104,Nutrient potash K2O (total),5173,Use per value of agricultural production,2013,2013,g/Int$,8.83,E,
79,'276,Germany,3104,Nutrient potash K2O (total),5173,Use per value of agricultural production,2014,2014,g/Int$,8.38,E,
79,'276,Germany,3104,Nutrient potash K2O (total),5173,Use per value of agricultural production,2015,2015,g/Int$,7.52,E,
79,'276,Germany,3104,Nutrient potash K2O (total),5173,Use per value of agricultural production,2016,2016,g/Int$,8.25,E,
79,'276,Germany,3104,Nutrient potash K2O (total),5173,Use per value of agricultural production,2017,2017,g/Int$,7.53,E,
79,'276,Germany,3104,Nutrient potash K2O (total),5173,Use per value of agricultural production,2018,2018,g/Int$,8.37,E,
79,'276,Germany,3104,Nutrient potash K2O (total),5173,Use per value of agricultural production,2019,2019,g/Int$,8.34,E,
79,'276,Germany,3104,Nutrient potash K2O (total),5173,Use per value of agricultural production,2020,2020,g/Int$,8.78,E,
79,'276,Germany,3104,Nutrient potash K2O (total),5173,Use per value of agricultural production,2021,2021,g/Int$,6.08,E,
79,'276,Germany,3104,Nutrient potash K2O (total),5173,Use per value of agricultural production,2022,2022,g/Int$,4.84,E,
79,'276,Germany,3104,Nutrient potash K2O (total),5173,Use per value of agricultural production,2023,2023,g/Int$,6.48,E,
104,'372,Ireland,3102,Nutrient nitrogen N (total),5510,Production,1965,1965,t,28000.0,X,Data sourced from another international organization
104,'372,Ireland,3102,Nutrient nitrogen N (total),5510,Production,1966,1966,t,34000.0,X,Data sourced from another international organization
104,'372,Ireland,3102,Nutrient nitrogen N (total),5510,Production,1967,1967,t,45000.0,X,Data sourced from another international organization
104,'372,Ireland,3102,Nutrient nitrogen N (total),5510,Production,1968,1968,t,55000.0,X,Data sourced from another international organization
104,'372,Ireland,3102,Nutrient nitrogen N (total),5510,Production,1969,1969,t,60300.0,X,Data sourced from another international organization
104,'372,Ireland,3102,Nutrient nitrogen N (total),5510,Production,1970,1970,t,78600.0,X,Data sourced from another international organization
104,'372,Ireland,3102,Nutrient nitrogen N (total),5510,Production,1971,1971,t,87500.0,X,Data sourced from another international organization
104,'372,Ireland,3102,Nutrient nitrogen N (total),5510,Production,1972,1972,t,84800.0,X,Data sourced from another international organization
104,'372,Ireland,3102,Nutrient nitrogen N (total),5510,Production,1973,1973,t,94500.0,X,Data sourced from another international organization
104,'372,Ireland,3102,Nutrient nitrogen N (total),5510,Production,1974,1974,t,97000.0,X,Data sourced from another international organization
104,'372,Ireland,3102,Nutrient nitrogen N (total),5510,Production,1975,1975,t,100000.0,X,Data sourced from another international organization
104,'372,Ireland,3102,Nutrient nitrogen N (total),5510,Production,1976,1976,t,100000.0,X,Data sourced from another international organization
104,'372,Ireland,3102,Nutrient nitrogen N (total),5510,Production,1977,1977,t,120000.0,X,Data sourced from another international organization
104,'372,Ireland,3102,Nutrient nitrogen N (total),5510,Production,1978,1978,t,65500.0,X,Data sourced from another international organization
104,'372,Ireland,3102,Nutrient nitrogen N (total),5510,Production,1979,1979,t,102200.0,X,Data sourced from another international organization
104,'372,Ireland,3102,Nutrient nitrogen N (total),5510,Production,1980,1980,t,190000.0,X,Data sourced from another international organization
104,'372,Ireland,3102,Nutrient nitrogen N (total),5510,Production,1981,1981,t,205000.0,X,Data sourced from another international organization
104,'372,Ireland,3102,Nutrient nitrogen N (total),5510,Production,1982,1982,t,249000.0,X,Data sourced from another international organization
104,'372,Ireland,3102,Nutrient nitrogen N (total),5510,Production,1983,1983,t,253000.0,X,Data sourced from another international organization
104,'372,Ireland,3102,Nutrient nitrogen N (total),5510,Production,1984,1984,t,238000.0,X,Data sourced from another international organization
104,'372,Ireland,3102,Nutrient nitrogen N (total),5510,Production,1985,1985,t,244000.0,X,Data sourced from another international organization
104,'372,Ireland,3102,Nutrient nitrogen N (total),5510,Production,1986,1986,t,255400.0,X,Data sourced from another international organization
104,'372,Ireland,3102,Nutrient nitrogen N (total),5510,Production,1987,1987,t,285900.0,X,Data sourced from another international organization
104,'372,Ireland,3102,Nutrient nitrogen N (total),5510,Production,1988,1988,t,252000.0,X,Data sourced from another international organization
104,'372,Ireland,3102,Nutrient nitrogen N (total),5510,Production,1989,1989,t,296700.0,X,Data sourced from another international organization
104,'372,Ireland,3102,Nutrient nitrogen N (total),5510,Production,1990,1990,t,279000.0,X,Data sourced from another international organization
104,'372,Ireland,3102,Nutrient nitrogen N (total),5510,Production,1991,1991,t,305000.0,X,Data sourced from another international organization
104,'372,Ireland,3102,Nutrient nitrogen N (total),5510,Production,1992,1992,t,307000.0,X,Data sourced from another international organization
104,'372,Ireland,3102,Nutrient nitrogen N (total),5510,Production,1993,1993,t,315000.0,X,Data sourced from another international organization
104,'372,Ireland,3102,Nutrient nitrogen N (total),5510,Production,1994,1994,t,320000.0,X,Data sourced from another international organization
104,'372,Ireland,3102,Nutrient nitrogen N (total),5510,Production,1995,1995,t,307000.0,X,Data sourced from another international organization
104,'372,Ireland,3102,Nutrient nitrogen N (total),5510,Production,1996,1996,t,288000.0,X,Data sourced from another international organization
104,'372,Ireland,3102,Nutrient nitrogen N (total),5510,Production,1997,1997,t,326000.0,X,Data sourced from another international organization
104,'372,Ireland,3102,Nutrient nitrogen N (total),5510,Production,1998,1998,t,311000.0,X,Data sourced from another international organization
104,'372,Ireland,3102,Nutrient nitrogen N (total),5510,Production,1999,1999,t,277000.0,X,Data sourced from another international organization
104,'372,Ireland,3102,Nutrient nitrogen N (total),5510,Production,2000,2000,t,188400.0,X,Data sourced from another international organization
104,'372,Ireland,3102,Nutrient nitrogen N (total),5510,Production,2001,2001,t,280000.0,X,Data sourced from another international organization
104,'372,Ireland,3102,Nutrient nitrogen N (total),5510,Production,2002,2002,t,208000.0,A,Official data from questionnaire
104,'372,Ireland,3102,Nutrient nitrogen N (total),5510,Production,2003,2003,t,0.0,A,Official data from questionnaire
104,'372,Ireland,3102,Nutrient nitrogen N (total),5510,Production,2004,2004,t,0.0,A,Official data from questionnaire
104,'372,Ireland,3102,Nutrient nitrogen N (total),5510,Production,2005,2005,t,0.0,A,Official data from questionnaire
104,'372,Ireland,3102,Nutrient nitrogen N (total),5510,Production,2006,2006,t,0.0,A,Official data from questionnaire
104,'372,Ireland,3102,Nutrient nitrogen N (total),5510,Production,2007,2007,t,0.0,A,Official data from questionnaire
104,'372,Ireland,3102,Nutrient nitrogen N (total),5510,Production,2008,2008,t,0.0,A,Official data from questionnaire
104,'372,Ireland,3102,Nutrient nitrogen N (total),5510,Production,2009,2009,t,0.0,A,Official data from questionnaire
104,'372,Ireland,3102,Nutrient nitrogen N (total),5510,Production,2010,2010,t,0.0,A,Official data from questionnaire
104,'372,Ireland,3102,Nutrient nitrogen N (total),5510,Production,2011,2011,t,0.0,A,Official data from questionnaire
104,'372,Ireland,3102,Nutrient nitrogen N (total),5510,Production,2012,2012,t,0.0,A,Official data from questionnaire
104,'372,Ireland,3102,Nutrient nitrogen N (total),5510,Production,2013,2013,t,0.0,A,Official data from questionnaire
104,'372,Ireland,3102,Nutrient nitrogen N (total),5510,Production,2014,2014,t,0.0,A,Official data from questionnaire
104,'372,Ireland,3102,Nutrient nitrogen N (total),5510,Production,2015,2015,t,0.0,E,
104,'372,Ireland,3102,Nutrient nitrogen N (total),5510,Production,2016,2016,t,0.0,I,
104,'372,Ireland,3102,Nutrient nitrogen N (total),5510,Production,2017,2017,t,0.0,I,
104,'372,Ireland,3102,Nutrient nitrogen N (total),5510,Production,2018,2018,t,0.0,E,
104,'372,Ireland,3102,Nutrient nitrogen N (total),5510,Production,2019,2019,t,0.0,E,
104,'372,Ireland,3102,Nutrient nitrogen N (total),5510,Production,2020,2020,t,0.0,E,
104,'372,Ireland,3102,Nutrient nitrogen N (total),5510,Production,2021,2021,t,0.0,E,
104,'372,Ireland,3102,Nutrient nitrogen N (total),5510,Production,2022,2022,t,0.0,E,
104,'372,Ireland,3102,Nutrient nitrogen N (total),5510,Production,2023,2023,t,0.0,E,
104,'372,Ireland,3102,Nutrient nitrogen N (total),5610,Import quantity,1961,1961,t,28916.0,A,Official data from questionnaire
104,'372,Ireland,3102,Nutrient nitrogen N (total),5610,Import quantity,1962,1962,t,33486.0,A,Official data from questionnaire
104,'372,Ireland,3102,Nutrient nitrogen N (total),5610,Import quantity,1963,1963,t,34695.0,A,Official data from questionnaire
104,'372,Ireland,3102,Nutrient nitrogen N (total),5610,Import quantity,1964,1964,t,29624.0,A,Official data from questionnaire
104,'372,Ireland,3102,Nutrient nitrogen N (total),5610,Import quantity,1965,1965,t,12000.0,X,Data sourced from another international organization
104,'372,Ireland,3102,Nutrient nitrogen N (total),5610,Import quantity,1966,1966,t,16000.0,X,Data sourced from another international organization
104,'372,Ireland,3102,Nutrient nitrogen N (total),5610,Import quantity,1967,1967,t,10000.0,X,Data sourced from another international organization
104,'372,Ireland,3102,Nutrient nitrogen N (total),5610,Import quantity,1968,1968,t,15000.0,X,Data sourced from another international organization
104,'372,Ireland,3102,Nutrient nitrogen N (total),5610,Import quantity,1969,1969,t,14000.0,X,Data sourced from another international organization
104,'372,Ireland,3102,Nutrient nitrogen N (total),5610,Import quantity,1970,1970,t,22000.0,X,Data sourced from another international organization
104,'372,Ireland,3102,Nutrient nitrogen N (total),5610,Import quantity,1971,1971,t,36900.0,X,Data sourced from another international organization
104,'372,Ireland,3102,Nutrient nitrogen N (total),5610,Import quantity,1972,1972,t,68000.0,X,Data sourced from another international organization
104,'372,Ireland,3102,Nutrient nitrogen N (total),5610,Import quantity,1973,1973,t,56000.0,X,Data sourced from another international organization
104,'372,Ireland,3102,Nutrient nitrogen N (total),5610,Import quantity,1974,1974,t,59800.0,X,Data sourced from another international organization
104,'372,Ireland,3102,Nutrient nitrogen N (total),5610,Import quantity,1975,1975,t,60800.0,X,Data sourced from another international organization
104,'372,Ireland,3102,Nutrient nitrogen N (total),5610,Import quantity,1976,1976,t,90800.0,X,Data sourced from another international organization
104,'372,Ireland,3102,Nutrient nitrogen N (total),5610,Import quantity,1977,1977,t,95500.0,X,Data sourced from another international organization
104,'372,Ireland,3102,Nutrient nitrogen N (total),5610,Import quantity,1978,1978,t,209300.0,X,Data sourced from another international organization
104,'372,Ireland,3102,Nutrient nitrogen N (total),5610,Import quantity,1979,1979,t,143500.0,X,Data sourced from another international organization
104,'372,Ireland,3102,Nutrient nitrogen N (total),5610,Import quantity,1980,1980,t,90000.0,X,Data sourced from another international organization
104,'372,Ireland,3102,Nutrient nitrogen N (total),5610,Import quantity,1981,1981,t,128000.0,X,Data sourced from another international organization
104,'372,Ireland,3102,Nutrient nitrogen N (total),5610,Import quantity,1982,1982,t,136000.0,X,Data sourced from another international organization
104,'372,Ireland,3102,Nutrient nitrogen N (total),5610,Import quantity,1983,1983,t,176000.0,X,Data sourced from another international organization
104,'372,Ireland,3102,Nutrient nitrogen N (total),5610,Import quantity,1984,1984,t,193000.0,X,Data sourced from another international organization
104,'372,Ireland,3102,Nutrient nitrogen N (total),5610,Import quantity,1985,1985,t,217364.0,A,Official data from questionnaire
104,'372,Ireland,3102,Nutrient nitrogen N (total),5610,Import quantity,1986,1986,t,236306.0,X,Data sourced from another international organization
104,'372,Ireland,3102,Nutrient nitrogen N (total),5610,Import quantity,1987,1987,t,229800.0,X,Data sourced from another international organization
104,'372,Ireland,3102,Nutrient nitrogen N (total),5610,Import quantity,1988,1988,t,220000.0,X,Data sourced from another international organization
104,'372,Ireland,3102,Nutrient nitrogen N (total),5610,Import quantity,1989,1989,t,268200.0,X,Data sourced from another international organization
104,'372,Ireland,3102,Nutrient nitrogen N (total),5610,Import quantity,1990,1990,t,217000.0,X,Data sourced from another international organization
104,'372,Ireland,3102,Nutrient nitrogen N (total),5610,Import quantity,1991,1991,t,219300.0,X,Data sourced from another international organization
104,'372,Ireland,3102,Nutrient nitrogen N (total),5610,Import quantity,1992,1992,t,193000.0,X,Data sourced from another international organization
104,'372,Ireland,3102,Nutrient nitrogen N (total),5610,Import quantity,1993,1993,t,205000.0,X,Data sourced from another international organization
104,'372,Ireland,3102,Nutrient nitrogen N (total),5610,Import quantity,1994,1994,t,297000.0,X,Data sourced from another international organization
104,'372,Ireland,3102,Nutrient nitrogen N (total),5610,Import quantity,1995,1995,t,272000.0,X,Data sourced from another international organization
104,'372,Ireland,3102,Nutrient nitrogen N (total),5610,Import quantity,1996,1996,t,257000.0,X,Data sourced from another international organization
104,'372,Ireland,3102,Nutrient nitrogen N (total),5610,Import quantity,1997,1997,t,256000.0,X,Data sourced from another international organization
104,'372,Ireland,3102,Nutrient nitrogen N (total),5610,Import quantity,1998,1998,t,255000.0,X,Data sourced from another international organization
104,'372,Ireland,3102,Nutrient nitrogen N (total),5610,Import quantity,1999,1999,t,311000.0,X,Data sourced from another international organization
104,'372,Ireland,3102,Nutrient nitrogen N (total),5610,Import quantity,2000,2000,t,254000.0,X,Data sourced from another international organization
104,'372,Ireland,3102,Nutrient nitrogen N (total),5610,Import quantity,2001,2001,t,255000.0,X,Data sourced from another international organization
104,'372,Ireland,3102,Nutrient nitrogen N (total),5610,Import quantity,2002,2002,t,236859.88,I,
104,'372,Ireland,3102,Nutrient nitrogen N (total),5610,Import quantity,2003,2003,t,362083.85,I,
104,'372,Ireland,3102,Nutrient nitrogen N (total),5610,Import quantity,2004,2004,t,323564.44,I,
104,'372,Ireland,3102,Nutrient nitrogen N (total),5610,Import quantity,2005,2005,t,358026.6,I,
104,'372,Ireland,3102,Nutrient nitrogen N (total),5610,Import quantity,2006,2006,t,325404.08,I,
104,'372,Ireland,3102,Nutrient nitrogen N (total),5610,Import quantity,2007,2007,t,303760.27,I,
104,'372,Ireland,3102,Nutrient nitrogen N (total),5610,Import quantity,2008,2008,t,335739.44,I,
104,'372,Ireland,3102,Nutrient nitrogen N (total),5610,Import quantity,2009,2009,t,290640.29,I,
104,'372,Ireland,3102,Nutrient nitrogen N (total),5610,Import quantity,2010,2010,t,382971.76,I,
104,'372,Ireland,3102,Nutrient nitrogen N (total),5610,Import quantity,2011,2011,t,331698.01,I,
104,'372,Ireland,3102,Nutrient nitrogen N (total),5610,Import quantity,2012,2012,t,295399.07,I,
104,'372,Ireland,3102,Nutrient nitrogen N (total),5610,Import quantity,2013,2013,t,331423.23,I,
104,'372,Ireland,3102,Nutrient nitrogen N (total),5610,Import quantity,2014,2014,t,313333.88,I,
104,'372,Ireland,3102,Nutrient nitrogen N (total),5610,Import quantity,2015,2015,t,324548.42,I,
104,'372,Ireland,3102,Nutrient nitrogen N (total),5610,Import quantity,2016,2016,t,305158.46,I,
104,'372,Ireland,3102,Nutrient nitrogen N (total),5610,Import quantity,2017,2017,t,344645.98,I,
104,'372,Ireland,3102,Nutrient nitrogen N (total),5610,Import quantity,2018,2018,t,397868.88,I,
104,'372,Ireland,3102,Nutrient nitrogen N (total),5610,Import quantity,2019,2019,t,340977.9,I,
104,'372,Ireland,3102,Nutrient nitrogen N (total),5610,Import quantity,2020,2020,t,381143.69,I,
104,'372,Ireland,3102,Nutrient nitrogen N (total),5610,Import quantity,2021,2021,t,358560.35,I,
104,'372,Ireland,3102,Nutrient nitrogen N (total),5610,Import quantity,2022,2022,t,375191.96,I,
104,'372,Ireland,3102,Nutrient nitrogen N (total),5610,Import quantity,2023,2023,t,251264.19,I,
104,'372,Ireland,3102,Nutrient nitrogen N (total),5910,Export quantity,1965,1965,t,9000.0,X,Data sourced from another international organization
104,'372,Ireland,3102,Nutrient nitrogen N (total),5910,Export quantity,1966,1966,t,1000.0,X,Data sourced from another international organization
104,'372,Ireland,3102,Nutrient nitrogen N (total),5910,Export quantity,1967,1967,t,1000.0,X,Data sourced from another international organization
104,'372,Ireland,3102,Nutrient nitrogen N (total),5910,Export quantity,1968,1968,t,6000.0,X,Data sourced from another international organization
104,'372,Ireland,3102,Nutrient nitrogen N (total),5910,Export quantity,1969,1969,t,3000.0,X,Data sourced from another international organization
104,'372,Ireland,3102,Nutrient nitrogen N (total),5910,Export quantity,1970,1970,t,4000.0,X,Data sourced from another international organization
104,'372,Ireland,3102,Nutrient nitrogen N (total),5910,Export quantity,1971,1971,t,10300.0,X,Data sourced from another international organization
104,'372,Ireland,3102,Nutrient nitrogen N (total),5910,Export quantity,1972,1972,t,9100.0,X,Data sourced from another international organization
104,'372,Ireland,3102,Nutrient nitrogen N (total),5910,Export quantity,1973,1973,t,15700.0,X,Data sourced from another international organization
104,'372,Ireland,3102,Nutrient nitrogen N (total),5910,Export quantity,1974,1974,t,13000.0,X,Data sourced from another international organization
104,'372,Ireland,3102,Nutrient nitrogen N (total),5910,Export quantity,1975,1975,t,7800.0,X,Data sourced from another international organization
104,'372,Ireland,3102,Nutrient nitrogen N (total),5910,Export quantity,1976,1976,t,8800.0,X,Data sourced from another international organization
104,'372,Ireland,3102,Nutrient nitrogen N (total),5910,Export quantity,1977,1977,t,9000.0,X,Data sourced from another international organization
104,'372,Ireland,3102,Nutrient nitrogen N (total),5910,Export quantity,1978,1978,t,4700.0,X,Data sourced from another international organization
104,'372,Ireland,3102,Nutrient nitrogen N (total),5910,Export quantity,1979,1979,t,22600.0,X,Data sourced from another international organization
104,'372,Ireland,3102,Nutrient nitrogen N (total),5910,Export quantity,1980,1980,t,45000.0,X,Data sourced from another international organization
104,'372,Ireland,3102,Nutrient nitrogen N (total),5910,Export quantity,1981,1981,t,58000.0,X,Data sourced from another international organization
104,'372,Ireland,3102,Nutrient nitrogen N (total),5910,Export quantity,1982,1982,t,98000.0,X,Data sourced from another international organization
104,'372,Ireland,3102,Nutrient nitrogen N (total),5910,Export quantity,1983,1983,t,98000.0,X,Data sourced from another international organization
104,'372,Ireland,3102,Nutrient nitrogen N (total),5910,Export quantity,1984,1984,t,104000.0,X,Data sourced from another international organization
104,'372,Ireland,3102,Nutrient nitrogen N (total),5910,Export quantity,1985,1985,t,139000.0,X,Data sourced from another international organization
104,'372,Ireland,3102,Nutrient nitrogen N (total),5910,Export quantity,1986,1986,t,120500.0,X,Data sourced from another international organization
104,'372,Ireland,3102,Nutrient nitrogen N (total),5910,Export quantity,1987,1987,t,119000.0,X,Data sourced from another international organization
104,'372,Ireland,3102,Nutrient nitrogen N (total),5910,Export quantity,1988,1988,t,140000.0,X,Data sourced from another international organization
104,'372,Ireland,3102,Nutrient nitrogen N (total),5910,Export quantity,1989,1989,t,125000.0,X,Data sourced from another international organization
104,'372,Ireland,3102,Nutrient nitrogen N (total),5910,Export quantity,1990,1990,t,120000.0,X,Data sourced from another international organization
104,'372,Ireland,3102,Nutrient nitrogen N (total),5910,Export quantity,1991,1991,t,151200.0,X,Data sourced from another international organization
104,'372,Ireland,3102,Nutrient nitrogen N (total),5910,Export quantity,1992,1992,t,147000.0,X,Data sourced from another international organization
104,'372,Ireland,3102,Nutrient nitrogen N (total),5910,Export quantity,1993,1993,t,139000.0,X,Data sourced from another international organization
104,'372,Ireland,3102,Nutrient nitrogen N (total),5910,Export quantity,1994,1994,t,136000.0,X,Data sourced from another international organization
104,'372,Ireland,3102,Nutrient nitrogen N (total),5910,Export quantity,1995,1995,t,163000.0,X,Data sourced from another international organization
104,'372,Ireland,3102,Nutrient nitrogen N (total),5910,Export quantity,1996,1996,t,112000.0,X,Data sourced from another international organization
104,'372,Ireland,3102,Nutrient nitrogen N (total),5910,Export quantity,1997,1997,t,144000.0,X,Data sourced from another international organization
104,'372,Ireland,3102,Nutrient nitrogen N (total),5910,Export quantity,1998,1998,t,88000.0,X,Data sourced from another international organization
104,'372,Ireland,3102,Nutrient nitrogen N (total),5910,Export quantity,1999,1999,t,73000.0,X,Data sourced from another international organization
104,'372,Ireland,3102,Nutrient nitrogen N (total),5910,Export quantity,2000,2000,t,74000.0,X,Data sourced from another international organization
104,'372,Ireland,3102,Nutrient nitrogen N (total),5910,Export quantity,2001,2001,t,82000.0,X,Data sourced from another international organization
104,'372,Ireland,3102,Nutrient nitrogen N (total),5910,Export quantity,2002,2002,t,96378.15,I,
104,'372,Ireland,3102,Nutrient nitrogen N (total),5910,Export quantity,2003,2003,t,404.01,I,
104,'372,Ireland,3102,Nutrient nitrogen N (total),5910,Export quantity,2004,2004,t,571.28,I,
104,'372,Ireland,3102,Nutrient nitrogen N (total),5910,Export quantity,2005,2005,t,488.1,I,
104,'372,Ireland,3102,Nutrient nitrogen N (total),5910,Export quantity,2006,2006,t,502.22,I,
104,'372,Ireland,3102,Nutrient nitrogen N (total),5910,Export quantity,2007,2007,t,1822.64,I,
104,'372,Ireland,3102,Nutrient nitrogen N (total),5910,Export quantity,2008,2008,t,1584.67,I,
104,'372,Ireland,3102,Nutrient nitrogen N (total),5910,Export quantity,2009,2009,t,1554.84,I,
104,'372,Ireland,3102,Nutrient nitrogen N (total),5910,Export quantity,2010,2010,t,562.17,I,
104,'372,Ireland,3102,Nutrient nitrogen N (total),5910,Export quantity,2011,2011,t,661.42,I,
104,'372,Ireland,3102,Nutrient nitrogen N (total),5910,Export quantity,2012,2012,t,1494.48,I,
104,'372,Ireland,3102,Nutrient nitrogen N (total),5910,Export quantity,2013,2013,t,1529.08,I,
104,'372,Ireland,3102,Nutrient nitrogen N (total),5910,Export quantity,2014,2014,t,1329.73,I,
104,'372,Ireland,3102,Nutrient nitrogen N (total),5910,Export quantity,2015,2015,t,2271.62,I,
104,'372,Ireland,3102,Nutrient nitrogen N (total),5910,Export quantity,2016,2016,t,2528.99,I,
104,'372,Ireland,3102,Nutrient nitrogen N (total),5910,Export quantity,2017,2017,t,4805.77,I,
104,'372,Ireland,3102,Nutrient nitrogen N (total),5910,Export quantity,2018,2018,t,6763.83,I,
104,'372,Ireland,3102,Nutrient nitrogen N (total),5910,Export quantity,2019,2019,t,6710.52,I,
104,'372,Ireland,3102,Nutrient nitrogen N (total),5910,Export quantity,2020,2020,t,4861.16,I,
104,'372,Ireland,3102,Nutrient nitrogen N (total),5910,Export quantity,2021,2021,t,4393.5,I,
104,'372,Ireland,3102,Nutrient nitrogen N (total),5910,Export quantity,2022,2022,t,5807.95,I,
104,'372,Ireland,3102,Nutrient nitrogen N (total),5910,Export quantity,2023,2023,t,5740.78,I,
104,'372,Ireland,3102,Nutrient nitrogen N (total),5157,Agricultural Use,1961,1961,t,28856.0,A,Official data from questionnaire
104,'372,Ireland,3102,Nutrient nitrogen N (total),5157,Agricultural Use,1962,1962,t,33486.0,A,Official data from questionnaire
104,'372,Ireland,3102,Nutrient nitrogen N (total),5157,Agricultural Use,1963,1963,t,34695.0,A,Official data from questionnaire
104,'372,Ireland,3102,Nutrient nitrogen N (total),5157,Agricultural Use,1964,1964,t,29624.0,A,Official data from questionnaire
104,'372,Ireland,3102,Nutrient nitrogen N (total),5157,Agricultural Use,1965,1965,t,31900.0,X,Data sourced from another international organization
104,'372,Ireland,3102,Nutrient nitrogen N (total),5157,Agricultural Use,1966,1966,t,47828.0,A,Official data from questionnaire
104,'372,Ireland,3102,Nutrient nitrogen N (total),5157,Agricultural Use,1967,1967,t,53300.0,A,Official data from questionnaire
104,'372,Ireland,3102,Nutrient nitrogen N (total),5157,Agricultural Use,1968,1968,t,64100.0,A,Official data from questionnaire
104,'372,Ireland,3102,Nutrient nitrogen N (total),5157,Agricultural Use,1969,1969,t,71900.0,A,Official data from questionnaire
104,'372,Ireland,3102,Nutrient nitrogen N (total),5157,Agricultural Use,1970,1970,t,86500.0,A,Official data from questionnaire
104,'372,Ireland,3102,Nutrient nitrogen N (total),5157,Agricultural Use,1971,1971,t,98300.0,A,Official data from questionnaire
104,'372,Ireland,3102,Nutrient nitrogen N (total),5157,Agricultural Use,1972,1972,t,131700.0,A,Official data from questionnaire
104,'372,Ireland,3102,Nutrient nitrogen N (total),5157,Agricultural Use,1973,1973,t,130200.0,A,Official data from questionnaire
104,'372,Ireland,3102,Nutrient nitrogen N (total),5157,Agricultural Use,1974,1974,t,133000.0,A,Official data from questionnaire
104,'372,Ireland,3102,Nutrient nitrogen N (total),5157,Agricultural Use,1975,1975,t,152739.0,A,Official data from questionnaire
104,'372,Ireland,3102,Nutrient nitrogen N (total),5157,Agricultural Use,1976,1976,t,168159.0,A,Official data from questionnaire
104,'372,Ireland,3102,Nutrient nitrogen N (total),5157,Agricultural Use,1977,1977,t,230466.0,A,Official data from questionnaire
104,'372,Ireland,3102,Nutrient nitrogen N (total),5157,Agricultural Use,1978,1978,t,263600.0,X,Data sourced from another international organization
104,'372,Ireland,3102,Nutrient nitrogen N (total),5157,Agricultural Use,1979,1979,t,247500.0,X,Data sourced from another international organization
104,'372,Ireland,3102,Nutrient nitrogen N (total),5157,Agricultural Use,1980,1980,t,275100.0,X,Data sourced from another international organization
104,'372,Ireland,3102,Nutrient nitrogen N (total),5157,Agricultural Use,1981,1981,t,275200.0,X,Data sourced from another international organization
104,'372,Ireland,3102,Nutrient nitrogen N (total),5157,Agricultural Use,1982,1982,t,296000.0,X,Data sourced from another international organization
104,'372,Ireland,3102,Nutrient nitrogen N (total),5157,Agricultural Use,1983,1983,t,331400.0,X,Data sourced from another international organization
104,'372,Ireland,3102,Nutrient nitrogen N (total),5157,Agricultural Use,1984,1984,t,327700.0,X,Data sourced from another international organization
104,'372,Ireland,3102,Nutrient nitrogen N (total),5157,Agricultural Use,1985,1985,t,322733.0,X,Data sourced from another international organization
104,'372,Ireland,3102,Nutrient nitrogen N (total),5157,Agricultural Use,1986,1986,t,371663.0,X,Data sourced from another international organization
104,'372,Ireland,3102,Nutrient nitrogen N (total),5157,Agricultural Use,1987,1987,t,339300.0,X,Data sourced from another international organization
104,'372,Ireland,3102,Nutrient nitrogen N (total),5157,Agricultural Use,1988,1988,t,349000.0,X,Data sourced from another international organization
104,'372,Ireland,3102,Nutrient nitrogen N (total),5157,Agricultural Use,1989,1989,t,378500.0,X,Data sourced from another international organization
104,'372,Ireland,3102,Nutrient nitrogen N (total),5157,Agricultural Use,1990,1990,t,370000.0,X,Data sourced from another international organization
104,'372,Ireland,3102,Nutrient nitrogen N (total),5157,Agricultural Use,1991,1991,t,347900.0,X,Data sourced from another international organization
104,'372,Ireland,3102,Nutrient nitrogen N (total),5157,Agricultural Use,1992,1992,t,353000.0,X,Data sourced from another international organization
104,'372,Ireland,3102,Nutrient nitrogen N (total),5157,Agricultural Use,1993,1993,t,404000.0,X,Data sourced from another international organization
104,'372,Ireland,3102,Nutrient nitrogen N (total),5157,Agricultural Use,1994,1994,t,433000.0,X,Data sourced from another international organization
104,'372,Ireland,3102,Nutrient nitrogen N (total),5157,Agricultural Use,1995,1995,t,425000.0,X,Data sourced from another international organization
104,'372,Ireland,3102,Nutrient nitrogen N (total),5157,Agricultural Use,1996,1996,t,394000.0,X,Data sourced from another international organization
104,'372,Ireland,3102,Nutrient nitrogen N (total),5157,Agricultural Use,1997,1997,t,397000.0,X,Data sourced from another international organization
104,'372,Ireland,3102,Nutrient nitrogen N (total),5157,Agricultural Use,1998,1998,t,444000.0,X,Data sourced from another international organization
104,'372,Ireland,3102,Nutrient nitrogen N (total),5157,Agricultural Use,1999,1999,t,429000.0,X,Data sourced from another international organization
104,'372,Ireland,3102,Nutrient nitrogen N (total),5157,Agricultural Use,2000,2000,t,368410.0,A,Official data from questionnaire
104,'372,Ireland,3102,Nutrient nitrogen N (total),5157,Agricultural Use,2001,2001,t,366000.0,X,Data sourced from another international organization
104,'372,Ireland,3102,Nutrient nitrogen N (total),5157,Agricultural Use,2002,2002,t,363513.0,A,Data sourced from Eurostat
104,'372,Ireland,3102,Nutrient nitrogen N (total),5157,Agricultural Use,2003,2003,t,391200.0,E,
104,'372,Ireland,3102,Nutrient nitrogen N (total),5157,Agricultural Use,2004,2004,t,352165.0,A,Official data from questionnaire
104,'372,Ireland,3102,Nutrient nitrogen N (total),5157,Agricultural Use,2005,2005,t,345154.0,A,Official data from questionnaire
104,'372,Ireland,3102,Nutrient nitrogen N (total),5157,Agricultural Use,2006,2006,t,321588.0,A,Official data from questionnaire
104,'372,Ireland,3102,Nutrient nitrogen N (total),5157,Agricultural Use,2007,2007,t,308960.0,A,Official data from questionnaire
104,'372,Ireland,3102,Nutrient nitrogen N (total),5157,Agricultural Use,2008,2008,t,306806.0,A,Official data from questionnaire
104,'372,Ireland,3102,Nutrient nitrogen N (total),5157,Agricultural Use,2009,2009,t,362395.0,A,Official data from questionnaire
104,'372,Ireland,3102,Nutrient nitrogen N (total),5157,Agricultural Use,2010,2010,t,313649.0,A,Official data from questionnaire
104,'372,Ireland,3102,Nutrient nitrogen N (total),5157,Agricultural Use,2011,2011,t,296536.0,A,Official data from questionnaire
104,'372,Ireland,3102,Nutrient nitrogen N (total),5157,Agricultural Use,2012,2012,t,353044.0,A,Official data collected from national publication
104,'372,Ireland,3102,Nutrient nitrogen N (total),5157,Agricultural Use,2013,2013,t,331782.0,A,Official data from questionnaire
104,'372,Ireland,3102,Nutrient nitrogen N (total),5157,Agricultural Use,2014,2014,t,331782.0,A,Data sourced from Eurostat
104,'372,Ireland,3102,Nutrient nitrogen N (total),5157,Agricultural Use,2015,2015,t,330959.0,A,Data sourced from Eurostat
104,'372,Ireland,3102,Nutrient nitrogen N (total),5157,Agricultural Use,2016,2016,t,339104.0,A,Data sourced from Eurostat
104,'372,Ireland,3102,Nutrient nitrogen N (total),5157,Agricultural Use,2017,2017,t,369089.0,A,Data sourced from Eurostat
104,'372,Ireland,3102,Nutrient nitrogen N (total),5157,Agricultural Use,2018,2018,t,408495.0,A,Data sourced from Eurostat
104,'372,Ireland,3102,Nutrient nitrogen N (total),5157,Agricultural Use,2019,2019,t,367364.0,A,Data sourced from Eurostat
104,'372,Ireland,3102,Nutrient nitrogen N (total),5157,Agricultural Use,2020,2020,t,379519.0,A,Data sourced from Eurostat
104,'372,Ireland,3102,Nutrient nitrogen N (total),5157,Agricultural Use,2021,2021,t,399164.0,A,Data sourced from Eurostat
104,'372,Ireland,3102,Nutrient nitrogen N (total),5157,Agricultural Use,2022,2022,t,343193.0,A,Official data from questionnaire
104,'372,Ireland,3102,Nutrient nitrogen N (total),5157,Agricultural Use,2023,2023,t,280569.0,A,Official data from questionnaire
104,'372,Ireland,3102,Nutrient nitrogen N (total),5159,Use per area of cropland,1961,1961,kg/ha,12.76,E,
104,'372,Ireland,3102,Nutrient nitrogen N (total),5159,Use per area of cropland,1962,1962,kg/ha,14.81,E,
104,'372,Ireland,3102,Nutrient nitrogen N (total),5159,Use per area of cropland,1963,1963,kg/ha,15.34,E,
104,'372,Ireland,3102,Nutrient nitrogen N (total),5159,Use per area of cropland,1964,1964,kg/ha,13.1,E,
104,'372,Ireland,3102,Nutrient nitrogen N (total),5159,Use per area of cropland,1965,1965,kg/ha,14.1,E,
104,'372,Ireland,3102,Nutrient nitrogen N (total),5159,Use per area of cropland,1966,1966,kg/ha,21.15,E,
104,'372,Ireland,3102,Nutrient nitrogen N (total),5159,Use per area of cropland,1967,1967,kg/ha,23.57,E,
104,'372,Ireland,3102,Nutrient nitrogen N (total),5159,Use per area of cropland,1968,1968,kg/ha,28.34,E,
104,'372,Ireland,3102,Nutrient nitrogen N (total),5159,Use per area of cropland,1969,1969,kg/ha,31.79,E,
104,'372,Ireland,3102,Nutrient nitrogen N (total),5159,Use per area of cropland,1970,1970,kg/ha,38.24,E,
104,'372,Ireland,3102,Nutrient nitrogen N (total),5159,Use per area of cropland,1971,1971,kg/ha,43.46,E,
104,'372,Ireland,3102,Nutrient nitrogen N (total),5159,Use per area of cropland,1972,1972,kg/ha,58.23,E,
104,'372,Ireland,3102,Nutrient nitrogen N (total),5159,Use per area of cropland,1973,1973,kg/ha,57.57,E,
104,'372,Ireland,3102,Nutrient nitrogen N (total),5159,Use per area of cropland,1974,1974,kg/ha,58.8,E,
104,'372,Ireland,3102,Nutrient nitrogen N (total),5159,Use per area of cropland,1975,1975,kg/ha,67.53,E,
104,'372,Ireland,3102,Nutrient nitrogen N (total),5159,Use per area of cropland,1976,1976,kg/ha,74.35,E,
104,'372,Ireland,3102,Nutrient nitrogen N (total),5159,Use per area of cropland,1977,1977,kg/ha,101.9,E,
104,'372,Ireland,3102,Nutrient nitrogen N (total),5159,Use per area of cropland,1978,1978,kg/ha,116.55,E,
104,'372,Ireland,3102,Nutrient nitrogen N (total),5159,Use per area of cropland,1979,1979,kg/ha,109.43,E,
104,'372,Ireland,3102,Nutrient nitrogen N (total),5159,Use per area of cropland,1980,1980,kg/ha,121.63,E,
104,'372,Ireland,3102,Nutrient nitrogen N (total),5159,Use per area of cropland,1981,1981,kg/ha,121.68,E,
104,'372,Ireland,3102,Nutrient nitrogen N (total),5159,Use per area of cropland,1982,1982,kg/ha,130.87,E,
104,'372,Ireland,3102,Nutrient nitrogen N (total),5159,Use per area of cropland,1983,1983,kg/ha,146.52,E,
104,'372,Ireland,3102,Nutrient nitrogen N (total),5159,Use per area of cropland,1984,1984,kg/ha,144.89,E,
104,'372,Ireland,3102,Nutrient nitrogen N (total),5159,Use per area of cropland,1985,1985,kg/ha,142.69,E,
104,'372,Ireland,3102,Nutrient nitrogen N (total),5159,Use per area of cropland,1986,1986,kg/ha,164.33,E,
104,'372,Ireland,3102,Nutrient nitrogen N (total),5159,Use per area of cropland,1987,1987,kg/ha,150.02,E,
104,'372,Ireland,3102,Nutrient nitrogen N (total),5159,Use per area of cropland,1988,1988,kg/ha,154.31,E,
104,'372,Ireland,3102,Nutrient nitrogen N (total),5159,Use per area of cropland,1989,1989,kg/ha,167.35,E,
104,'372,Ireland,3102,Nutrient nitrogen N (total),5159,Use per area of cropland,1990,1990,kg/ha,163.59,E,
104,'372,Ireland,3102,Nutrient nitrogen N (total),5159,Use per area of cropland,1991,1991,kg/ha,153.82,E,
104,'372,Ireland,3102,Nutrient nitrogen N (total),5159,Use per area of cropland,1992,1992,kg/ha,156.07,E,
104,'372,Ireland,3102,Nutrient nitrogen N (total),5159,Use per area of cropland,1993,1993,kg/ha,178.62,E,
104,'372,Ireland,3102,Nutrient nitrogen N (total),5159,Use per area of cropland,1994,1994,kg/ha,191.45,E,
104,'372,Ireland,3102,Nutrient nitrogen N (total),5159,Use per area of cropland,1995,1995,kg/ha,187.91,E,
104,'372,Ireland,3102,Nutrient nitrogen N (total),5159,Use per area of cropland,1996,1996,kg/ha,174.2,E,
104,'372,Ireland,3102,Nutrient nitrogen N (total),5159,Use per area of cropland,1997,1997,kg/ha,175.53,E,
104,'372,Ireland,3102,Nutrient nitrogen N (total),5159,Use per area of cropland,1998,1998,kg/ha,196.31,E,
104,'372,Ireland,3102,Nutrient nitrogen N (total),5159,Use per area of cropland,1999,1999,kg/ha,189.68,E,
104,'372,Ireland,3102,Nutrient nitrogen N (total),5159,Use per area of cropland,2000,2000,kg/ha,162.89,E,
104,'372,Ireland,3102,Nutrient nitrogen N (total),5159,Use per area of cropland,2001,2001,kg/ha,161.82,E,
104,'372,Ireland,3102,Nutrient nitrogen N (total),5159,Use per area of cropland,2002,2002,kg/ha,160.72,E,
104,'372,Ireland,3102,Nutrient nitrogen N (total),5159,Use per area of cropland,2003,2003,kg/ha,168.74,E,
104,'372,Ireland,3102,Nutrient nitrogen N (total),5159,Use per area of cropland,2004,2004,kg/ha,154.68,E,
104,'372,Ireland,3102,Nutrient nitrogen N (total),5159,Use per area of cropland,2005,2005,kg/ha,161.45,E,
104,'372,Ireland,3102,Nutrient nitrogen N (total),5159,Use per area of cropland,2006,2006,kg/ha,157.35,E,
104,'372,Ireland,3102,Nutrient nitrogen N (total),5159,Use per area of cropland,2007,2007,kg/ha,151.69,E,
104,'372,Ireland,3102,Nutrient nitrogen N (total),5159,Use per area of cropland,2008,2008,kg/ha,144.5,E,
104,'372,Ireland,3102,Nutrient nitrogen N (total),5159,Use per area of cropland,2009,2009,kg/ha,179.02,E,
104,'372,Ireland,3102,Nutrient nitrogen N (total),5159,Use per area of cropland,2010,2010,kg/ha,163.64,E,
104,'372,Ireland,3102,Nutrient nitrogen N (total),5159,Use per area of cropland,2011,2011,kg/ha,148.22,E,
104,'372,Ireland,3102,Nutrient nitrogen N (total),5159,Use per area of cropland,2012,2012,kg/ha,167.9,E,
104,'372,Ireland,3102,Nutrient nitrogen N (total),5159,Use per area of cropland,2013,2013,kg/ha,160.64,E,
104,'372,Ireland,3102,Nutrient nitrogen N (total),5159,Use per area of cropland,2014,2014,kg/ha,163.69,E,
104,'372,Ireland,3102,Nutrient nitrogen N (total),5159,Use per area of cropland,2015,2015,kg/ha,167.67,E,
104,'372,Ireland,3102,Nutrient nitrogen N (total),5159,Use per area of cropland,2016,2016,kg/ha,168.82,E,
104,'372,Ireland,3102,Nutrient nitrogen N (total),5159,Use per area of cropland,2017,2017,kg/ha,183.75,E,
104,'372,Ireland,3102,Nutrient nitrogen N (total),5159,Use per area of cropland,2018,2018,kg/ha,207.86,E,
104,'372,Ireland,3102,Nutrient nitrogen N (total),5159,Use per area of cropland,2019,2019,kg/ha,190.3,E,
104,'372,Ireland,3102,Nutrient nitrogen N (total),5159,Use per area of cropland,2020,2020,kg/ha,196.16,E,
104,'372,Ireland,3102,Nutrient nitrogen N (total),5159,Use per area of cropland,2021,2021,kg/ha,210.09,E,
104,'372,Ireland,3102,Nutrient nitrogen N (total),5159,Use per area of cropland,2022,2022,kg/ha,176.59,E,
104,'372,Ireland,3102,Nutrient nitrogen N (total),5159,Use per area of cropland,2023,2023,kg/ha,146.33,E,
104,'372,Ireland,3102,Nutrient nitrogen N (total),5172,Use per capita,1961,1961,kg/cap,10.22,E,
104,'372,Ireland,3102,Nutrient nitrogen N (total),5172,Use per capita,1962,1962,kg/cap,11.83,E,
104,'372,Ireland,3102,Nutrient nitrogen N (total),5172,Use per capita,1963,1963,kg/cap,12.2,E,
104,'372,Ireland,3102,Nutrient nitrogen N (total),5172,Use per capita,1964,1964,kg/cap,10.37,E,
104,'372,Ireland,3102,Nutrient nitrogen N (total),5172,Use per capita,1965,1965,kg/cap,11.1,E,
104,'372,Ireland,3102,Nutrient nitrogen N (total),5172,Use per capita,1966,1966,kg/cap,16.56,E,
104,'372,Ireland,3102,Nutrient nitrogen N (total),5172,Use per capita,1967,1967,kg/cap,18.35,E,
104,'372,Ireland,3102,Nutrient nitrogen N (total),5172,Use per capita,1968,1968,kg/cap,21.93,E,
104,'372,Ireland,3102,Nutrient nitrogen N (total),5172,Use per capita,1969,1969,kg/cap,24.45,E,
104,'372,Ireland,3102,Nutrient nitrogen N (total),5172,Use per capita,1970,1970,kg/cap,29.21,E,
104,'372,Ireland,3102,Nutrient nitrogen N (total),5172,Use per capita,1971,1971,kg/cap,32.84,E,
104,'372,Ireland,3102,Nutrient nitrogen N (total),5172,Use per capita,1972,1972,kg/cap,43.36,E,
104,'372,Ireland,3102,Nutrient nitrogen N (total),5172,Use per capita,1973,1973,kg/cap,42.21,E,
104,'372,Ireland,3102,Nutrient nitrogen N (total),5172,Use per capita,1974,1974,kg/cap,42.46,E,
104,'372,Ireland,3102,Nutrient nitrogen N (total),5172,Use per capita,1975,1975,kg/cap,48.03,E,
104,'372,Ireland,3102,Nutrient nitrogen N (total),5172,Use per capita,1976,1976,kg/cap,52.09,E,
104,'372,Ireland,3102,Nutrient nitrogen N (total),5172,Use per capita,1977,1977,kg/cap,70.31,E,
104,'372,Ireland,3102,Nutrient nitrogen N (total),5172,Use per capita,1978,1978,kg/cap,79.18,E,
104,'372,Ireland,3102,Nutrient nitrogen N (total),5172,Use per capita,1979,1979,kg/cap,73.32,E,
104,'372,Ireland,3102,Nutrient nitrogen N (total),5172,Use per capita,1980,1980,kg/cap,80.55,E,
104,'372,Ireland,3102,Nutrient nitrogen N (total),5172,Use per capita,1981,1981,kg/cap,79.8,E,
104,'372,Ireland,3102,Nutrient nitrogen N (total),5172,Use per capita,1982,1982,kg/cap,85.17,E,
104,'372,Ireland,3102,Nutrient nitrogen N (total),5172,Use per capita,1983,1983,kg/cap,94.75,E,
104,'372,Ireland,3102,Nutrient nitrogen N (total),5172,Use per capita,1984,1984,kg/cap,93.2,E,
104,'372,Ireland,3102,Nutrient nitrogen N (total),5172,Use per capita,1985,1985,kg/cap,91.39,E,
104,'372,Ireland,3102,Nutrient nitrogen N (total),5172,Use per capita,1986,1986,kg/cap,104.93,E,
104,'372,Ireland,3102,Nutrient nitrogen N (total),5172,Use per capita,1987,1987,kg/cap,95.84,E,
104,'372,Ireland,3102,Nutrient nitrogen N (total),5172,Use per capita,1988,1988,kg/cap,99.0,E,
104,'372,Ireland,3102,Nutrient nitrogen N (total),5172,Use per capita,1989,1989,kg/cap,107.8,E,
104,'372,Ireland,3102,Nutrient nitrogen N (total),5172,Use per capita,1990,1990,kg/cap,105.29,E,
104,'372,Ireland,3102,Nutrient nitrogen N (total),5172,Use per capita,1991,1991,kg/cap,98.44,E,
104,'372,Ireland,3102,Nutrient nitrogen N (total),5172,Use per capita,1992,1992,kg/cap,99.2,E,
104,'372,Ireland,3102,Nutrient nitrogen N (total),5172,Use per capita,1993,1993,kg/cap,112.97,E,
104,'372,Ireland,3102,Nutrient nitrogen N (total),5172,Use per capita,1994,1994,kg/cap,120.61,E,
104,'372,Ireland,3102,Nutrient nitrogen N (total),5172,Use per capita,1995,1995,kg/cap,117.71,E,
104,'372,Ireland,3102,Nutrient nitrogen N (total),5172,Use per capita,1996,1996,kg/cap,108.29,E,
104,'372,Ireland,3102,Nutrient nitrogen N (total),5172,Use per capita,1997,1997,kg/cap,108.11,E,
104,'372,Ireland,3102,Nutrient nitrogen N (total),5172,Use per capita,1998,1998,kg/cap,119.64,E,
104,'372,Ireland,3102,Nutrient nitrogen N (total),5172,Use per capita,1999,1999,kg/cap,114.31,E,
104,'372,Ireland,3102,Nutrient nitrogen N (total),5172,Use per capita,2000,2000,kg/cap,96.88,E,
104,'372,Ireland,3102,Nutrient nitrogen N (total),5172,Use per capita,2001,2001,kg/cap,94.75,E,
104,'372,Ireland,3102,Nutrient nitrogen N (total),5172,Use per capita,2002,2002,kg/cap,92.53,E,
104,'372,Ireland,3102,Nutrient nitrogen N (total),5172,Use per capita,2003,2003,kg/cap,97.97,E,
104,'372,Ireland,3102,Nutrient nitrogen N (total),5172,Use per capita,2004,2004,kg/cap,86.61,E,
104,'372,Ireland,3102,Nutrient nitrogen N (total),5172,Use per capita,2005,2005,kg/cap,83.06,E,
104,'372,Ireland,3102,Nutrient nitrogen N (total),5172,Use per capita,2006,2006,kg/cap,75.33,E,
104,'372,Ireland,3102,Nutrient nitrogen N (total),5172,Use per capita,2007,2007,kg/cap,70.32,E,
104,'372,Ireland,3102,Nutrient nitrogen N (total),5172,Use per capita,2008,2008,kg/cap,68.39,E,
104,'372,Ireland,3102,Nutrient nitrogen N (total),5172,Use per capita,2009,2009,kg/cap,79.93,E,
104,'372,Ireland,3102,Nutrient nitrogen N (total),5172,Use per capita,2010,2010,kg/cap,68.8,E,
104,'372,Ireland,3102,Nutrient nitrogen N (total),5172,Use per capita,2011,2011,kg/cap,64.75,E,
104,'372,Ireland,3102,Nutrient nitrogen N (total),5172,Use per capita,2012,2012,kg/cap,76.75,E,
104,'372,Ireland,3102,Nutrient nitrogen N (total),5172,Use per capita,2013,2013,kg/cap,71.74,E,
104,'372,Ireland,3102,Nutrient nitrogen N (total),5172,Use per capita,2014,2014,kg/cap,71.22,E,
104,'372,Ireland,3102,Nutrient nitrogen N (total),5172,Use per capita,2015,2015,kg/cap,70.38,E,
104,'372,Ireland,3102,Nutrient nitrogen N (total),5172,Use per capita,2016,2016,kg/cap,71.34,E,
104,'372,Ireland,3102,Nutrient nitrogen N (total),5172,Use per capita,2017,2017,kg/cap,76.73,E,
104,'372,Ireland,3102,Nutrient nitrogen N (total),5172,Use per capita,2018,2018,kg/cap,83.84,E,
104,'372,Ireland,3102,Nutrient nitrogen N (total),5172,Use per capita,2019,2019,kg/cap,74.46,E,
104,'372,Ireland,3102,Nutrient nitrogen N (total),5172,Use per capita,2020,2020,kg/cap,76.17,E,
104,'372,Ireland,3102,Nutrient nitrogen N (total),5172,Use per capita,2021,2021,kg/cap,79.38,E,
104,'372,Ireland,3102,Nutrient nitrogen N (total),5172,Use per capita,2022,2022,kg/cap,67.16,E,
104,'372,Ireland,3102,Nutrient nitrogen N (total),5172,Use per capita,2023,2023,kg/cap,53.99,E,
104,'372,Ireland,3102,Nutrient nitrogen N (total),5173,Use per value of agricultural production,1961,1961,g/Int$,9.44,E,
104,'372,Ireland,3102,Nutrient nitrogen N (total),5173,Use per value of agricultural production,1962,1962,g/Int$,10.87,E,
104,'372,Ireland,3102,Nutrient nitrogen N (total),5173,Use per value of agricultural production,1963,1963,g/Int$,11.44,E,
104,'372,Ireland,3102,Nutrient nitrogen N (total),5173,Use per value of agricultural production,1964,1964,g/Int$,10.31,E,
104,'372,Ireland,3102,Nutrient nitrogen N (total),5173,Use per value of agricultural production,1965,1965,g/Int$,10.74,E,
104,'372,Ireland,3102,Nutrient nitrogen N (total),5173,Use per value of agricultural production,1966,1966,g/Int$,15.51,E,
104,'372,Ireland,3102,Nutrient nitrogen N (total),5173,Use per value of agricultural production,1967,1967,g/Int$,14.92,E,
104,'372,Ireland,3102,Nutrient nitrogen N (total),5173,Use per value of agricultural production,1968,1968,g/Int$,17.96,E,
104,'372,Ireland,3102,Nutrient nitrogen N (total),5173,Use per value of agricultural production,1969,1969,g/Int$,20.13,E,
104,'372,Ireland,3102,Nutrient nitrogen N (total),5173,Use per value of agricultural production,1970,1970,g/Int$,23.97,E,
104,'372,Ireland,3102,Nutrient nitrogen N (total),5173,Use per value of agricultural production,1971,1971,g/Int$,25.64,E,
104,'372,Ireland,3102,Nutrient nitrogen N (total),5173,Use per value of agricultural production,1972,1972,g/Int$,36.15,E,
104,'372,Ireland,3102,Nutrient nitrogen N (total),5173,Use per value of agricultural production,1973,1973,g/Int$,34.84,E,
104,'372,Ireland,3102,Nutrient nitrogen N (total),5173,Use per value of agricultural production,1974,1974,g/Int$,31.74,E,
104,'372,Ireland,3102,Nutrient nitrogen N (total),5173,Use per value of agricultural production,1975,1975,g/Int$,33.34,E,
104,'372,Ireland,3102,Nutrient nitrogen N (total),5173,Use per value of agricultural production,1976,1976,g/Int$,38.82,E,
104,'372,Ireland,3102,Nutrient nitrogen N (total),5173,Use per value of agricultural production,1977,1977,g/Int$,46.86,E,
104,'372,Ireland,3102,Nutrient nitrogen N (total),5173,Use per value of agricultural production,1978,1978,g/Int$,52.39,E,
104,'372,Ireland,3102,Nutrient nitrogen N (total),5173,Use per value of agricultural production,1979,1979,g/Int$,48.45,E,
104,'372,Ireland,3102,Nutrient nitrogen N (total),5173,Use per value of agricultural production,1980,1980,g/Int$,51.58,E,
104,'372,Ireland,3102,Nutrient nitrogen N (total),5173,Use per value of agricultural production,1981,1981,g/Int$,58.63,E,
104,'372,Ireland,3102,Nutrient nitrogen N (total),5173,Use per value of agricultural production,1982,1982,g/Int$,58.21,E,
104,'372,Ireland,3102,Nutrient nitrogen N (total),5173,Use per value of agricultural production,1983,1983,g/Int$,63.8,E,
104,'372,Ireland,3102,Nutrient nitrogen N (total),5173,Use per value of agricultural production,1984,1984,g/Int$,57.67,E,
104,'372,Ireland,3102,Nutrient nitrogen N (total),5173,Use per value of agricultural production,1985,1985,g/Int$,55.52,E,
104,'372,Ireland,3102,Nutrient nitrogen N (total),5173,Use per value of agricultural production,1986,1986,g/Int$,62.44,E,
104,'372,Ireland,3102,Nutrient nitrogen N (total),5173,Use per value of agricultural production,1987,1987,g/Int$,57.43,E,
104,'372,Ireland,3102,Nutrient nitrogen N (total),5173,Use per value of agricultural production,1988,1988,g/Int$,60.91,E,
104,'372,Ireland,3102,Nutrient nitrogen N (total),5173,Use per value of agricultural production,1989,1989,g/Int$,67.03,E,
104,'372,Ireland,3102,Nutrient nitrogen N (total),5173,Use per value of agricultural production,1990,1990,g/Int$,59.48,E,
104,'372,Ireland,3102,Nutrient nitrogen N (total),5173,Use per value of agricultural production,1991,1991,g/Int$,54.31,E,
104,'372,Ireland,3102,Nutrient nitrogen N (total),5173,Use per value of agricultural production,1992,1992,g/Int$,54.19,E,
104,'372,Ireland,3102,Nutrient nitrogen N (total),5173,Use per value of agricultural production,1993,1993,g/Int$,64.34,E,
104,'372,Ireland,3102,Nutrient nitrogen N (total),5173,Use per value of agricultural production,1994,1994,g/Int$,72.29,E,
104,'372,Ireland,3102,Nutrient nitrogen N (total),5173,Use per value of agricultural production,1995,1995,g/Int$,69.29,E,
104,'372,Ireland,3102,Nutrient nitrogen N (total),5173,Use per value of agricultural production,1996,1996,g/Int$,60.94,E,
104,'372,Ireland,3102,Nutrient nitrogen N (total),5173,Use per value of agricultural production,1997,1997,g/Int$,61.53,E,
104,'372,Ireland,3102,Nutrient nitrogen N (total),5173,Use per value of agricultural production,1998,1998,g/Int$,67.17,E,
104,'372,Ireland,3102,Nutrient nitrogen N (total),5173,Use per value of agricultural production,1999,1999,g/Int$,61.83,E,
104,'372,Ireland,3102,Nutrient nitrogen N (total),5173,Use per value of agricultural production,2000,2000,g/Int$,55.87,E,
104,'372,Ireland,3102,Nutrient nitrogen N (total),5173,Use per value of agricultural production,2001,2001,g/Int$,54.73,E,
104,'372,Ireland,3102,Nutrient nitrogen N (total),5173,Use per value of agricultural production,2002,2002,g/Int$,56.91,E,
104,'372,Ireland,3102,Nutrient nitrogen N (total),5173,Use per value of agricultural production,2003,2003,g/Int$,60.31,E,
104,'372,Ireland,3102,Nutrient nitrogen N (total),5173,Use per value of agricultural production,2004,2004,g/Int$,53.47,E,
104,'372,Ireland,3102,Nutrient nitrogen N (total),5173,Use per value of agricultural production,2005,2005,g/Int$,54.96,E,
104,'372,Ireland,3102,Nutrient nitrogen N (total),5173,Use per value of agricultural production,2006,2006,g/Int$,51.67,E,
104,'372,Ireland,3102,Nutrient nitrogen N (total),5173,Use per value of agricultural production,2007,2007,g/Int$,48.69,E,
104,'372,Ireland,3102,Nutrient nitrogen N (total),5173,Use per value of agricultural production,2008,2008,g/Int$,49.72,E,
104,'372,Ireland,3102,Nutrient nitrogen N (total),5173,Use per value of agricultural production,2009,2009,g/Int$,60.03,E,
104,'372,Ireland,3102,Nutrient nitrogen N (total),5173,Use per value of agricultural production,2010,2010,g/Int$,49.88,E,
104,'372,Ireland,3102,Nutrient nitrogen N (total),5173,Use per value of agricultural production,2011,2011,g/Int$,45.9,E,
104,'372,Ireland,3102,Nutrient nitrogen N (total),5173,Use per value of agricultural production,2012,2012,g/Int$,57.89,E,
104,'372,Ireland,3102,Nutrient nitrogen N (total),5173,Use per value of agricultural production,2013,2013,g/Int$,51.89,E,
104,'372,Ireland,3102,Nutrient nitrogen N (total),5173,Use per value of agricultural production,2014,2014,g/Int$,48.56,E,
104,'372,Ireland,3102,Nutrient nitrogen N (total),5173,Use per value of agricultural production,2015,2015,g/Int$,46.34,E,
104,'372,Ireland,3102,Nutrient nitrogen N (total),5173,Use per value of agricultural production,2016,2016,g/Int$,46.3,E,
104,'372,Ireland,3102,Nutrient nitrogen N (total),5173,Use per value of agricultural production,2017,2017,g/Int$,46.93,E,
104,'372,Ireland,3102,Nutrient nitrogen N (total),5173,Use per value of agricultural production,2018,2018,g/Int$,52.41,E,
104,'372,Ireland,3102,Nutrient nitrogen N (total),5173,Use per value of agricultural production,2019,2019,g/Int$,45.38,E,
104,'372,Ireland,3102,Nutrient nitrogen N (total),5173,Use per value of agricultural production,2020,2020,g/Int$,46.22,E,
104,'372,Ireland,3102,Nutrient nitrogen N (total),5173,Use per value of agricultural production,2021,2021,g/Int$,47.5,E,
104,'372,Ireland,3102,Nutrient nitrogen N (total),5173,Use per value of agricultural production,2022,2022,g/Int$,40.03,E,
104,'372,Ireland,3102,Nutrient nitrogen N (total),5173,Use per value of agricultural production,2023,2023,g/Int$,34.39,E,
104,'372,Ireland,3103,Nutrient phosphate P2O5 (total),5510,Production,1961,1961,t,64308.0,A,Official data from questionnaire
104,'372,Ireland,3103,Nutrient phosphate P2O5 (total),5510,Production,1962,1962,t,71141.0,A,Official data from questionnaire
104,'372,Ireland,3103,Nutrient phosphate P2O5 (total),5510,Production,1963,1963,t,72728.0,A,Official data from questionnaire
104,'372,Ireland,3103,Nutrient phosphate P2O5 (total),5510,Production,1964,1964,t,69330.0,A,Official data from questionnaire
104,'372,Ireland,3103,Nutrient phosphate P2O5 (total),5510,Production,1965,1965,t,82702.0,A,Official data from questionnaire
104,'372,Ireland,3103,Nutrient phosphate P2O5 (total),5510,Production,1966,1966,t,85000.0,X,Data sourced from another international organization
104,'372,Ireland,3103,Nutrient phosphate P2O5 (total),5510,Production,1967,1967,t,100000.0,X,Data sourced from another international organization
104,'372,Ireland,3103,Nutrient phosphate P2O5 (total),5510,Production,1968,1968,t,110000.0,X,Data sourced from another international organization
104,'372,Ireland,3103,Nutrient phosphate P2O5 (total),5510,Production,1969,1969,t,120000.0,X,Data sourced from another international organization
104,'372,Ireland,3103,Nutrient phosphate P2O5 (total),5510,Production,1970,1970,t,114000.0,X,Data sourced from another international organization
104,'372,Ireland,3103,Nutrient phosphate P2O5 (total),5510,Production,1971,1971,t,118000.0,X,Data sourced from another international organization
104,'372,Ireland,3103,Nutrient phosphate P2O5 (total),5510,Production,1972,1972,t,136200.0,X,Data sourced from another international organization
104,'372,Ireland,3103,Nutrient phosphate P2O5 (total),5510,Production,1973,1973,t,154800.0,X,Data sourced from another international organization
104,'372,Ireland,3103,Nutrient phosphate P2O5 (total),5510,Production,1974,1974,t,90500.0,X,Data sourced from another international organization
104,'372,Ireland,3103,Nutrient phosphate P2O5 (total),5510,Production,1975,1975,t,89100.0,X,Data sourced from another international organization
104,'372,Ireland,3103,Nutrient phosphate P2O5 (total),5510,Production,1976,1976,t,78600.0,X,Data sourced from another international organization
104,'372,Ireland,3103,Nutrient phosphate P2O5 (total),5510,Production,1977,1977,t,95200.0,X,Data sourced from another international organization
104,'372,Ireland,3103,Nutrient phosphate P2O5 (total),5510,Production,1978,1978,t,49700.0,X,Data sourced from another international organization
104,'372,Ireland,3103,Nutrient phosphate P2O5 (total),5510,Production,1979,1979,t,41600.0,X,Data sourced from another international organization
104,'372,Ireland,3103,Nutrient phosphate P2O5 (total),5510,Production,1980,1980,t,44000.0,X,Data sourced from another international organization
104,'372,Ireland,3103,Nutrient phosphate P2O5 (total),5510,Production,1981,1981,t,37300.0,X,Data sourced from another international organization
104,'372,Ireland,3103,Nutrient phosphate P2O5 (total),5510,Production,1982,1982,t,13600.0,X,Data sourced from another international organization
104,'372,Ireland,3103,Nutrient phosphate P2O5 (total),5510,Production,1983,1983,t,15300.0,X,Data sourced from another international organization
104,'372,Ireland,3103,Nutrient phosphate P2O5 (total),5510,Production,2002,2002,t,0.0,A,Official data from questionnaire
104,'372,Ireland,3103,Nutrient phosphate P2O5 (total),5510,Production,2003,2003,t,0.0,A,Official data from questionnaire
104,'372,Ireland,3103,Nutrient phosphate P2O5 (total),5510,Production,2004,2004,t,0.0,A,Official data from questionnaire
104,'372,Ireland,3103,Nutrient phosphate P2O5 (total),5510,Production,2005,2005,t,0.0,A,Official data from questionnaire
104,'372,Ireland,3103,Nutrient phosphate P2O5 (total),5510,Production,2006,2006,t,0.0,A,Official data from questionnaire
104,'372,Ireland,3103,Nutrient phosphate P2O5 (total),5510,Production,2007,2007,t,0.0,A,Official data from questionnaire
104,'372,Ireland,3103,Nutrient phosphate P2O5 (total),5510,Production,2008,2008,t,0.0,A,Official data from questionnaire
104,'372,Ireland,3103,Nutrient phosphate P2O5 (total),5510,Production,2009,2009,t,0.0,A,Official data from questionnaire
104,'372,Ireland,3103,Nutrient phosphate P2O5 (total),5510,Production,2010,2010,t,0.0,A,Official data from questionnaire
104,'372,Ireland,3103,Nutrient phosphate P2O5 (total),5510,Production,2011,2011,t,0.0,A,Official data from questionnaire
104,'372,Ireland,3103,Nutrient phosphate P2O5 (total),5510,Production,2012,2012,t,0.0,A,Official data from questionnaire
104,'372,Ireland,3103,Nutrient phosphate P2O5 (total),5510,Production,2013,2013,t,0.0,A,Official data from questionnaire
104,'372,Ireland,3103,Nutrient phosphate P2O5 (total),5510,Production,2014,2014,t,0.0,A,Official data from questionnaire
104,'372,Ireland,3103,Nutrient phosphate P2O5 (total),5510,Production,2015,2015,t,0.0,E,
104,'372,Ireland,3103,Nutrient phosphate P2O5 (total),5510,Production,2016,2016,t,0.0,I,
104,'372,Ireland,3103,Nutrient phosphate P2O5 (total),5510,Production,2017,2017,t,0.0,I,
104,'372,Ireland,3103,Nutrient phosphate P2O5 (total),5510,Production,2018,2018,t,0.0,E,
104,'372,Ireland,3103,Nutrient phosphate P2O5 (total),5510,Production,2019,2019,t,0.0,E,
104,'372,Ireland,3103,Nutrient phosphate P2O5 (total),5510,Production,2020,2020,t,0.0,E,
104,'372,Ireland,3103,Nutrient phosphate P2O5 (total),5510,Production,2021,2021,t,0.0,E,
104,'372,Ireland,3103,Nutrient phosphate P2O5 (total),5510,Production,2022,2022,t,0.0,E,
104,'372,Ireland,3103,Nutrient phosphate P2O5 (total),5510,Production,2023,2023,t,0.0,E,
104,'372,Ireland,3103,Nutrient phosphate P2O5 (total),5610,Import quantity,1961,1961,t,30185.0,A,Official data from questionnaire
104,'372,Ireland,3103,Nutrient phosphate P2O5 (total),5610,Import quantity,1962,1962,t,41123.0,A,Official data from questionnaire
104,'372,Ireland,3103,Nutrient phosphate P2O5 (total),5610,Import quantity,1963,1963,t,42342.0,A,Official data from questionnaire
104,'372,Ireland,3103,Nutrient phosphate P2O5 (total),5610,Import quantity,1964,1964,t,44892.0,A,Official data from questionnaire
104,'372,Ireland,3103,Nutrient phosphate P2O5 (total),5610,Import quantity,1965,1965,t,24360.0,A,Official data from questionnaire
104,'372,Ireland,3103,Nutrient phosphate P2O5 (total),5610,Import quantity,1966,1966,t,38500.0,X,Data sourced from another international organization
104,'372,Ireland,3103,Nutrient phosphate P2O5 (total),5610,Import quantity,1967,1967,t,50900.0,X,Data sourced from another international organization
104,'372,Ireland,3103,Nutrient phosphate P2O5 (total),5610,Import quantity,1968,1968,t,53100.0,X,Data sourced from another international organization
104,'372,Ireland,3103,Nutrient phosphate P2O5 (total),5610,Import quantity,1969,1969,t,53900.0,X,Data sourced from another international organization
104,'372,Ireland,3103,Nutrient phosphate P2O5 (total),5610,Import quantity,1970,1970,t,57600.0,X,Data sourced from another international organization
104,'372,Ireland,3103,Nutrient phosphate P2O5 (total),5610,Import quantity,1971,1971,t,66100.0,X,Data sourced from another international organization
104,'372,Ireland,3103,Nutrient phosphate P2O5 (total),5610,Import quantity,1972,1972,t,80500.0,X,Data sourced from another international organization
104,'372,Ireland,3103,Nutrient phosphate P2O5 (total),5610,Import quantity,1973,1973,t,83400.0,X,Data sourced from another international organization
104,'372,Ireland,3103,Nutrient phosphate P2O5 (total),5610,Import quantity,1974,1974,t,59600.0,X,Data sourced from another international organization
104,'372,Ireland,3103,Nutrient phosphate P2O5 (total),5610,Import quantity,1975,1975,t,52800.0,X,Data sourced from another international organization
104,'372,Ireland,3103,Nutrient phosphate P2O5 (total),5610,Import quantity,1976,1976,t,97400.0,X,Data sourced from another international organization
104,'372,Ireland,3103,Nutrient phosphate P2O5 (total),5610,Import quantity,1977,1977,t,97800.0,X,Data sourced from another international organization
104,'372,Ireland,3103,Nutrient phosphate P2O5 (total),5610,Import quantity,1978,1978,t,137200.0,X,Data sourced from another international organization
104,'372,Ireland,3103,Nutrient phosphate P2O5 (total),5610,Import quantity,1979,1979,t,116200.0,X,Data sourced from another international organization
104,'372,Ireland,3103,Nutrient phosphate P2O5 (total),5610,Import quantity,1980,1980,t,105000.0,X,Data sourced from another international organization
104,'372,Ireland,3103,Nutrient phosphate P2O5 (total),5610,Import quantity,1981,1981,t,110400.0,X,Data sourced from another international organization
104,'372,Ireland,3103,Nutrient phosphate P2O5 (total),5610,Import quantity,1982,1982,t,134500.0,X,Data sourced from another international organization
104,'372,Ireland,3103,Nutrient phosphate P2O5 (total),5610,Import quantity,1983,1983,t,140700.0,X,Data sourced from another international organization
104,'372,Ireland,3103,Nutrient phosphate P2O5 (total),5610,Import quantity,1984,1984,t,164700.0,X,Data sourced from another international organization
104,'372,Ireland,3103,Nutrient phosphate P2O5 (total),5610,Import quantity,1985,1985,t,119200.0,X,Data sourced from another international organization
104,'372,Ireland,3103,Nutrient phosphate P2O5 (total),5610,Import quantity,1986,1986,t,139100.0,X,Data sourced from another international organization
104,'372,Ireland,3103,Nutrient phosphate P2O5 (total),5610,Import quantity,1987,1987,t,169700.0,X,Data sourced from another international organization
104,'372,Ireland,3103,Nutrient phosphate P2O5 (total),5610,Import quantity,1988,1988,t,154700.0,X,Data sourced from another international organization
104,'372,Ireland,3103,Nutrient phosphate P2O5 (total),5610,Import quantity,1989,1989,t,171200.0,X,Data sourced from another international organization
104,'372,Ireland,3103,Nutrient phosphate P2O5 (total),5610,Import quantity,1990,1990,t,105200.0,X,Data sourced from another international organization
104,'372,Ireland,3103,Nutrient phosphate P2O5 (total),5610,Import quantity,1991,1991,t,140200.0,X,Data sourced from another international organization
104,'372,Ireland,3103,Nutrient phosphate P2O5 (total),5610,Import quantity,1992,1992,t,140000.0,X,Data sourced from another international organization
104,'372,Ireland,3103,Nutrient phosphate P2O5 (total),5610,Import quantity,1993,1993,t,140000.0,X,Data sourced from another international organization
104,'372,Ireland,3103,Nutrient phosphate P2O5 (total),5610,Import quantity,1994,1994,t,158000.0,X,Data sourced from another international organization
104,'372,Ireland,3103,Nutrient phosphate P2O5 (total),5610,Import quantity,1995,1995,t,141000.0,X,Data sourced from another international organization
104,'372,Ireland,3103,Nutrient phosphate P2O5 (total),5610,Import quantity,1996,1996,t,122000.0,X,Data sourced from another international organization
104,'372,Ireland,3103,Nutrient phosphate P2O5 (total),5610,Import quantity,1997,1997,t,106000.0,X,Data sourced from another international organization
104,'372,Ireland,3103,Nutrient phosphate P2O5 (total),5610,Import quantity,1998,1998,t,116000.0,X,Data sourced from another international organization
104,'372,Ireland,3103,Nutrient phosphate P2O5 (total),5610,Import quantity,1999,1999,t,115000.0,X,Data sourced from another international organization
104,'372,Ireland,3103,Nutrient phosphate P2O5 (total),5610,Import quantity,2000,2000,t,78000.0,X,Data sourced from another international organization
104,'372,Ireland,3103,Nutrient phosphate P2O5 (total),5610,Import quantity,2001,2001,t,162000.0,X,Data sourced from another international organization
104,'372,Ireland,3103,Nutrient phosphate P2O5 (total),5610,Import quantity,2002,2002,t,151642.85,I,
104,'372,Ireland,3103,Nutrient phosphate P2O5 (total),5610,Import quantity,2003,2003,t,150691.59,I,
104,'372,Ireland,3103,Nutrient phosphate P2O5 (total),5610,Import quantity,2004,2004,t,150035.89,I,
104,'372,Ireland,3103,Nutrient phosphate P2O5 (total),5610,Import quantity,2005,2005,t,122900.24,I,
104,'372,Ireland,3103,Nutrient phosphate P2O5 (total),5610,Import quantity,2006,2006,t,128922.66,I,
104,'372,Ireland,3103,Nutrient phosphate P2O5 (total),5610,Import quantity,2007,2007,t,117047.07,I,
104,'372,Ireland,3103,Nutrient phosphate P2O5 (total),5610,Import quantity,2008,2008,t,84722.07,I,
104,'372,Ireland,3103,Nutrient phosphate P2O5 (total),5610,Import quantity,2009,2009,t,52765.44,I,
104,'372,Ireland,3103,Nutrient phosphate P2O5 (total),5610,Import quantity,2010,2010,t,97994.75,I,
104,'372,Ireland,3103,Nutrient phosphate P2O5 (total),5610,Import quantity,2011,2011,t,95285.47,I,
104,'372,Ireland,3103,Nutrient phosphate P2O5 (total),5610,Import quantity,2012,2012,t,78697.92,I,
104,'372,Ireland,3103,Nutrient phosphate P2O5 (total),5610,Import quantity,2013,2013,t,103953.54,I,
104,'372,Ireland,3103,Nutrient phosphate P2O5 (total),5610,Import quantity,2014,2014,t,95554.27,I,
104,'372,Ireland,3103,Nutrient phosphate P2O5 (total),5610,Import quantity,2015,2015,t,121457.84,I,
104,'372,Ireland,3103,Nutrient phosphate P2O5 (total),5610,Import quantity,2016,2016,t,114672.87,I,
104,'372,Ireland,3103,Nutrient phosphate P2O5 (total),5610,Import quantity,2017,2017,t,116983.09,I,
104,'372,Ireland,3103,Nutrient phosphate P2O5 (total),5610,Import quantity,2018,2018,t,130624.34,I,
104,'372,Ireland,3103,Nutrient phosphate P2O5 (total),5610,Import quantity,2019,2019,t,127815.8,I,
104,'372,Ireland,3103,Nutrient phosphate P2O5 (total),5610,Import quantity,2020,2020,t,143958.82,I,
104,'372,Ireland,3103,Nutrient phosphate P2O5 (total),5610,Import quantity,2021,2021,t,134059.35,I,
104,'372,Ireland,3103,Nutrient phosphate P2O5 (total),5610,Import quantity,2022,2022,t,92045.36,I,
104,'372,Ireland,3103,Nutrient phosphate P2O5 (total),5610,Import quantity,2023,2023,t,80555.99,I,
104,'372,Ireland,3103,Nutrient phosphate P2O5 (total),5910,Export quantity,1990,1990,t,0.0,I,
104,'372,Ireland,3103,Nutrient phosphate P2O5 (total),5910,Export quantity,1991,1991,t,0.0,I,
104,'372,Ireland,3103,Nutrient phosphate P2O5 (total),5910,Export quantity,1992,1992,t,7596.17,I,
104,'372,Ireland,3103,Nutrient phosphate P2O5 (total),5910,Export quantity,1993,1993,t,394.21,I,
104,'372,Ireland,3103,Nutrient phosphate P2O5 (total),5910,Export quantity,1994,1994,t,827.71,I,
104,'372,Ireland,3103,Nutrient phosphate P2O5 (total),5910,Export quantity,1995,1995,t,938.38,I,
104,'372,Ireland,3103,Nutrient phosphate P2O5 (total),5910,Export quantity,1996,1996,t,565.62,I,
104,'372,Ireland,3103,Nutrient phosphate P2O5 (total),5910,Export quantity,1997,1997,t,553.71,I,
104,'372,Ireland,3103,Nutrient phosphate P2O5 (total),5910,Export quantity,1998,1998,t,570.5,I,
104,'372,Ireland,3103,Nutrient phosphate P2O5 (total),5910,Export quantity,1999,1999,t,2054.04,I,
104,'372,Ireland,3103,Nutrient phosphate P2O5 (total),5910,Export quantity,2000,2000,t,1634.14,I,
104,'372,Ireland,3103,Nutrient phosphate P2O5 (total),5910,Export quantity,2001,2001,t,1000.0,X,Data sourced from another international organization
104,'372,Ireland,3103,Nutrient phosphate P2O5 (total),5910,Export quantity,2002,2002,t,940.7,I,
104,'372,Ireland,3103,Nutrient phosphate P2O5 (total),5910,Export quantity,2003,2003,t,208.2,I,
104,'372,Ireland,3103,Nutrient phosphate P2O5 (total),5910,Export quantity,2004,2004,t,336.5,I,
104,'372,Ireland,3103,Nutrient phosphate P2O5 (total),5910,Export quantity,2005,2005,t,275.34,I,
104,'372,Ireland,3103,Nutrient phosphate P2O5 (total),5910,Export quantity,2006,2006,t,176.24,I,
104,'372,Ireland,3103,Nutrient phosphate P2O5 (total),5910,Export quantity,2007,2007,t,443.01,I,
104,'372,Ireland,3103,Nutrient phosphate P2O5 (total),5910,Export quantity,2008,2008,t,316.83,I,
104,'372,Ireland,3103,Nutrient phosphate P2O5 (total),5910,Export quantity,2009,2009,t,290.27,I,
104,'372,Ireland,3103,Nutrient phosphate P2O5 (total),5910,Export quantity,2010,2010,t,292.79,I,
104,'372,Ireland,3103,Nutrient phosphate P2O5 (total),5910,Export quantity,2011,2011,t,368.7,I,
104,'372,Ireland,3103,Nutrient phosphate P2O5 (total),5910,Export quantity,2012,2012,t,472.25,I,
104,'372,Ireland,3103,Nutrient phosphate P2O5 (total),5910,Export quantity,2013,2013,t,1049.81,I,
104,'372,Ireland,3103,Nutrient phosphate P2O5 (total),5910,Export quantity,2014,2014,t,554.9,I,
104,'372,Ireland,3103,Nutrient phosphate P2O5 (total),5910,Export quantity,2015,2015,t,890.79,I,
104,'372,Ireland,3103,Nutrient phosphate P2O5 (total),5910,Export quantity,2016,2016,t,572.6,I,
104,'372,Ireland,3103,Nutrient phosphate P2O5 (total),5910,Export quantity,2017,2017,t,1031.13,I,
104,'372,Ireland,3103,Nutrient phosphate P2O5 (total),5910,Export quantity,2018,2018,t,1558.04,I,
104,'372,Ireland,3103,Nutrient phosphate P2O5 (total),5910,Export quantity,2019,2019,t,913.22,I,
104,'372,Ireland,3103,Nutrient phosphate P2O5 (total),5910,Export quantity,2020,2020,t,1025.1,I,
104,'372,Ireland,3103,Nutrient phosphate P2O5 (total),5910,Export quantity,2021,2021,t,1319.6,I,
104,'372,Ireland,3103,Nutrient phosphate P2O5 (total),5910,Export quantity,2022,2022,t,1563.97,I,
104,'372,Ireland,3103,Nutrient phosphate P2O5 (total),5910,Export quantity,2023,2023,t,1443.7,I,
104,'372,Ireland,3103,Nutrient phosphate P2O5 (total),5157,Agricultural Use,1961,1961,t,94298.0,A,Official data from questionnaire
104,'372,Ireland,3103,Nutrient phosphate P2O5 (total),5157,Agricultural Use,1962,1962,t,112264.0,A,Official data from questionnaire
104,'372,Ireland,3103,Nutrient phosphate P2O5 (total),5157,Agricultural Use,1963,1963,t,115023.0,A,Official data from questionnaire
104,'372,Ireland,3103,Nutrient phosphate P2O5 (total),5157,Agricultural Use,1964,1964,t,111689.0,A,Official data from questionnaire
104,'372,Ireland,3103,Nutrient phosphate P2O5 (total),5157,Agricultural Use,1965,1965,t,104544.0,A,Official data from questionnaire
104,'372,Ireland,3103,Nutrient phosphate P2O5 (total),5157,Agricultural Use,1966,1966,t,131497.0,A,Official data from questionnaire
104,'372,Ireland,3103,Nutrient phosphate P2O5 (total),5157,Agricultural Use,1967,1967,t,150600.0,A,Official data from questionnaire
104,'372,Ireland,3103,Nutrient phosphate P2O5 (total),5157,Agricultural Use,1968,1968,t,163000.0,X,Data sourced from another international organization
104,'372,Ireland,3103,Nutrient phosphate P2O5 (total),5157,Agricultural Use,1969,1969,t,169000.0,A,Official data from questionnaire
104,'372,Ireland,3103,Nutrient phosphate P2O5 (total),5157,Agricultural Use,1970,1970,t,182500.0,A,Official data from questionnaire
104,'372,Ireland,3103,Nutrient phosphate P2O5 (total),5157,Agricultural Use,1971,1971,t,178250.0,A,Official data from questionnaire
104,'372,Ireland,3103,Nutrient phosphate P2O5 (total),5157,Agricultural Use,1972,1972,t,210200.0,A,Official data from questionnaire
104,'372,Ireland,3103,Nutrient phosphate P2O5 (total),5157,Agricultural Use,1973,1973,t,193100.0,A,Official data from questionnaire
104,'372,Ireland,3103,Nutrient phosphate P2O5 (total),5157,Agricultural Use,1974,1974,t,115900.0,A,Official data from questionnaire
104,'372,Ireland,3103,Nutrient phosphate P2O5 (total),5157,Agricultural Use,1975,1975,t,134540.0,A,Official data from questionnaire
104,'372,Ireland,3103,Nutrient phosphate P2O5 (total),5157,Agricultural Use,1976,1976,t,149400.0,A,Official data from questionnaire
104,'372,Ireland,3103,Nutrient phosphate P2O5 (total),5157,Agricultural Use,1977,1977,t,174900.0,X,Data sourced from another international organization
104,'372,Ireland,3103,Nutrient phosphate P2O5 (total),5157,Agricultural Use,1978,1978,t,184100.0,X,Data sourced from another international organization
104,'372,Ireland,3103,Nutrient phosphate P2O5 (total),5157,Agricultural Use,1979,1979,t,155700.0,X,Data sourced from another international organization
104,'372,Ireland,3103,Nutrient phosphate P2O5 (total),5157,Agricultural Use,1980,1980,t,144700.0,X,Data sourced from another international organization
104,'372,Ireland,3103,Nutrient phosphate P2O5 (total),5157,Agricultural Use,1981,1981,t,141600.0,X,Data sourced from another international organization
104,'372,Ireland,3103,Nutrient phosphate P2O5 (total),5157,Agricultural Use,1982,1982,t,145200.0,X,Data sourced from another international organization
104,'372,Ireland,3103,Nutrient phosphate P2O5 (total),5157,Agricultural Use,1983,1983,t,151700.0,X,Data sourced from another international organization
104,'372,Ireland,3103,Nutrient phosphate P2O5 (total),5157,Agricultural Use,1984,1984,t,151300.0,X,Data sourced from another international organization
104,'372,Ireland,3103,Nutrient phosphate P2O5 (total),5157,Agricultural Use,1985,1985,t,133200.0,X,Data sourced from another international organization
104,'372,Ireland,3103,Nutrient phosphate P2O5 (total),5157,Agricultural Use,1986,1986,t,149600.0,X,Data sourced from another international organization
104,'372,Ireland,3103,Nutrient phosphate P2O5 (total),5157,Agricultural Use,1987,1987,t,142700.0,X,Data sourced from another international organization
104,'372,Ireland,3103,Nutrient phosphate P2O5 (total),5157,Agricultural Use,1988,1988,t,148500.0,X,Data sourced from another international organization
104,'372,Ireland,3103,Nutrient phosphate P2O5 (total),5157,Agricultural Use,1989,1989,t,145500.0,X,Data sourced from another international organization
104,'372,Ireland,3103,Nutrient phosphate P2O5 (total),5157,Agricultural Use,1990,1990,t,138500.0,X,Data sourced from another international organization
104,'372,Ireland,3103,Nutrient phosphate P2O5 (total),5157,Agricultural Use,1991,1991,t,138300.0,X,Data sourced from another international organization
104,'372,Ireland,3103,Nutrient phosphate P2O5 (total),5157,Agricultural Use,1992,1992,t,137000.0,X,Data sourced from another international organization
104,'372,Ireland,3103,Nutrient phosphate P2O5 (total),5157,Agricultural Use,1993,1993,t,137000.0,X,Data sourced from another international organization
104,'372,Ireland,3103,Nutrient phosphate P2O5 (total),5157,Agricultural Use,1994,1994,t,141000.0,X,Data sourced from another international organization
104,'372,Ireland,3103,Nutrient phosphate P2O5 (total),5157,Agricultural Use,1995,1995,t,141000.0,X,Data sourced from another international organization
104,'372,Ireland,3103,Nutrient phosphate P2O5 (total),5157,Agricultural Use,1996,1996,t,128000.0,X,Data sourced from another international organization
104,'372,Ireland,3103,Nutrient phosphate P2O5 (total),5157,Agricultural Use,1997,1997,t,113000.0,X,Data sourced from another international organization
104,'372,Ireland,3103,Nutrient phosphate P2O5 (total),5157,Agricultural Use,1998,1998,t,116000.0,X,Data sourced from another international organization
104,'372,Ireland,3103,Nutrient phosphate P2O5 (total),5157,Agricultural Use,1999,1999,t,115000.0,X,Data sourced from another international organization
104,'372,Ireland,3103,Nutrient phosphate P2O5 (total),5157,Agricultural Use,2000,2000,t,96000.0,X,Data sourced from another international organization
104,'372,Ireland,3103,Nutrient phosphate P2O5 (total),5157,Agricultural Use,2001,2001,t,97000.0,X,Data sourced from another international organization
104,'372,Ireland,3103,Nutrient phosphate P2O5 (total),5157,Agricultural Use,2002,2002,t,100419.0,E,
104,'372,Ireland,3103,Nutrient phosphate P2O5 (total),5157,Agricultural Use,2003,2003,t,97970.0,E,
104,'372,Ireland,3103,Nutrient phosphate P2O5 (total),5157,Agricultural Use,2004,2004,t,88570.0,A,Official data from questionnaire
104,'372,Ireland,3103,Nutrient phosphate P2O5 (total),5157,Agricultural Use,2005,2005,t,85279.0,A,Official data from questionnaire
104,'372,Ireland,3103,Nutrient phosphate P2O5 (total),5157,Agricultural Use,2006,2006,t,74292.0,A,Official data from questionnaire
104,'372,Ireland,3103,Nutrient phosphate P2O5 (total),5157,Agricultural Use,2007,2007,t,60392.0,A,Official data from questionnaire
104,'372,Ireland,3103,Nutrient phosphate P2O5 (total),5157,Agricultural Use,2008,2008,t,46367.0,A,Official data from questionnaire
104,'372,Ireland,3103,Nutrient phosphate P2O5 (total),5157,Agricultural Use,2009,2009,t,67242.0,A,Official data from questionnaire
104,'372,Ireland,3103,Nutrient phosphate P2O5 (total),5157,Agricultural Use,2010,2010,t,65949.0,A,Official data from questionnaire
104,'372,Ireland,3103,Nutrient phosphate P2O5 (total),5157,Agricultural Use,2011,2011,t,62846.0,A,Official data from questionnaire
104,'372,Ireland,3103,Nutrient phosphate P2O5 (total),5157,Agricultural Use,2012,2012,t,84768.0,A,Official data collected from national publication
104,'372,Ireland,3103,Nutrient phosphate P2O5 (total),5157,Agricultural Use,2013,2013,t,81555.0,A,Official data from questionnaire
104,'372,Ireland,3103,Nutrient phosphate P2O5 (total),5157,Agricultural Use,2014,2014,t,35584.0,A,Official data collected from national publication
104,'372,Ireland,3103,Nutrient phosphate P2O5 (total),5157,Agricultural Use,2015,2015,t,36551.0,A,Official data collected from national publication
104,'372,Ireland,3103,Nutrient phosphate P2O5 (total),5157,Agricultural Use,2016,2016,t,37075.0,A,Official data collected from national publication
104,'372,Ireland,3103,Nutrient phosphate P2O5 (total),5157,Agricultural Use,2017,2017,t,41893.0,A,Official data collected from national publication
104,'372,Ireland,3103,Nutrient phosphate P2O5 (total),5157,Agricultural Use,2018,2018,t,46387.0,A,Official data collected from national publication
104,'372,Ireland,3103,Nutrient phosphate P2O5 (total),5157,Agricultural Use,2019,2019,t,42672.0,A,Official data collected from national publication
104,'372,Ireland,3103,Nutrient phosphate P2O5 (total),5157,Agricultural Use,2020,2020,t,44259.0,A,Official data collected from national publication
104,'372,Ireland,3103,Nutrient phosphate P2O5 (total),5157,Agricultural Use,2021,2021,t,46068.0,A,Official data collected from national publication
104,'372,Ireland,3103,Nutrient phosphate P2O5 (total),5157,Agricultural Use,2022,2022,t,34240.0,A,Official data collected from national publication
104,'372,Ireland,3103,Nutrient phosphate P2O5 (total),5157,Agricultural Use,2023,2023,t,30762.0,A,Official data from questionnaire
104,'372,Ireland,3103,Nutrient phosphate P2O5 (total),5159,Use per area of cropland,1961,1961,kg/ha,39.88,E,
104,'372,Ireland,3103,Nutrient phosphate P2O5 (total),5159,Use per area of cropland,1962,1962,kg/ha,47.48,E,
104,'372,Ireland,3103,Nutrient phosphate P2O5 (total),5159,Use per area of cropland,1963,1963,kg/ha,48.64,E,
104,'372,Ireland,3103,Nutrient phosphate P2O5 (total),5159,Use per area of cropland,1964,1964,kg/ha,47.23,E,
104,'372,Ireland,3103,Nutrient phosphate P2O5 (total),5159,Use per area of cropland,1965,1965,kg/ha,44.21,E,
104,'372,Ireland,3103,Nutrient phosphate P2O5 (total),5159,Use per area of cropland,1966,1966,kg/ha,55.61,E,
104,'372,Ireland,3103,Nutrient phosphate P2O5 (total),5159,Use per area of cropland,1967,1967,kg/ha,63.69,E,
104,'372,Ireland,3103,Nutrient phosphate P2O5 (total),5159,Use per area of cropland,1968,1968,kg/ha,68.94,E,
104,'372,Ireland,3103,Nutrient phosphate P2O5 (total),5159,Use per area of cropland,1969,1969,kg/ha,71.47,E,
104,'372,Ireland,3103,Nutrient phosphate P2O5 (total),5159,Use per area of cropland,1970,1970,kg/ha,77.18,E,
104,'372,Ireland,3103,Nutrient phosphate P2O5 (total),5159,Use per area of cropland,1971,1971,kg/ha,75.38,E,
104,'372,Ireland,3103,Nutrient phosphate P2O5 (total),5159,Use per area of cropland,1972,1972,kg/ha,88.9,E,
104,'372,Ireland,3103,Nutrient phosphate P2O5 (total),5159,Use per area of cropland,1973,1973,kg/ha,81.66,E,
104,'372,Ireland,3103,Nutrient phosphate P2O5 (total),5159,Use per area of cropland,1974,1974,kg/ha,49.02,E,
104,'372,Ireland,3103,Nutrient phosphate P2O5 (total),5159,Use per area of cropland,1975,1975,kg/ha,56.9,E,
104,'372,Ireland,3103,Nutrient phosphate P2O5 (total),5159,Use per area of cropland,1976,1976,kg/ha,63.18,E,
104,'372,Ireland,3103,Nutrient phosphate P2O5 (total),5159,Use per area of cropland,1977,1977,kg/ha,73.97,E,
104,'372,Ireland,3103,Nutrient phosphate P2O5 (total),5159,Use per area of cropland,1978,1978,kg/ha,77.86,E,
104,'372,Ireland,3103,Nutrient phosphate P2O5 (total),5159,Use per area of cropland,1979,1979,kg/ha,65.85,E,
104,'372,Ireland,3103,Nutrient phosphate P2O5 (total),5159,Use per area of cropland,1980,1980,kg/ha,61.2,E,
104,'372,Ireland,3103,Nutrient phosphate P2O5 (total),5159,Use per area of cropland,1981,1981,kg/ha,59.88,E,
104,'372,Ireland,3103,Nutrient phosphate P2O5 (total),5159,Use per area of cropland,1982,1982,kg/ha,61.41,E,
104,'372,Ireland,3103,Nutrient phosphate P2O5 (total),5159,Use per area of cropland,1983,1983,kg/ha,64.16,E,
104,'372,Ireland,3103,Nutrient phosphate P2O5 (total),5159,Use per area of cropland,1984,1984,kg/ha,63.99,E,
104,'372,Ireland,3103,Nutrient phosphate P2O5 (total),5159,Use per area of cropland,1985,1985,kg/ha,56.33,E,
104,'372,Ireland,3103,Nutrient phosphate P2O5 (total),5159,Use per area of cropland,1986,1986,kg/ha,63.27,E,
104,'372,Ireland,3103,Nutrient phosphate P2O5 (total),5159,Use per area of cropland,1987,1987,kg/ha,60.35,E,
104,'372,Ireland,3103,Nutrient phosphate P2O5 (total),5159,Use per area of cropland,1988,1988,kg/ha,62.8,E,
104,'372,Ireland,3103,Nutrient phosphate P2O5 (total),5159,Use per area of cropland,1989,1989,kg/ha,61.53,E,
104,'372,Ireland,3103,Nutrient phosphate P2O5 (total),5159,Use per area of cropland,1990,1990,kg/ha,58.57,E,
104,'372,Ireland,3103,Nutrient phosphate P2O5 (total),5159,Use per area of cropland,1991,1991,kg/ha,58.49,E,
104,'372,Ireland,3103,Nutrient phosphate P2O5 (total),5159,Use per area of cropland,1992,1992,kg/ha,57.94,E,
104,'372,Ireland,3103,Nutrient phosphate P2O5 (total),5159,Use per area of cropland,1993,1993,kg/ha,57.94,E,
104,'372,Ireland,3103,Nutrient phosphate P2O5 (total),5159,Use per area of cropland,1994,1994,kg/ha,59.63,E,
104,'372,Ireland,3103,Nutrient phosphate P2O5 (total),5159,Use per area of cropland,1995,1995,kg/ha,59.63,E,
104,'372,Ireland,3103,Nutrient phosphate P2O5 (total),5159,Use per area of cropland,1996,1996,kg/ha,54.13,E,
104,'372,Ireland,3103,Nutrient phosphate P2O5 (total),5159,Use per area of cropland,1997,1997,kg/ha,47.79,E,
104,'372,Ireland,3103,Nutrient phosphate P2O5 (total),5159,Use per area of cropland,1998,1998,kg/ha,49.06,E,
104,'372,Ireland,3103,Nutrient phosphate P2O5 (total),5159,Use per area of cropland,1999,1999,kg/ha,48.64,E,
104,'372,Ireland,3103,Nutrient phosphate P2O5 (total),5159,Use per area of cropland,2000,2000,kg/ha,40.6,E,
104,'372,Ireland,3103,Nutrient phosphate P2O5 (total),5159,Use per area of cropland,2001,2001,kg/ha,41.02,E,
104,'372,Ireland,3103,Nutrient phosphate P2O5 (total),5159,Use per area of cropland,2002,2002,kg/ha,42.47,E,
104,'372,Ireland,3103,Nutrient phosphate P2O5 (total),5159,Use per area of cropland,2003,2003,kg/ha,40.42,E,
104,'372,Ireland,3103,Nutrient phosphate P2O5 (total),5159,Use per area of cropland,2004,2004,kg/ha,37.21,E,
104,'372,Ireland,3103,Nutrient phosphate P2O5 (total),5159,Use per area of cropland,2005,2005,kg/ha,38.16,E,
104,'372,Ireland,3103,Nutrient phosphate P2O5 (total),5159,Use per area of cropland,2006,2006,kg/ha,34.77,E,
104,'372,Ireland,3103,Nutrient phosphate P2O5 (total),5159,Use per area of cropland,2007,2007,kg/ha,28.36,E,
104,'372,Ireland,3103,Nutrient phosphate P2O5 (total),5159,Use per area of cropland,2008,2008,kg/ha,20.89,E,
104,'372,Ireland,3103,Nutrient phosphate P2O5 (total),5159,Use per area of cropland,2009,2009,kg/ha,31.77,E,
104,'372,Ireland,3103,Nutrient phosphate P2O5 (total),5159,Use per area of cropland,2010,2010,kg/ha,32.91,E,
104,'372,Ireland,3103,Nutrient phosphate P2O5 (total),5159,Use per area of cropland,2011,2011,kg/ha,30.05,E,
104,'372,Ireland,3103,Nutrient phosphate P2O5 (total),5159,Use per area of cropland,2012,2012,kg/ha,38.56,E,
104,'372,Ireland,3103,Nutrient phosphate P2O5 (total),5159,Use per area of cropland,2013,2013,kg/ha,37.77,E,
104,'372,Ireland,3103,Nutrient phosphate P2O5 (total),5159,Use per area of cropland,2014,2014,kg/ha,16.79,E,
104,'372,Ireland,3103,Nutrient phosphate P2O5 (total),5159,Use per area of cropland,2015,2015,kg/ha,17.71,E,
104,'372,Ireland,3103,Nutrient phosphate P2O5 (total),5159,Use per area of cropland,2016,2016,kg/ha,17.65,E,
104,'372,Ireland,3103,Nutrient phosphate P2O5 (total),5159,Use per area of cropland,2017,2017,kg/ha,19.95,E,
104,'372,Ireland,3103,Nutrient phosphate P2O5 (total),5159,Use per area of cropland,2018,2018,kg/ha,22.58,E,
104,'372,Ireland,3103,Nutrient phosphate P2O5 (total),5159,Use per area of cropland,2019,2019,kg/ha,21.14,E,
104,'372,Ireland,3103,Nutrient phosphate P2O5 (total),5159,Use per area of cropland,2020,2020,kg/ha,21.88,E,
104,'372,Ireland,3103,Nutrient phosphate P2O5 (total),5159,Use per area of cropland,2021,2021,kg/ha,23.19,E,
104,'372,Ireland,3103,Nutrient phosphate P2O5 (total),5159,Use per area of cropland,2022,2022,kg/ha,16.85,E,
104,'372,Ireland,3103,Nutrient phosphate P2O5 (total),5159,Use per area of cropland,2023,2023,kg/ha,15.35,E,
104,'372,Ireland,3103,Nutrient phosphate P2O5 (total),5172,Use per capita,1961,1961,kg/cap,33.38,E,
104,'372,Ireland,3103,Nutrient phosphate P2O5 (total),5172,Use per capita,1962,1962,kg/cap,39.65,E,
104,'372,Ireland,3103,Nutrient phosphate P2O5 (total),5172,Use per capita,1963,1963,kg/cap,40.46,E,
104,'372,Ireland,3103,Nutrient phosphate P2O5 (total),5172,Use per capita,1964,1964,kg/cap,39.09,E,
104,'372,Ireland,3103,Nutrient phosphate P2O5 (total),5172,Use per capita,1965,1965,kg/cap,36.39,E,
104,'372,Ireland,3103,Nutrient phosphate P2O5 (total),5172,Use per capita,1966,1966,kg/cap,45.52,E,
104,'372,Ireland,3103,Nutrient phosphate P2O5 (total),5172,Use per capita,1967,1967,kg/cap,51.83,E,
104,'372,Ireland,3103,Nutrient phosphate P2O5 (total),5172,Use per capita,1968,1968,kg/cap,55.77,E,
104,'372,Ireland,3103,Nutrient phosphate P2O5 (total),5172,Use per capita,1969,1969,kg/cap,57.47,E,
104,'372,Ireland,3103,Nutrient phosphate P2O5 (total),5172,Use per capita,1970,1970,kg/cap,61.63,E,
104,'372,Ireland,3103,Nutrient phosphate P2O5 (total),5172,Use per capita,1971,1971,kg/cap,59.55,E,
104,'372,Ireland,3103,Nutrient phosphate P2O5 (total),5172,Use per capita,1972,1972,kg/cap,69.21,E,
104,'372,Ireland,3103,Nutrient phosphate P2O5 (total),5172,Use per capita,1973,1973,kg/cap,62.6,E,
104,'372,Ireland,3103,Nutrient phosphate P2O5 (total),5172,Use per capita,1974,1974,kg/cap,37.0,E,
104,'372,Ireland,3103,Nutrient phosphate P2O5 (total),5172,Use per capita,1975,1975,kg/cap,42.31,E,
104,'372,Ireland,3103,Nutrient phosphate P2O5 (total),5172,Use per capita,1976,1976,kg/cap,46.28,E,
104,'372,Ireland,3103,Nutrient phosphate P2O5 (total),5172,Use per capita,1977,1977,kg/cap,53.36,E,
104,'372,Ireland,3103,Nutrient phosphate P2O5 (total),5172,Use per capita,1978,1978,kg/cap,55.3,E,
104,'372,Ireland,3103,Nutrient phosphate P2O5 (total),5172,Use per capita,1979,1979,kg/cap,46.12,E,
104,'372,Ireland,3103,Nutrient phosphate P2O5 (total),5172,Use per capita,1980,1980,kg/cap,42.37,E,
104,'372,Ireland,3103,Nutrient phosphate P2O5 (total),5172,Use per capita,1981,1981,kg/cap,41.06,E,
104,'372,Ireland,3103,Nutrient phosphate P2O5 (total),5172,Use per capita,1982,1982,kg/cap,41.78,E,
104,'372,Ireland,3103,Nutrient phosphate P2O5 (total),5172,Use per capita,1983,1983,kg/cap,43.37,E,
104,'372,Ireland,3103,Nutrient phosphate P2O5 (total),5172,Use per capita,1984,1984,kg/cap,43.03,E,
104,'372,Ireland,3103,Nutrient phosphate P2O5 (total),5172,Use per capita,1985,1985,kg/cap,37.72,E,
104,'372,Ireland,3103,Nutrient phosphate P2O5 (total),5172,Use per capita,1986,1986,kg/cap,42.24,E,
104,'372,Ireland,3103,Nutrient phosphate P2O5 (total),5172,Use per capita,1987,1987,kg/cap,40.31,E,
104,'372,Ireland,3103,Nutrient phosphate P2O5 (total),5172,Use per capita,1988,1988,kg/cap,42.13,E,
104,'372,Ireland,3103,Nutrient phosphate P2O5 (total),5172,Use per capita,1989,1989,kg/cap,41.44,E,
104,'372,Ireland,3103,Nutrient phosphate P2O5 (total),5172,Use per capita,1990,1990,kg/cap,39.41,E,
104,'372,Ireland,3103,Nutrient phosphate P2O5 (total),5172,Use per capita,1991,1991,kg/cap,39.13,E,
104,'372,Ireland,3103,Nutrient phosphate P2O5 (total),5172,Use per capita,1992,1992,kg/cap,38.5,E,
104,'372,Ireland,3103,Nutrient phosphate P2O5 (total),5172,Use per capita,1993,1993,kg/cap,38.31,E,
104,'372,Ireland,3103,Nutrient phosphate P2O5 (total),5172,Use per capita,1994,1994,kg/cap,39.27,E,
104,'372,Ireland,3103,Nutrient phosphate P2O5 (total),5172,Use per capita,1995,1995,kg/cap,39.05,E,
104,'372,Ireland,3103,Nutrient phosphate P2O5 (total),5172,Use per capita,1996,1996,kg/cap,35.18,E,
104,'372,Ireland,3103,Nutrient phosphate P2O5 (total),5172,Use per capita,1997,1997,kg/cap,30.77,E,
104,'372,Ireland,3103,Nutrient phosphate P2O5 (total),5172,Use per capita,1998,1998,kg/cap,31.26,E,
104,'372,Ireland,3103,Nutrient phosphate P2O5 (total),5172,Use per capita,1999,1999,kg/cap,30.64,E,
104,'372,Ireland,3103,Nutrient phosphate P2O5 (total),5172,Use per capita,2000,2000,kg/cap,25.25,E,
104,'372,Ireland,3103,Nutrient phosphate P2O5 (total),5172,Use per capita,2001,2001,kg/cap,25.11,E,
104,'372,Ireland,3103,Nutrient phosphate P2O5 (total),5172,Use per capita,2002,2002,kg/cap,25.56,E,
104,'372,Ireland,3103,Nutrient phosphate P2O5 (total),5172,Use per capita,2003,2003,kg/cap,24.54,E,
104,'372,Ireland,3103,Nutrient phosphate P2O5 (total),5172,Use per capita,2004,2004,kg/cap,21.78,E,
104,'372,Ireland,3103,Nutrient phosphate P2O5 (total),5172,Use per capita,2005,2005,kg/cap,20.52,E,
104,'372,Ireland,3103,Nutrient phosphate P2O5 (total),5172,Use per capita,2006,2006,kg/cap,17.4,E,
104,'372,Ireland,3103,Nutrient phosphate P2O5 (total),5172,Use per capita,2007,2007,kg/cap,13.75,E,
104,'372,Ireland,3103,Nutrient phosphate P2O5 (total),5172,Use per capita,2008,2008,kg/cap,10.34,E,
104,'372,Ireland,3103,Nutrient phosphate P2O5 (total),5172,Use per capita,2009,2009,kg/cap,14.83,E,
104,'372,Ireland,3103,Nutrient phosphate P2O5 (total),5172,Use per capita,2010,2010,kg/cap,14.47,E,
104,'372,Ireland,3103,Nutrient phosphate P2O5 (total),5172,Use per capita,2011,2011,kg/cap,13.72,E,
104,'372,Ireland,3103,Nutrient phosphate P2O5 (total),5172,Use per capita,2012,2012,kg/cap,18.43,E,
104,'372,Ireland,3103,Nutrient phosphate P2O5 (total),5172,Use per capita,2013,2013,kg/cap,17.63,E,
104,'372,Ireland,3103,Nutrient phosphate P2O5 (total),5172,Use per capita,2014,2014,kg/cap,7.64,E,
104,'372,Ireland,3103,Nutrient phosphate P2O5 (total),5172,Use per capita,2015,2015,kg/cap,7.77,E,
104,'372,Ireland,3103,Nutrient phosphate P2O5 (total),5172,Use per capita,2016,2016,kg/cap,7.8,E,
104,'372,Ireland,3103,Nutrient phosphate P2O5 (total),5172,Use per capita,2017,2017,kg/cap,8.71,E,
104,'372,Ireland,3103,Nutrient phosphate P2O5 (total),5172,Use per capita,2018,2018,kg/cap,9.52,E,
104,'372,Ireland,3103,Nutrient phosphate P2O5 (total),5172,Use per capita,2019,2019,kg/cap,8.65,E,
104,'372,Ireland,3103,Nutrient phosphate P2O5 (total),5172,Use per capita,2020,2020,kg/cap,8.88,E,
104,'372,Ireland,3103,Nutrient phosphate P2O5 (total),5172,Use per capita,2021,2021,kg/cap,9.16,E,
104,'372,Ireland,3103,Nutrient phosphate P2O5 (total),5172,Use per capita,2022,2022,kg/cap,6.7,E,
104,'372,Ireland,3103,Nutrient phosphate P2O5 (total),5172,Use per capita,2023,2023,kg/cap,5.92,E,
104,'372,Ireland,3103,Nutrient phosphate P2O5 (total),5173,Use per value of agricultural production,1961,1961,g/Int$,30.85,E,
104,'372,Ireland,3103,Nutrient phosphate P2O5 (total),5173,Use per value of agricultural production,1962,1962,g/Int$,36.46,E,
104,'372,Ireland,3103,Nutrient phosphate P2O5 (total),5173,Use per value of agricultural production,1963,1963,g/Int$,37.92,E,
104,'372,Ireland,3103,Nutrient phosphate P2O5 (total),5173,Use per value of agricultural production,1964,1964,g/Int$,38.87,E,
104,'372,Ireland,3103,Nutrient phosphate P2O5 (total),5173,Use per value of agricultural production,1965,1965,g/Int$,35.19,E,
104,'372,Ireland,3103,Nutrient phosphate P2O5 (total),5173,Use per value of agricultural production,1966,1966,g/Int$,42.65,E,
104,'372,Ireland,3103,Nutrient phosphate P2O5 (total),5173,Use per value of agricultural production,1967,1967,g/Int$,42.14,E,
104,'372,Ireland,3103,Nutrient phosphate P2O5 (total),5173,Use per value of agricultural production,1968,1968,g/Int$,45.67,E,
104,'372,Ireland,3103,Nutrient phosphate P2O5 (total),5173,Use per value of agricultural production,1969,1969,g/Int$,47.31,E,
104,'372,Ireland,3103,Nutrient phosphate P2O5 (total),5173,Use per value of agricultural production,1970,1970,g/Int$,50.58,E,
104,'372,Ireland,3103,Nutrient phosphate P2O5 (total),5173,Use per value of agricultural production,1971,1971,g/Int$,46.49,E,
104,'372,Ireland,3103,Nutrient phosphate P2O5 (total),5173,Use per value of agricultural production,1972,1972,g/Int$,57.7,E,
104,'372,Ireland,3103,Nutrient phosphate P2O5 (total),5173,Use per value of agricultural production,1973,1973,g/Int$,51.67,E,
104,'372,Ireland,3103,Nutrient phosphate P2O5 (total),5173,Use per value of agricultural production,1974,1974,g/Int$,27.66,E,
104,'372,Ireland,3103,Nutrient phosphate P2O5 (total),5173,Use per value of agricultural production,1975,1975,g/Int$,29.36,E,
104,'372,Ireland,3103,Nutrient phosphate P2O5 (total),5173,Use per value of agricultural production,1976,1976,g/Int$,34.49,E,
104,'372,Ireland,3103,Nutrient phosphate P2O5 (total),5173,Use per value of agricultural production,1977,1977,g/Int$,35.56,E,
104,'372,Ireland,3103,Nutrient phosphate P2O5 (total),5173,Use per value of agricultural production,1978,1978,g/Int$,36.59,E,
104,'372,Ireland,3103,Nutrient phosphate P2O5 (total),5173,Use per value of agricultural production,1979,1979,g/Int$,30.48,E,
104,'372,Ireland,3103,Nutrient phosphate P2O5 (total),5173,Use per value of agricultural production,1980,1980,g/Int$,27.13,E,
104,'372,Ireland,3103,Nutrient phosphate P2O5 (total),5173,Use per value of agricultural production,1981,1981,g/Int$,30.17,E,
104,'372,Ireland,3103,Nutrient phosphate P2O5 (total),5173,Use per value of agricultural production,1982,1982,g/Int$,28.55,E,
104,'372,Ireland,3103,Nutrient phosphate P2O5 (total),5173,Use per value of agricultural production,1983,1983,g/Int$,29.21,E,
104,'372,Ireland,3103,Nutrient phosphate P2O5 (total),5173,Use per value of agricultural production,1984,1984,g/Int$,26.62,E,
104,'372,Ireland,3103,Nutrient phosphate P2O5 (total),5173,Use per value of agricultural production,1985,1985,g/Int$,22.92,E,
104,'372,Ireland,3103,Nutrient phosphate P2O5 (total),5173,Use per value of agricultural production,1986,1986,g/Int$,25.13,E,
104,'372,Ireland,3103,Nutrient phosphate P2O5 (total),5173,Use per value of agricultural production,1987,1987,g/Int$,24.16,E,
104,'372,Ireland,3103,Nutrient phosphate P2O5 (total),5173,Use per value of agricultural production,1988,1988,g/Int$,25.92,E,
104,'372,Ireland,3103,Nutrient phosphate P2O5 (total),5173,Use per value of agricultural production,1989,1989,g/Int$,25.77,E,
104,'372,Ireland,3103,Nutrient phosphate P2O5 (total),5173,Use per value of agricultural production,1990,1990,g/Int$,22.26,E,
104,'372,Ireland,3103,Nutrient phosphate P2O5 (total),5173,Use per value of agricultural production,1991,1991,g/Int$,21.59,E,
104,'372,Ireland,3103,Nutrient phosphate P2O5 (total),5173,Use per value of agricultural production,1992,1992,g/Int$,21.03,E,
104,'372,Ireland,3103,Nutrient phosphate P2O5 (total),5173,Use per value of agricultural production,1993,1993,g/Int$,21.82,E,
104,'372,Ireland,3103,Nutrient phosphate P2O5 (total),5173,Use per value of agricultural production,1994,1994,g/Int$,23.54,E,
104,'372,Ireland,3103,Nutrient phosphate P2O5 (total),5173,Use per value of agricultural production,1995,1995,g/Int$,22.99,E,
104,'372,Ireland,3103,Nutrient phosphate P2O5 (total),5173,Use per value of agricultural production,1996,1996,g/Int$,19.8,E,
104,'372,Ireland,3103,Nutrient phosphate P2O5 (total),5173,Use per value of agricultural production,1997,1997,g/Int$,17.51,E,
104,'372,Ireland,3103,Nutrient phosphate P2O5 (total),5173,Use per value of agricultural production,1998,1998,g/Int$,17.55,E,
104,'372,Ireland,3103,Nutrient phosphate P2O5 (total),5173,Use per value of agricultural production,1999,1999,g/Int$,16.57,E,
104,'372,Ireland,3103,Nutrient phosphate P2O5 (total),5173,Use per value of agricultural production,2000,2000,g/Int$,14.56,E,
104,'372,Ireland,3103,Nutrient phosphate P2O5 (total),5173,Use per value of agricultural production,2001,2001,g/Int$,14.51,E,
104,'372,Ireland,3103,Nutrient phosphate P2O5 (total),5173,Use per value of agricultural production,2002,2002,g/Int$,15.72,E,
104,'372,Ireland,3103,Nutrient phosphate P2O5 (total),5173,Use per value of agricultural production,2003,2003,g/Int$,15.1,E,
104,'372,Ireland,3103,Nutrient phosphate P2O5 (total),5173,Use per value of agricultural production,2004,2004,g/Int$,13.45,E,
104,'372,Ireland,3103,Nutrient phosphate P2O5 (total),5173,Use per value of agricultural production,2005,2005,g/Int$,13.58,E,
104,'372,Ireland,3103,Nutrient phosphate P2O5 (total),5173,Use per value of agricultural production,2006,2006,g/Int$,11.94,E,
104,'372,Ireland,3103,Nutrient phosphate P2O5 (total),5173,Use per value of agricultural production,2007,2007,g/Int$,9.52,E,
104,'372,Ireland,3103,Nutrient phosphate P2O5 (total),5173,Use per value of agricultural production,2008,2008,g/Int$,7.51,E,
104,'372,Ireland,3103,Nutrient phosphate P2O5 (total),5173,Use per value of agricultural production,2009,2009,g/Int$,11.14,E,
104,'372,Ireland,3103,Nutrient phosphate P2O5 (total),5173,Use per value of agricultural production,2010,2010,g/Int$,10.49,E,
104,'372,Ireland,3103,Nutrient phosphate P2O5 (total),5173,Use per value of agricultural production,2011,2011,g/Int$,9.73,E,
104,'372,Ireland,3103,Nutrient phosphate P2O5 (total),5173,Use per value of agricultural production,2012,2012,g/Int$,13.9,E,
104,'372,Ireland,3103,Nutrient phosphate P2O5 (total),5173,Use per value of agricultural production,2013,2013,g/Int$,12.75,E,
104,'372,Ireland,3103,Nutrient phosphate P2O5 (total),5173,Use per value of agricultural production,2014,2014,g/Int$,5.21,E,
104,'372,Ireland,3103,Nutrient phosphate P2O5 (total),5173,Use per value of agricultural production,2015,2015,g/Int$,5.12,E,
104,'372,Ireland,3103,Nutrient phosphate P2O5 (total),5173,Use per value of agricultural production,2016,2016,g/Int$,5.06,E,
104,'372,Ireland,3103,Nutrient phosphate P2O5 (total),5173,Use per value of agricultural production,2017,2017,g/Int$,5.33,E,
104,'372,Ireland,3103,Nutrient phosphate P2O5 (total),5173,Use per value of agricultural production,2018,2018,g/Int$,5.95,E,
104,'372,Ireland,3103,Nutrient phosphate P2O5 (total),5173,Use per value of agricultural production,2019,2019,g/Int$,5.27,E,
104,'372,Ireland,3103,Nutrient phosphate P2O5 (total),5173,Use per value of agricultural production,2020,2020,g/Int$,5.39,E,
104,'372,Ireland,3103,Nutrient phosphate P2O5 (total),5173,Use per value of agricultural production,2021,2021,g/Int$,5.48,E,
104,'372,Ireland,3103,Nutrient phosphate P2O5 (total),5173,Use per value of agricultural production,2022,2022,g/Int$,3.99,E,
104,'372,Ireland,3103,Nutrient phosphate P2O5 (total),5173,Use per value of agricultural production,2023,2023,g/Int$,3.77,E,
104,'372,Ireland,3104,Nutrient potash K2O (total),5510,Production,2002,2002,t,0.0,A,Official data from questionnaire
104,'372,Ireland,3104,Nutrient potash K2O (total),5510,Production,2003,2003,t,0.0,A,Official data from questionnaire
104,'372,Ireland,3104,Nutrient potash K2O (total),5510,Production,2004,2004,t,0.0,A,Official data from questionnaire
104,'372,Ireland,3104,Nutrient potash K2O (total),5510,Production,2005,2005,t,0.0,A,Official data from questionnaire
104,'372,Ireland,3104,Nutrient potash K2O (total),5510,Production,2006,2006,t,0.0,A,Official data from questionnaire
104,'372,Ireland,3104,Nutrient potash K2O (total),5510,Production,2007,2007,t,0.0,A,Official data from questionnaire
104,'372,Ireland,3104,Nutrient potash K2O (total),5510,Production,2008,2008,t,0.0,A,Official data from questionnaire
104,'372,Ireland,3104,Nutrient potash K2O (total),5510,Production,2009,2009,t,0.0,A,Official data from questionnaire
104,'372,Ireland,3104,Nutrient potash K2O (total),5510,Production,2010,2010,t,0.0,A,Official data from questionnaire
104,'372,Ireland,3104,Nutrient potash K2O (total),5510,Production,2011,2011,t,0.0,A,Official data from questionnaire
104,'372,Ireland,3104,Nutrient potash K2O (total),5510,Production,2012,2012,t,0.0,A,Official data from questionnaire
104,'372,Ireland,3104,Nutrient potash K2O (total),5510,Production,2013,2013,t,0.0,A,Official data from questionnaire
104,'372,Ireland,3104,Nutrient potash K2O (total),5510,Production,2014,2014,t,0.0,A,Official data from questionnaire
104,'372,Ireland,3104,Nutrient potash K2O (total),5510,Production,2015,2015,t,0.0,E,
104,'372,Ireland,3104,Nutrient potash K2O (total),5510,Production,2016,2016,t,0.0,I,
104,'372,Ireland,3104,Nutrient potash K2O (total),5510,Production,2017,2017,t,0.0,I,
104,'372,Ireland,3104,Nutrient potash K2O (total),5510,Production,2018,2018,t,0.0,E,
104,'372,Ireland,3104,Nutrient potash K2O (total),5510,Production,2019,2019,t,0.0,E,
104,'372,Ireland,3104,Nutrient potash K2O (total),5510,Production,2020,2020,t,0.0,E,
104,'372,Ireland,3104,Nutrient potash K2O (total),5510,Production,2021,2021,t,0.0,E,
104,'372,Ireland,3104,Nutrient potash K2O (total),5510,Production,2022,2022,t,0.0,E,
104,'372,Ireland,3104,Nutrient potash K2O (total),5510,Production,2023,2023,t,0.0,E,
104,'372,Ireland,3104,Nutrient potash K2O (total),5610,Import quantity,1961,1961,t,79607.0,A,Official data from questionnaire
104,'372,Ireland,3104,Nutrient potash K2O (total),5610,Import quantity,1962,1962,t,86215.0,A,Official data from questionnaire
104,'372,Ireland,3104,Nutrient potash K2O (total),5610,Import quantity,1963,1963,t,87331.0,A,Official data from questionnaire
104,'372,Ireland,3104,Nutrient potash K2O (total),5610,Import quantity,1964,1964,t,90130.0,A,Official data from questionnaire
104,'372,Ireland,3104,Nutrient potash K2O (total),5610,Import quantity,1965,1965,t,82766.0,A,Official data from questionnaire
104,'372,Ireland,3104,Nutrient potash K2O (total),5610,Import quantity,1966,1966,t,110000.0,X,Data sourced from another international organization
104,'372,Ireland,3104,Nutrient potash K2O (total),5610,Import quantity,1967,1967,t,125000.0,X,Data sourced from another international organization
104,'372,Ireland,3104,Nutrient potash K2O (total),5610,Import quantity,1968,1968,t,135000.0,A,Official data from questionnaire
104,'372,Ireland,3104,Nutrient potash K2O (total),5610,Import quantity,1969,1969,t,162300.0,X,Data sourced from another international organization
104,'372,Ireland,3104,Nutrient potash K2O (total),5610,Import quantity,1970,1970,t,156200.0,X,Data sourced from another international organization
104,'372,Ireland,3104,Nutrient potash K2O (total),5610,Import quantity,1971,1971,t,148700.0,X,Data sourced from another international organization
104,'372,Ireland,3104,Nutrient potash K2O (total),5610,Import quantity,1972,1972,t,199400.0,X,Data sourced from another international organization
104,'372,Ireland,3104,Nutrient potash K2O (total),5610,Import quantity,1973,1973,t,185000.0,X,Data sourced from another international organization
104,'372,Ireland,3104,Nutrient potash K2O (total),5610,Import quantity,1974,1974,t,140100.0,X,Data sourced from another international organization
104,'372,Ireland,3104,Nutrient potash K2O (total),5610,Import quantity,1975,1975,t,153100.0,X,Data sourced from another international organization
104,'372,Ireland,3104,Nutrient potash K2O (total),5610,Import quantity,1976,1976,t,188000.0,X,Data sourced from another international organization
104,'372,Ireland,3104,Nutrient potash K2O (total),5610,Import quantity,1977,1977,t,185000.0,X,Data sourced from another international organization
104,'372,Ireland,3104,Nutrient potash K2O (total),5610,Import quantity,1978,1978,t,244500.0,X,Data sourced from another international organization
104,'372,Ireland,3104,Nutrient potash K2O (total),5610,Import quantity,1979,1979,t,222400.0,X,Data sourced from another international organization
104,'372,Ireland,3104,Nutrient potash K2O (total),5610,Import quantity,1980,1980,t,162900.0,X,Data sourced from another international organization
104,'372,Ireland,3104,Nutrient potash K2O (total),5610,Import quantity,1981,1981,t,196500.0,X,Data sourced from another international organization
104,'372,Ireland,3104,Nutrient potash K2O (total),5610,Import quantity,1982,1982,t,175000.0,X,Data sourced from another international organization
104,'372,Ireland,3104,Nutrient potash K2O (total),5610,Import quantity,1983,1983,t,211800.0,X,Data sourced from another international organization
104,'372,Ireland,3104,Nutrient potash K2O (total),5610,Import quantity,1984,1984,t,238000.0,X,Data sourced from another international organization
104,'372,Ireland,3104,Nutrient potash K2O (total),5610,Import quantity,1985,1985,t,225930.0,X,Data sourced from another international organization
104,'372,Ireland,3104,Nutrient potash K2O (total),5610,Import quantity,1986,1986,t,227452.0,X,Data sourced from another international organization
104,'372,Ireland,3104,Nutrient potash K2O (total),5610,Import quantity,1987,1987,t,223400.0,X,Data sourced from another international organization
104,'372,Ireland,3104,Nutrient potash K2O (total),5610,Import quantity,1988,1988,t,185000.0,X,Data sourced from another international organization
104,'372,Ireland,3104,Nutrient potash K2O (total),5610,Import quantity,1989,1989,t,185600.0,X,Data sourced from another international organization
104,'372,Ireland,3104,Nutrient potash K2O (total),5610,Import quantity,1990,1990,t,148000.0,X,Data sourced from another international organization
104,'372,Ireland,3104,Nutrient potash K2O (total),5610,Import quantity,1991,1991,t,155500.0,X,Data sourced from another international organization
104,'372,Ireland,3104,Nutrient potash K2O (total),5610,Import quantity,1992,1992,t,177000.0,X,Data sourced from another international organization
104,'372,Ireland,3104,Nutrient potash K2O (total),5610,Import quantity,1993,1993,t,177000.0,X,Data sourced from another international organization
104,'372,Ireland,3104,Nutrient potash K2O (total),5610,Import quantity,1994,1994,t,246000.0,X,Data sourced from another international organization
104,'372,Ireland,3104,Nutrient potash K2O (total),5610,Import quantity,1995,1995,t,160000.0,X,Data sourced from another international organization
104,'372,Ireland,3104,Nutrient potash K2O (total),5610,Import quantity,1996,1996,t,144000.0,X,Data sourced from another international organization
104,'372,Ireland,3104,Nutrient potash K2O (total),5610,Import quantity,1997,1997,t,160000.0,X,Data sourced from another international organization
104,'372,Ireland,3104,Nutrient potash K2O (total),5610,Import quantity,1998,1998,t,152000.0,X,Data sourced from another international organization
104,'372,Ireland,3104,Nutrient potash K2O (total),5610,Import quantity,1999,1999,t,148000.0,X,Data sourced from another international organization
104,'372,Ireland,3104,Nutrient potash K2O (total),5610,Import quantity,2000,2000,t,135000.0,A,Official data from questionnaire
104,'372,Ireland,3104,Nutrient potash K2O (total),5610,Import quantity,2001,2001,t,134300.0,X,Data sourced from another international organization
104,'372,Ireland,3104,Nutrient potash K2O (total),5610,Import quantity,2002,2002,t,83265.4,I,
104,'372,Ireland,3104,Nutrient potash K2O (total),5610,Import quantity,2003,2003,t,93537.87,I,
104,'372,Ireland,3104,Nutrient potash K2O (total),5610,Import quantity,2004,2004,t,162643.78,I,
104,'372,Ireland,3104,Nutrient potash K2O (total),5610,Import quantity,2005,2005,t,150183.32,I,
104,'372,Ireland,3104,Nutrient potash K2O (total),5610,Import quantity,2006,2006,t,160283.01,I,
104,'372,Ireland,3104,Nutrient potash K2O (total),5610,Import quantity,2007,2007,t,139509.55,I,
104,'372,Ireland,3104,Nutrient potash K2O (total),5610,Import quantity,2008,2008,t,109796.37,I,
104,'372,Ireland,3104,Nutrient potash K2O (total),5610,Import quantity,2009,2009,t,46978.92,I,
104,'372,Ireland,3104,Nutrient potash K2O (total),5610,Import quantity,2010,2010,t,123180.24,I,
104,'372,Ireland,3104,Nutrient potash K2O (total),5610,Import quantity,2011,2011,t,109900.53,I,
104,'372,Ireland,3104,Nutrient potash K2O (total),5610,Import quantity,2012,2012,t,95846.77,I,
104,'372,Ireland,3104,Nutrient potash K2O (total),5610,Import quantity,2013,2013,t,141150.8,I,
104,'372,Ireland,3104,Nutrient potash K2O (total),5610,Import quantity,2014,2014,t,149593.44,I,
104,'372,Ireland,3104,Nutrient potash K2O (total),5610,Import quantity,2015,2015,t,134333.53,I,
104,'372,Ireland,3104,Nutrient potash K2O (total),5610,Import quantity,2016,2016,t,140726.88,I,
104,'372,Ireland,3104,Nutrient potash K2O (total),5610,Import quantity,2017,2017,t,159595.25,I,
104,'372,Ireland,3104,Nutrient potash K2O (total),5610,Import quantity,2018,2018,t,172737.46,I,
104,'372,Ireland,3104,Nutrient potash K2O (total),5610,Import quantity,2019,2019,t,158492.32,I,
104,'372,Ireland,3104,Nutrient potash K2O (total),5610,Import quantity,2020,2020,t,173220.45,I,
104,'372,Ireland,3104,Nutrient potash K2O (total),5610,Import quantity,2021,2021,t,148963.99,I,
104,'372,Ireland,3104,Nutrient potash K2O (total),5610,Import quantity,2022,2022,t,126436.18,I,
104,'372,Ireland,3104,Nutrient potash K2O (total),5610,Import quantity,2023,2023,t,115627.36,I,
104,'372,Ireland,3104,Nutrient potash K2O (total),5910,Export quantity,1983,1983,t,17100.0,X,Data sourced from another international organization
104,'372,Ireland,3104,Nutrient potash K2O (total),5910,Export quantity,1984,1984,t,33400.0,X,Data sourced from another international organization
104,'372,Ireland,3104,Nutrient potash K2O (total),5910,Export quantity,1985,1985,t,47900.0,X,Data sourced from another international organization
104,'372,Ireland,3104,Nutrient potash K2O (total),5910,Export quantity,1986,1986,t,28000.0,X,Data sourced from another international organization
104,'372,Ireland,3104,Nutrient potash K2O (total),5910,Export quantity,1988,1988,t,1300.0,X,Data sourced from another international organization
104,'372,Ireland,3104,Nutrient potash K2O (total),5910,Export quantity,1989,1989,t,1700.0,X,Data sourced from another international organization
104,'372,Ireland,3104,Nutrient potash K2O (total),5910,Export quantity,1990,1990,t,1700.0,X,Data sourced from another international organization
104,'372,Ireland,3104,Nutrient potash K2O (total),5910,Export quantity,1991,1991,t,1700.0,X,Data sourced from another international organization
104,'372,Ireland,3104,Nutrient potash K2O (total),5910,Export quantity,1992,1992,t,7264.08,I,
104,'372,Ireland,3104,Nutrient potash K2O (total),5910,Export quantity,1993,1993,t,500.02,I,
104,'372,Ireland,3104,Nutrient potash K2O (total),5910,Export quantity,1994,1994,t,639.25,I,
104,'372,Ireland,3104,Nutrient potash K2O (total),5910,Export quantity,1995,1995,t,1115.77,I,
104,'372,Ireland,3104,Nutrient potash K2O (total),5910,Export quantity,1996,1996,t,588.76,I,
104,'372,Ireland,3104,Nutrient potash K2O (total),5910,Export quantity,1997,1997,t,472.8,I,
104,'372,Ireland,3104,Nutrient potash K2O (total),5910,Export quantity,1998,1998,t,420.14,I,
104,'372,Ireland,3104,Nutrient potash K2O (total),5910,Export quantity,1999,1999,t,3802.03,I,
104,'372,Ireland,3104,Nutrient potash K2O (total),5910,Export quantity,2000,2000,t,835.87,I,
104,'372,Ireland,3104,Nutrient potash K2O (total),5910,Export quantity,2001,2001,t,1323.76,I,
104,'372,Ireland,3104,Nutrient potash K2O (total),5910,Export quantity,2002,2002,t,948.55,I,
104,'372,Ireland,3104,Nutrient potash K2O (total),5910,Export quantity,2003,2003,t,207.12,I,
104,'372,Ireland,3104,Nutrient potash K2O (total),5910,Export quantity,2004,2004,t,331.41,I,
104,'372,Ireland,3104,Nutrient potash K2O (total),5910,Export quantity,2005,2005,t,354.75,I,
104,'372,Ireland,3104,Nutrient potash K2O (total),5910,Export quantity,2006,2006,t,176.33,I,
104,'372,Ireland,3104,Nutrient potash K2O (total),5910,Export quantity,2007,2007,t,430.87,I,
104,'372,Ireland,3104,Nutrient potash K2O (total),5910,Export quantity,2008,2008,t,332.26,I,
104,'372,Ireland,3104,Nutrient potash K2O (total),5910,Export quantity,2009,2009,t,303.26,I,
104,'372,Ireland,3104,Nutrient potash K2O (total),5910,Export quantity,2010,2010,t,313.92,I,
104,'372,Ireland,3104,Nutrient potash K2O (total),5910,Export quantity,2011,2011,t,376.87,I,
104,'372,Ireland,3104,Nutrient potash K2O (total),5910,Export quantity,2012,2012,t,482.51,I,
104,'372,Ireland,3104,Nutrient potash K2O (total),5910,Export quantity,2013,2013,t,1060.54,I,
104,'372,Ireland,3104,Nutrient potash K2O (total),5910,Export quantity,2014,2014,t,571.67,I,
104,'372,Ireland,3104,Nutrient potash K2O (total),5910,Export quantity,2015,2015,t,914.02,I,
104,'372,Ireland,3104,Nutrient potash K2O (total),5910,Export quantity,2016,2016,t,595.24,I,
104,'372,Ireland,3104,Nutrient potash K2O (total),5910,Export quantity,2017,2017,t,1256.61,I,
104,'372,Ireland,3104,Nutrient potash K2O (total),5910,Export quantity,2018,2018,t,1885.96,I,
104,'372,Ireland,3104,Nutrient potash K2O (total),5910,Export quantity,2019,2019,t,1365.4,I,
104,'372,Ireland,3104,Nutrient potash K2O (total),5910,Export quantity,2020,2020,t,1541.08,I,
104,'372,Ireland,3104,Nutrient potash K2O (total),5910,Export quantity,2021,2021,t,1346.49,I,
104,'372,Ireland,3104,Nutrient potash K2O (total),5910,Export quantity,2022,2022,t,1504.45,I,
104,'372,Ireland,3104,Nutrient potash K2O (total),5910,Export quantity,2023,2023,t,1496.49,I,
104,'372,Ireland,3104,Nutrient potash K2O (total),5157,Agricultural Use,1961,1961,t,79487.0,A,Official data from questionnaire
104,'372,Ireland,3104,Nutrient potash K2O (total),5157,Agricultural Use,1962,1962,t,86215.0,A,Official data from questionnaire
104,'372,Ireland,3104,Nutrient potash K2O (total),5157,Agricultural Use,1963,1963,t,87331.0,A,Official data from questionnaire
104,'372,Ireland,3104,Nutrient potash K2O (total),5157,Agricultural Use,1964,1964,t,89469.0,A,Official data from questionnaire
104,'372,Ireland,3104,Nutrient potash K2O (total),5157,Agricultural Use,1965,1965,t,80935.0,A,Official data from questionnaire
104,'372,Ireland,3104,Nutrient potash K2O (total),5157,Agricultural Use,1966,1966,t,111403.0,A,Official data from questionnaire
104,'372,Ireland,3104,Nutrient potash K2O (total),5157,Agricultural Use,1967,1967,t,125000.0,A,Official data from questionnaire
104,'372,Ireland,3104,Nutrient potash K2O (total),5157,Agricultural Use,1968,1968,t,133800.0,A,Official data from questionnaire
104,'372,Ireland,3104,Nutrient potash K2O (total),5157,Agricultural Use,1969,1969,t,141100.0,A,Official data from questionnaire
104,'372,Ireland,3104,Nutrient potash K2O (total),5157,Agricultural Use,1970,1970,t,154300.0,A,Official data from questionnaire
104,'372,Ireland,3104,Nutrient potash K2O (total),5157,Agricultural Use,1971,1971,t,143460.0,A,Official data from questionnaire
104,'372,Ireland,3104,Nutrient potash K2O (total),5157,Agricultural Use,1972,1972,t,186500.0,A,Official data from questionnaire
104,'372,Ireland,3104,Nutrient potash K2O (total),5157,Agricultural Use,1973,1973,t,181250.0,A,Official data from questionnaire
104,'372,Ireland,3104,Nutrient potash K2O (total),5157,Agricultural Use,1974,1974,t,111100.0,A,Official data from questionnaire
104,'372,Ireland,3104,Nutrient potash K2O (total),5157,Agricultural Use,1975,1975,t,144250.0,A,Official data from questionnaire
104,'372,Ireland,3104,Nutrient potash K2O (total),5157,Agricultural Use,1976,1976,t,169960.0,A,Official data from questionnaire
104,'372,Ireland,3104,Nutrient potash K2O (total),5157,Agricultural Use,1977,1977,t,206000.0,X,Data sourced from another international organization
104,'372,Ireland,3104,Nutrient potash K2O (total),5157,Agricultural Use,1978,1978,t,221400.0,X,Data sourced from another international organization
104,'372,Ireland,3104,Nutrient potash K2O (total),5157,Agricultural Use,1979,1979,t,189100.0,X,Data sourced from another international organization
104,'372,Ireland,3104,Nutrient potash K2O (total),5157,Agricultural Use,1980,1980,t,181100.0,X,Data sourced from another international organization
104,'372,Ireland,3104,Nutrient potash K2O (total),5157,Agricultural Use,1981,1981,t,175500.0,X,Data sourced from another international organization
104,'372,Ireland,3104,Nutrient potash K2O (total),5157,Agricultural Use,1982,1982,t,184600.0,X,Data sourced from another international organization
104,'372,Ireland,3104,Nutrient potash K2O (total),5157,Agricultural Use,1983,1983,t,194700.0,X,Data sourced from another international organization
104,'372,Ireland,3104,Nutrient potash K2O (total),5157,Agricultural Use,1984,1984,t,197300.0,X,Data sourced from another international organization
104,'372,Ireland,3104,Nutrient potash K2O (total),5157,Agricultural Use,1985,1985,t,173598.0,X,Data sourced from another international organization
104,'372,Ireland,3104,Nutrient potash K2O (total),5157,Agricultural Use,1986,1986,t,196087.0,X,Data sourced from another international organization
104,'372,Ireland,3104,Nutrient potash K2O (total),5157,Agricultural Use,1987,1987,t,179100.0,X,Data sourced from another international organization
104,'372,Ireland,3104,Nutrient potash K2O (total),5157,Agricultural Use,1988,1988,t,183000.0,X,Data sourced from another international organization
104,'372,Ireland,3104,Nutrient potash K2O (total),5157,Agricultural Use,1989,1989,t,182300.0,X,Data sourced from another international organization
104,'372,Ireland,3104,Nutrient potash K2O (total),5157,Agricultural Use,1990,1990,t,183800.0,X,Data sourced from another international organization
104,'372,Ireland,3104,Nutrient potash K2O (total),5157,Agricultural Use,1991,1991,t,178800.0,X,Data sourced from another international organization
104,'372,Ireland,3104,Nutrient potash K2O (total),5157,Agricultural Use,1992,1992,t,178000.0,X,Data sourced from another international organization
104,'372,Ireland,3104,Nutrient potash K2O (total),5157,Agricultural Use,1993,1993,t,175000.0,X,Data sourced from another international organization
104,'372,Ireland,3104,Nutrient potash K2O (total),5157,Agricultural Use,1994,1994,t,178000.0,X,Data sourced from another international organization
104,'372,Ireland,3104,Nutrient potash K2O (total),5157,Agricultural Use,1995,1995,t,182000.0,X,Data sourced from another international organization
104,'372,Ireland,3104,Nutrient potash K2O (total),5157,Agricultural Use,1996,1996,t,160000.0,X,Data sourced from another international organization
104,'372,Ireland,3104,Nutrient potash K2O (total),5157,Agricultural Use,1997,1997,t,150000.0,X,Data sourced from another international organization
104,'372,Ireland,3104,Nutrient potash K2O (total),5157,Agricultural Use,1998,1998,t,152000.0,X,Data sourced from another international organization
104,'372,Ireland,3104,Nutrient potash K2O (total),5157,Agricultural Use,1999,1999,t,148000.0,X,Data sourced from another international organization
104,'372,Ireland,3104,Nutrient potash K2O (total),5157,Agricultural Use,2000,2000,t,135000.0,X,Data sourced from another international organization
104,'372,Ireland,3104,Nutrient potash K2O (total),5157,Agricultural Use,2001,2001,t,126717.0,A,Official data from questionnaire
104,'372,Ireland,3104,Nutrient potash K2O (total),5157,Agricultural Use,2002,2002,t,133919.0,E,
104,'372,Ireland,3104,Nutrient potash K2O (total),5157,Agricultural Use,2003,2003,t,141750.0,E,
104,'372,Ireland,3104,Nutrient potash K2O (total),5157,Agricultural Use,2004,2004,t,121315.0,A,Official data from questionnaire
104,'372,Ireland,3104,Nutrient potash K2O (total),5157,Agricultural Use,2005,2005,t,111883.0,A,Official data from questionnaire
104,'372,Ireland,3104,Nutrient potash K2O (total),5157,Agricultural Use,2006,2006,t,102074.0,A,Official data from questionnaire
104,'372,Ireland,3104,Nutrient potash K2O (total),5157,Agricultural Use,2007,2007,t,83821.0,A,Official data from questionnaire
104,'372,Ireland,3104,Nutrient potash K2O (total),5157,Agricultural Use,2008,2008,t,63125.0,A,Official data from questionnaire
104,'372,Ireland,3104,Nutrient potash K2O (total),5157,Agricultural Use,2009,2009,t,90223.0,A,Official data from questionnaire
104,'372,Ireland,3104,Nutrient potash K2O (total),5157,Agricultural Use,2010,2010,t,87930.0,A,Official data from questionnaire
104,'372,Ireland,3104,Nutrient potash K2O (total),5157,Agricultural Use,2011,2011,t,97788.0,A,Official data from questionnaire
104,'372,Ireland,3104,Nutrient potash K2O (total),5157,Agricultural Use,2012,2012,t,111775.0,A,Official data collected from national publication
104,'372,Ireland,3104,Nutrient potash K2O (total),5157,Agricultural Use,2013,2013,t,113006.0,A,Official data from questionnaire
104,'372,Ireland,3104,Nutrient potash K2O (total),5157,Agricultural Use,2014,2014,t,93812.0,A,Official data collected from national publication
104,'372,Ireland,3104,Nutrient potash K2O (total),5157,Agricultural Use,2015,2015,t,94242.0,A,Official data collected from national publication
104,'372,Ireland,3104,Nutrient potash K2O (total),5157,Agricultural Use,2016,2016,t,95558.0,A,Official data collected from national publication
104,'372,Ireland,3104,Nutrient potash K2O (total),5157,Agricultural Use,2017,2017,t,108694.0,A,Official data collected from national publication
104,'372,Ireland,3104,Nutrient potash K2O (total),5157,Agricultural Use,2018,2018,t,120267.0,A,Official data collected from national publication
104,'372,Ireland,3104,Nutrient potash K2O (total),5157,Agricultural Use,2019,2019,t,114288.0,A,Official data collected from national publication
104,'372,Ireland,3104,Nutrient potash K2O (total),5157,Agricultural Use,2020,2020,t,118016.0,A,Official data collected from national publication
104,'372,Ireland,3104,Nutrient potash K2O (total),5157,Agricultural Use,2021,2021,t,122922.0,A,Official data collected from national publication
104,'372,Ireland,3104,Nutrient potash K2O (total),5157,Agricultural Use,2022,2022,t,93614.0,A,Official data collected from national publication
104,'372,Ireland,3104,Nutrient potash K2O (total),5157,Agricultural Use,2023,2023,t,81956.0,A,Official data from questionnaire
104,'372,Ireland,3104,Nutrient potash K2O (total),5159,Use per area of cropland,1961,1961,kg/ha,56.54,E,
104,'372,Ireland,3104,Nutrient potash K2O (total),5159,Use per area of cropland,1962,1962,kg/ha,61.32,E,
104,'372,Ireland,3104,Nutrient potash K2O (total),5159,Use per area of cropland,1963,1963,kg/ha,62.12,E,
104,'372,Ireland,3104,Nutrient potash K2O (total),5159,Use per area of cropland,1964,1964,kg/ha,63.64,E,
104,'372,Ireland,3104,Nutrient potash K2O (total),5159,Use per area of cropland,1965,1965,kg/ha,57.57,E,
104,'372,Ireland,3104,Nutrient potash K2O (total),5159,Use per area of cropland,1966,1966,kg/ha,79.24,E,
104,'372,Ireland,3104,Nutrient potash K2O (total),5159,Use per area of cropland,1967,1967,kg/ha,88.91,E,
104,'372,Ireland,3104,Nutrient potash K2O (total),5159,Use per area of cropland,1968,1968,kg/ha,95.17,E,
104,'372,Ireland,3104,Nutrient potash K2O (total),5159,Use per area of cropland,1969,1969,kg/ha,100.36,E,
104,'372,Ireland,3104,Nutrient potash K2O (total),5159,Use per area of cropland,1970,1970,kg/ha,109.75,E,
104,'372,Ireland,3104,Nutrient potash K2O (total),5159,Use per area of cropland,1971,1971,kg/ha,102.04,E,
104,'372,Ireland,3104,Nutrient potash K2O (total),5159,Use per area of cropland,1972,1972,kg/ha,132.65,E,
104,'372,Ireland,3104,Nutrient potash K2O (total),5159,Use per area of cropland,1973,1973,kg/ha,128.92,E,
104,'372,Ireland,3104,Nutrient potash K2O (total),5159,Use per area of cropland,1974,1974,kg/ha,79.02,E,
104,'372,Ireland,3104,Nutrient potash K2O (total),5159,Use per area of cropland,1975,1975,kg/ha,102.6,E,
104,'372,Ireland,3104,Nutrient potash K2O (total),5159,Use per area of cropland,1976,1976,kg/ha,120.89,E,
104,'372,Ireland,3104,Nutrient potash K2O (total),5159,Use per area of cropland,1977,1977,kg/ha,146.52,E,
104,'372,Ireland,3104,Nutrient potash K2O (total),5159,Use per area of cropland,1978,1978,kg/ha,157.47,E,
104,'372,Ireland,3104,Nutrient potash K2O (total),5159,Use per area of cropland,1979,1979,kg/ha,134.5,E,
104,'372,Ireland,3104,Nutrient potash K2O (total),5159,Use per area of cropland,1980,1980,kg/ha,128.81,E,
104,'372,Ireland,3104,Nutrient potash K2O (total),5159,Use per area of cropland,1981,1981,kg/ha,124.83,E,
104,'372,Ireland,3104,Nutrient potash K2O (total),5159,Use per area of cropland,1982,1982,kg/ha,131.3,E,
104,'372,Ireland,3104,Nutrient potash K2O (total),5159,Use per area of cropland,1983,1983,kg/ha,138.48,E,
104,'372,Ireland,3104,Nutrient potash K2O (total),5159,Use per area of cropland,1984,1984,kg/ha,140.33,E,
104,'372,Ireland,3104,Nutrient potash K2O (total),5159,Use per area of cropland,1985,1985,kg/ha,123.47,E,
104,'372,Ireland,3104,Nutrient potash K2O (total),5159,Use per area of cropland,1986,1986,kg/ha,139.47,E,
104,'372,Ireland,3104,Nutrient potash K2O (total),5159,Use per area of cropland,1987,1987,kg/ha,127.39,E,
104,'372,Ireland,3104,Nutrient potash K2O (total),5159,Use per area of cropland,1988,1988,kg/ha,130.16,E,
104,'372,Ireland,3104,Nutrient potash K2O (total),5159,Use per area of cropland,1989,1989,kg/ha,129.66,E,
104,'372,Ireland,3104,Nutrient potash K2O (total),5159,Use per area of cropland,1990,1990,kg/ha,130.73,E,
104,'372,Ireland,3104,Nutrient potash K2O (total),5159,Use per area of cropland,1991,1991,kg/ha,127.17,E,
104,'372,Ireland,3104,Nutrient potash K2O (total),5159,Use per area of cropland,1992,1992,kg/ha,126.61,E,
104,'372,Ireland,3104,Nutrient potash K2O (total),5159,Use per area of cropland,1993,1993,kg/ha,124.47,E,
104,'372,Ireland,3104,Nutrient potash K2O (total),5159,Use per area of cropland,1994,1994,kg/ha,126.61,E,
104,'372,Ireland,3104,Nutrient potash K2O (total),5159,Use per area of cropland,1995,1995,kg/ha,129.45,E,
104,'372,Ireland,3104,Nutrient potash K2O (total),5159,Use per area of cropland,1996,1996,kg/ha,113.8,E,
104,'372,Ireland,3104,Nutrient potash K2O (total),5159,Use per area of cropland,1997,1997,kg/ha,106.69,E,
104,'372,Ireland,3104,Nutrient potash K2O (total),5159,Use per area of cropland,1998,1998,kg/ha,108.11,E,
104,'372,Ireland,3104,Nutrient potash K2O (total),5159,Use per area of cropland,1999,1999,kg/ha,105.27,E,
104,'372,Ireland,3104,Nutrient potash K2O (total),5159,Use per area of cropland,2000,2000,kg/ha,96.02,E,
104,'372,Ireland,3104,Nutrient potash K2O (total),5159,Use per area of cropland,2001,2001,kg/ha,90.13,E,
104,'372,Ireland,3104,Nutrient potash K2O (total),5159,Use per area of cropland,2002,2002,kg/ha,95.25,E,
104,'372,Ireland,3104,Nutrient potash K2O (total),5159,Use per area of cropland,2003,2003,kg/ha,98.36,E,
104,'372,Ireland,3104,Nutrient potash K2O (total),5159,Use per area of cropland,2004,2004,kg/ha,85.72,E,
104,'372,Ireland,3104,Nutrient potash K2O (total),5159,Use per area of cropland,2005,2005,kg/ha,84.19,E,
104,'372,Ireland,3104,Nutrient potash K2O (total),5159,Use per area of cropland,2006,2006,kg/ha,80.34,E,
104,'372,Ireland,3104,Nutrient potash K2O (total),5159,Use per area of cropland,2007,2007,kg/ha,66.21,E,
104,'372,Ireland,3104,Nutrient potash K2O (total),5159,Use per area of cropland,2008,2008,kg/ha,47.83,E,
104,'372,Ireland,3104,Nutrient potash K2O (total),5159,Use per area of cropland,2009,2009,kg/ha,71.7,E,
104,'372,Ireland,3104,Nutrient potash K2O (total),5159,Use per area of cropland,2010,2010,kg/ha,73.8,E,
104,'372,Ireland,3104,Nutrient potash K2O (total),5159,Use per area of cropland,2011,2011,kg/ha,78.63,E,
104,'372,Ireland,3104,Nutrient potash K2O (total),5159,Use per area of cropland,2012,2012,kg/ha,85.52,E,
104,'372,Ireland,3104,Nutrient potash K2O (total),5159,Use per area of cropland,2013,2013,kg/ha,88.02,E,
104,'372,Ireland,3104,Nutrient potash K2O (total),5159,Use per area of cropland,2014,2014,kg/ha,74.46,E,
104,'372,Ireland,3104,Nutrient potash K2O (total),5159,Use per area of cropland,2015,2015,kg/ha,76.81,E,
104,'372,Ireland,3104,Nutrient potash K2O (total),5159,Use per area of cropland,2016,2016,kg/ha,76.53,E,
104,'372,Ireland,3104,Nutrient potash K2O (total),5159,Use per area of cropland,2017,2017,kg/ha,87.05,E,
104,'372,Ireland,3104,Nutrient potash K2O (total),5159,Use per area of cropland,2018,2018,kg/ha,98.45,E,
104,'372,Ireland,3104,Nutrient potash K2O (total),5159,Use per area of cropland,2019,2019,kg/ha,95.24,E,
104,'372,Ireland,3104,Nutrient potash K2O (total),5159,Use per area of cropland,2020,2020,kg/ha,98.13,E,
104,'372,Ireland,3104,Nutrient potash K2O (total),5159,Use per area of cropland,2021,2021,kg/ha,104.08,E,
104,'372,Ireland,3104,Nutrient potash K2O (total),5159,Use per area of cropland,2022,2022,kg/ha,77.49,E,
104,'372,Ireland,3104,Nutrient potash K2O (total),5159,Use per area of cropland,2023,2023,kg/ha,68.76,E,
104,'372,Ireland,3104,Nutrient potash K2O (total),5172,Use per capita,1961,1961,kg/cap,28.14,E,
104,'372,Ireland,3104,Nutrient potash K2O (total),5172,Use per capita,1962,1962,kg/cap,30.45,E,
104,'372,Ireland,3104,Nutrient potash K2O (total),5172,Use per capita,1963,1963,kg/cap,30.72,E,
104,'372,Ireland,3104,Nutrient potash K2O (total),5172,Use per capita,1964,1964,kg/cap,31.31,E,
104,'372,Ireland,3104,Nutrient potash K2O (total),5172,Use per capita,1965,1965,kg/cap,28.17,E,
104,'372,Ireland,3104,Nutrient potash K2O (total),5172,Use per capita,1966,1966,kg/cap,38.56,E,
104,'372,Ireland,3104,Nutrient potash K2O (total),5172,Use per capita,1967,1967,kg/cap,43.02,E,
104,'372,Ireland,3104,Nutrient potash K2O (total),5172,Use per capita,1968,1968,kg/cap,45.78,E,
104,'372,Ireland,3104,Nutrient potash K2O (total),5172,Use per capita,1969,1969,kg/cap,47.98,E,
104,'372,Ireland,3104,Nutrient potash K2O (total),5172,Use per capita,1970,1970,kg/cap,52.1,E,
104,'372,Ireland,3104,Nutrient potash K2O (total),5172,Use per capita,1971,1971,kg/cap,47.93,E,
104,'372,Ireland,3104,Nutrient potash K2O (total),5172,Use per capita,1972,1972,kg/cap,61.41,E,
104,'372,Ireland,3104,Nutrient potash K2O (total),5172,Use per capita,1973,1973,kg/cap,58.76,E,
104,'372,Ireland,3104,Nutrient potash K2O (total),5172,Use per capita,1974,1974,kg/cap,35.47,E,
104,'372,Ireland,3104,Nutrient potash K2O (total),5172,Use per capita,1975,1975,kg/cap,45.36,E,
104,'372,Ireland,3104,Nutrient potash K2O (total),5172,Use per capita,1976,1976,kg/cap,52.65,E,
104,'372,Ireland,3104,Nutrient potash K2O (total),5172,Use per capita,1977,1977,kg/cap,62.85,E,
104,'372,Ireland,3104,Nutrient potash K2O (total),5172,Use per capita,1978,1978,kg/cap,66.5,E,
104,'372,Ireland,3104,Nutrient potash K2O (total),5172,Use per capita,1979,1979,kg/cap,56.02,E,
104,'372,Ireland,3104,Nutrient potash K2O (total),5172,Use per capita,1980,1980,kg/cap,53.03,E,
104,'372,Ireland,3104,Nutrient potash K2O (total),5172,Use per capita,1981,1981,kg/cap,50.89,E,
104,'372,Ireland,3104,Nutrient potash K2O (total),5172,Use per capita,1982,1982,kg/cap,53.11,E,
104,'372,Ireland,3104,Nutrient potash K2O (total),5172,Use per capita,1983,1983,kg/cap,55.67,E,
104,'372,Ireland,3104,Nutrient potash K2O (total),5172,Use per capita,1984,1984,kg/cap,56.12,E,
104,'372,Ireland,3104,Nutrient potash K2O (total),5172,Use per capita,1985,1985,kg/cap,49.16,E,
104,'372,Ireland,3104,Nutrient potash K2O (total),5172,Use per capita,1986,1986,kg/cap,55.36,E,
104,'372,Ireland,3104,Nutrient potash K2O (total),5172,Use per capita,1987,1987,kg/cap,50.59,E,
104,'372,Ireland,3104,Nutrient potash K2O (total),5172,Use per capita,1988,1988,kg/cap,51.91,E,
104,'372,Ireland,3104,Nutrient potash K2O (total),5172,Use per capita,1989,1989,kg/cap,51.92,E,
104,'372,Ireland,3104,Nutrient potash K2O (total),5172,Use per capita,1990,1990,kg/cap,52.3,E,
104,'372,Ireland,3104,Nutrient potash K2O (total),5172,Use per capita,1991,1991,kg/cap,50.59,E,
104,'372,Ireland,3104,Nutrient potash K2O (total),5172,Use per capita,1992,1992,kg/cap,50.02,E,
104,'372,Ireland,3104,Nutrient potash K2O (total),5172,Use per capita,1993,1993,kg/cap,48.94,E,
104,'372,Ireland,3104,Nutrient potash K2O (total),5172,Use per capita,1994,1994,kg/cap,49.58,E,
104,'372,Ireland,3104,Nutrient potash K2O (total),5172,Use per capita,1995,1995,kg/cap,50.41,E,
104,'372,Ireland,3104,Nutrient potash K2O (total),5172,Use per capita,1996,1996,kg/cap,43.97,E,
104,'372,Ireland,3104,Nutrient potash K2O (total),5172,Use per capita,1997,1997,kg/cap,40.85,E,
104,'372,Ireland,3104,Nutrient potash K2O (total),5172,Use per capita,1998,1998,kg/cap,40.96,E,
104,'372,Ireland,3104,Nutrient potash K2O (total),5172,Use per capita,1999,1999,kg/cap,39.44,E,
104,'372,Ireland,3104,Nutrient potash K2O (total),5172,Use per capita,2000,2000,kg/cap,35.5,E,
104,'372,Ireland,3104,Nutrient potash K2O (total),5172,Use per capita,2001,2001,kg/cap,32.8,E,
104,'372,Ireland,3104,Nutrient potash K2O (total),5172,Use per capita,2002,2002,kg/cap,34.09,E,
104,'372,Ireland,3104,Nutrient potash K2O (total),5172,Use per capita,2003,2003,kg/cap,35.5,E,
104,'372,Ireland,3104,Nutrient potash K2O (total),5172,Use per capita,2004,2004,kg/cap,29.84,E,
104,'372,Ireland,3104,Nutrient potash K2O (total),5172,Use per capita,2005,2005,kg/cap,26.93,E,
104,'372,Ireland,3104,Nutrient potash K2O (total),5172,Use per capita,2006,2006,kg/cap,23.91,E,
104,'372,Ireland,3104,Nutrient potash K2O (total),5172,Use per capita,2007,2007,kg/cap,19.08,E,
104,'372,Ireland,3104,Nutrient potash K2O (total),5172,Use per capita,2008,2008,kg/cap,14.07,E,
104,'372,Ireland,3104,Nutrient potash K2O (total),5172,Use per capita,2009,2009,kg/cap,19.9,E,
104,'372,Ireland,3104,Nutrient potash K2O (total),5172,Use per capita,2010,2010,kg/cap,19.29,E,
104,'372,Ireland,3104,Nutrient potash K2O (total),5172,Use per capita,2011,2011,kg/cap,21.35,E,
104,'372,Ireland,3104,Nutrient potash K2O (total),5172,Use per capita,2012,2012,kg/cap,24.3,E,
104,'372,Ireland,3104,Nutrient potash K2O (total),5172,Use per capita,2013,2013,kg/cap,24.44,E,
104,'372,Ireland,3104,Nutrient potash K2O (total),5172,Use per capita,2014,2014,kg/cap,20.14,E,
104,'372,Ireland,3104,Nutrient potash K2O (total),5172,Use per capita,2015,2015,kg/cap,20.04,E,
104,'372,Ireland,3104,Nutrient potash K2O (total),5172,Use per capita,2016,2016,kg/cap,20.1,E,
104,'372,Ireland,3104,Nutrient potash K2O (total),5172,Use per capita,2017,2017,kg/cap,22.6,E,
104,'372,Ireland,3104,Nutrient potash K2O (total),5172,Use per capita,2018,2018,kg/cap,24.68,E,
104,'372,Ireland,3104,Nutrient potash K2O (total),5172,Use per capita,2019,2019,kg/cap,23.17,E,
104,'372,Ireland,3104,Nutrient potash K2O (total),5172,Use per capita,2020,2020,kg/cap,23.69,E,
104,'372,Ireland,3104,Nutrient potash K2O (total),5172,Use per capita,2021,2021,kg/cap,24.45,E,
104,'372,Ireland,3104,Nutrient potash K2O (total),5172,Use per capita,2022,2022,kg/cap,18.32,E,
104,'372,Ireland,3104,Nutrient potash K2O (total),5172,Use per capita,2023,2023,kg/cap,15.77,E,
104,'372,Ireland,3104,Nutrient potash K2O (total),5173,Use per value of agricultural production,1961,1961,g/Int$,26.0,E,
104,'372,Ireland,3104,Nutrient potash K2O (total),5173,Use per value of agricultural production,1962,1962,g/Int$,28.0,E,
104,'372,Ireland,3104,Nutrient potash K2O (total),5173,Use per value of agricultural production,1963,1963,g/Int$,28.79,E,
104,'372,Ireland,3104,Nutrient potash K2O (total),5173,Use per value of agricultural production,1964,1964,g/Int$,31.14,E,
104,'372,Ireland,3104,Nutrient potash K2O (total),5173,Use per value of agricultural production,1965,1965,g/Int$,27.24,E,
104,'372,Ireland,3104,Nutrient potash K2O (total),5173,Use per value of agricultural production,1966,1966,g/Int$,36.13,E,
104,'372,Ireland,3104,Nutrient potash K2O (total),5173,Use per value of agricultural production,1967,1967,g/Int$,34.98,E,
104,'372,Ireland,3104,Nutrient potash K2O (total),5173,Use per value of agricultural production,1968,1968,g/Int$,37.49,E,
104,'372,Ireland,3104,Nutrient potash K2O (total),5173,Use per value of agricultural production,1969,1969,g/Int$,39.5,E,
104,'372,Ireland,3104,Nutrient potash K2O (total),5173,Use per value of agricultural production,1970,1970,g/Int$,42.77,E,
104,'372,Ireland,3104,Nutrient potash K2O (total),5173,Use per value of agricultural production,1971,1971,g/Int$,37.41,E,
104,'372,Ireland,3104,Nutrient potash K2O (total),5173,Use per value of agricultural production,1972,1972,g/Int$,51.19,E,
104,'372,Ireland,3104,Nutrient potash K2O (total),5173,Use per value of agricultural production,1973,1973,g/Int$,48.5,E,
104,'372,Ireland,3104,Nutrient potash K2O (total),5173,Use per value of agricultural production,1974,1974,g/Int$,26.51,E,
104,'372,Ireland,3104,Nutrient potash K2O (total),5173,Use per value of agricultural production,1975,1975,g/Int$,31.48,E,
104,'372,Ireland,3104,Nutrient potash K2O (total),5173,Use per value of agricultural production,1976,1976,g/Int$,39.23,E,
104,'372,Ireland,3104,Nutrient potash K2O (total),5173,Use per value of agricultural production,1977,1977,g/Int$,41.88,E,
104,'372,Ireland,3104,Nutrient potash K2O (total),5173,Use per value of agricultural production,1978,1978,g/Int$,44.0,E,
104,'372,Ireland,3104,Nutrient potash K2O (total),5173,Use per value of agricultural production,1979,1979,g/Int$,37.02,E,
104,'372,Ireland,3104,Nutrient potash K2O (total),5173,Use per value of agricultural production,1980,1980,g/Int$,33.95,E,
104,'372,Ireland,3104,Nutrient potash K2O (total),5173,Use per value of agricultural production,1981,1981,g/Int$,37.39,E,
104,'372,Ireland,3104,Nutrient potash K2O (total),5173,Use per value of agricultural production,1982,1982,g/Int$,36.3,E,
104,'372,Ireland,3104,Nutrient potash K2O (total),5173,Use per value of agricultural production,1983,1983,g/Int$,37.48,E,
104,'372,Ireland,3104,Nutrient potash K2O (total),5173,Use per value of agricultural production,1984,1984,g/Int$,34.72,E,
104,'372,Ireland,3104,Nutrient potash K2O (total),5173,Use per value of agricultural production,1985,1985,g/Int$,29.87,E,
104,'372,Ireland,3104,Nutrient potash K2O (total),5173,Use per value of agricultural production,1986,1986,g/Int$,32.94,E,
104,'372,Ireland,3104,Nutrient potash K2O (total),5173,Use per value of agricultural production,1987,1987,g/Int$,30.32,E,
104,'372,Ireland,3104,Nutrient potash K2O (total),5173,Use per value of agricultural production,1988,1988,g/Int$,31.94,E,
104,'372,Ireland,3104,Nutrient potash K2O (total),5173,Use per value of agricultural production,1989,1989,g/Int$,32.28,E,
104,'372,Ireland,3104,Nutrient potash K2O (total),5173,Use per value of agricultural production,1990,1990,g/Int$,29.55,E,
104,'372,Ireland,3104,Nutrient potash K2O (total),5173,Use per value of agricultural production,1991,1991,g/Int$,27.91,E,
104,'372,Ireland,3104,Nutrient potash K2O (total),5173,Use per value of agricultural production,1992,1992,g/Int$,27.33,E,
104,'372,Ireland,3104,Nutrient potash K2O (total),5173,Use per value of agricultural production,1993,1993,g/Int$,27.87,E,
104,'372,Ireland,3104,Nutrient potash K2O (total),5173,Use per value of agricultural production,1994,1994,g/Int$,29.72,E,
104,'372,Ireland,3104,Nutrient potash K2O (total),5173,Use per value of agricultural production,1995,1995,g/Int$,29.67,E,
104,'372,Ireland,3104,Nutrient potash K2O (total),5173,Use per value of agricultural production,1996,1996,g/Int$,24.75,E,
104,'372,Ireland,3104,Nutrient potash K2O (total),5173,Use per value of agricultural production,1997,1997,g/Int$,23.25,E,
104,'372,Ireland,3104,Nutrient potash K2O (total),5173,Use per value of agricultural production,1998,1998,g/Int$,23.0,E,
104,'372,Ireland,3104,Nutrient potash K2O (total),5173,Use per value of agricultural production,1999,1999,g/Int$,21.33,E,
104,'372,Ireland,3104,Nutrient potash K2O (total),5173,Use per value of agricultural production,2000,2000,g/Int$,20.47,E,
104,'372,Ireland,3104,Nutrient potash K2O (total),5173,Use per value of agricultural production,2001,2001,g/Int$,18.95,E,
104,'372,Ireland,3104,Nutrient potash K2O (total),5173,Use per value of agricultural production,2002,2002,g/Int$,20.97,E,
104,'372,Ireland,3104,Nutrient potash K2O (total),5173,Use per value of agricultural production,2003,2003,g/Int$,21.85,E,
104,'372,Ireland,3104,Nutrient potash K2O (total),5173,Use per value of agricultural production,2004,2004,g/Int$,18.42,E,
104,'372,Ireland,3104,Nutrient potash K2O (total),5173,Use per value of agricultural production,2005,2005,g/Int$,17.81,E,
104,'372,Ireland,3104,Nutrient potash K2O (total),5173,Use per value of agricultural production,2006,2006,g/Int$,16.4,E,
104,'372,Ireland,3104,Nutrient potash K2O (total),5173,Use per value of agricultural production,2007,2007,g/Int$,13.21,E,
104,'372,Ireland,3104,Nutrient potash K2O (total),5173,Use per value of agricultural production,2008,2008,g/Int$,10.23,E,
104,'372,Ireland,3104,Nutrient potash K2O (total),5173,Use per value of agricultural production,2009,2009,g/Int$,14.95,E,
104,'372,Ireland,3104,Nutrient potash K2O (total),5173,Use per value of agricultural production,2010,2010,g/Int$,13.98,E,
104,'372,Ireland,3104,Nutrient potash K2O (total),5173,Use per value of agricultural production,2011,2011,g/Int$,15.13,E,
104,'372,Ireland,3104,Nutrient potash K2O (total),5173,Use per value of agricultural production,2012,2012,g/Int$,18.33,E,
104,'372,Ireland,3104,Nutrient potash K2O (total),5173,Use per value of agricultural production,2013,2013,g/Int$,17.67,E,
104,'372,Ireland,3104,Nutrient potash K2O (total),5173,Use per value of agricultural production,2014,2014,g/Int$,13.73,E,
104,'372,Ireland,3104,Nutrient potash K2O (total),5173,Use per value of agricultural production,2015,2015,g/Int$,13.19,E,
104,'372,Ireland,3104,Nutrient potash K2O (total),5173,Use per value of agricultural production,2016,2016,g/Int$,13.05,E,
104,'372,Ireland,3104,Nutrient potash K2O (total),5173,Use per value of agricultural production,2017,2017,g/Int$,13.82,E,
104,'372,Ireland,3104,Nutrient potash K2O (total),5173,Use per value of agricultural production,2018,2018,g/Int$,15.43,E,
104,'372,Ireland,3104,Nutrient potash K2O (total),5173,Use per value of agricultural production,2019,2019,g/Int$,14.12,E,
104,'372,Ireland,3104,Nutrient potash K2O (total),5173,Use per value of agricultural production,2020,2020,g/Int$,14.37,E,
104,'372,Ireland,3104,Nutrient potash K2O (total),5173,Use per value of agricultural production,2021,2021,g/Int$,14.63,E,
104,'372,Ireland,3104,Nutrient potash K2O (total),5173,Use per value of agricultural production,2022,2022,g/Int$,10.92,E,
104,'372,Ireland,3104,Nutrient potash K2O (total),5173,Use per value of agricultural production,2023,2023,g/Int$,10.05,E,
