Area Code,Area Code (M49),Area,Item Code,Item,Element Code,Element,Year Code,Year,Unit,Value,Flag,Note
54,'208,Denmark,6600,Country area,5110,Area,1961,1961,1000 ha,4292.0,A,
54,'208,Denmark,6600,Country area,5110,Area,1962,1962,1000 ha,4292.0,A,
54,'208,Denmark,6600,Country area,5110,Area,1963,1963,1000 ha,4292.0,A,
54,'208,Denmark,6600,Country area,5110,Area,1964,1964,1000 ha,4292.0,A,
54,'208,Denmark,6600,Country area,5110,Area,1965,1965,1000 ha,4292.0,A,
54,'208,Denmark,6600,Country area,5110,Area,1966,1966,1000 ha,4292.0,A,
54,'208,Denmark,6600,Country area,5110,Area,1967,1967,1000 ha,4292.0,A,
54,'208,Denmark,6600,Country area,5110,Area,1968,1968,1000 ha,4292.0,A,
54,'208,Denmark,6600,Country area,5110,Area,1969,1969,1000 ha,4292.0,A,
54,'208,Denmark,6600,Country area,5110,Area,1970,1970,1000 ha,4292.0,A,
54,'208,Denmark,6600,Country area,5110,Area,1971,1971,1000 ha,4292.0,A,
54,'208,Denmark,6600,Country area,5110,Area,1972,1972,1000 ha,4292.0,A,
54,'208,Denmark,6600,Country area,5110,Area,1973,1973,1000 ha,4292.0,A,
54,'208,Denmark,6600,Country area,5110,Area,1974,1974,1000 ha,4292.0,A,
54,'208,Denmark,6600,Country area,5110,Area,1975,1975,1000 ha,4292.0,A,
54,'208,Denmark,6600,Country area,5110,Area,1976,1976,1000 ha,4292.0,A,
54,'208,Denmark,6600,Country area,5110,Area,1977,1977,1000 ha,4292.0,A,
54,'208,Denmark,6600,Country area,5110,Area,1978,1978,1000 ha,4292.0,A,
54,'208,Denmark,6600,Country area,5110,Area,1979,1979,1000 ha,4292.0,A,
54,'208,Denmark,6600,Country area,5110,Area,1980,1980,1000 ha,4292.0,A,
54,'208,Denmark,6600,Country area,5110,Area,1981,1981,1000 ha,4292.0,A,
54,'208,Denmark,6600,Country area,5110,Area,1982,1982,1000 ha,4292.0,A,
54,'208,Denmark,6600,Country area,5110,Area,1983,1983,1000 ha,4292.0,A,
54,'208,Denmark,6600,Country area,5110,Area,1984,1984,1000 ha,4292.0,A,
54,'208,Denmark,6600,Country area,5110,Area,1985,1985,1000 ha,4292.0,A,
54,'208,Denmark,6600,Country area,5110,Area,1986,1986,1000 ha,4292.0,A,
54,'208,Denmark,6600,Country area,5110,Area,1987,1987,1000 ha,4292.0,A,
54,'208,Denmark,6600,Country area,5110,Area,1988,1988,1000 ha,4292.0,A,
54,'208,Denmark,6600,Country area,5110,Area,1989,1989,1000 ha,4292.0,A,
54,'208,Denmark,6600,Country area,5110,Area,1990,1990,1000 ha,4292.0,A,
54,'208,Denmark,6600,Country area,5110,Area,1991,1991,1000 ha,4292.0,A,
54,'208,Denmark,6600,Country area,5110,Area,1992,1992,1000 ha,4292.0,A,
54,'208,Denmark,6600,Country area,5110,Area,1993,1993,1000 ha,4292.0,A,
54,'208,Denmark,6600,Country area,5110,Area,1994,1994,1000 ha,4292.0,A,
54,'208,Denmark,6600,Country area,5110,Area,1995,1995,1000 ha,4292.0,A,
54,'208,Denmark,6600,Country area,5110,Area,1996,1996,1000 ha,4292.0,A,
54,'208,Denmark,6600,Country area,5110,Area,1997,1997,1000 ha,4292.0,A,
54,'208,Denmark,6600,Country area,5110,Area,1998,1998,1000 ha,4292.0,A,
54,'208,Denmark,6600,Country area,5110,Area,1999,1999,1000 ha,4292.0,A,
54,'208,Denmark,6600,Country area,5110,Area,2000,2000,1000 ha,4292.0,A,
54,'208,Denmark,6600,Country area,5110,Area,2001,2001,1000 ha,4292.0,A,
54,'208,Denmark,6600,Country area,5110,Area,2002,2002,1000 ha,4292.0,A,
54,'208,Denmark,6600,Country area,5110,Area,2003,2003,1000 ha,4292.0,A,
54,'208,Denmark,6600,Country area,5110,Area,2004,2004,1000 ha,4292.0,A,
54,'208,Denmark,6600,Country area,5110,Area,2005,2005,1000 ha,4292.0,A,
54,'208,Denmark,6600,Country area,5110,Area,2006,2006,1000 ha,4292.0,A,
54,'208,Denmark,6600,Country area,5110,Area,2007,2007,1000 ha,4292.0,A,
54,'208,Denmark,6600,Country area,5110,Area,2008,2008,1000 ha,4292.0,A,
54,'208,Denmark,6600,Country area,5110,Area,2009,2009,1000 ha,4292.0,A,
54,'208,Denmark,6600,Country area,5110,Area,2010,2010,1000 ha,4292.0,A,
54,'208,Denmark,6600,Country area,5110,Area,2011,2011,1000 ha,4292.0,A,
54,'208,Denmark,6600,Country area,5110,Area,2012,2012,1000 ha,4292.0,A,
54,'208,Denmark,6600,Country area,5110,Area,2013,2013,1000 ha,4292.0,A,
54,'208,Denmark,6600,Country area,5110,Area,2014,2014,1000 ha,4292.0,A,
54,'208,Denmark,6600,Country area,5110,Area,2015,2015,1000 ha,4292.0,A,
54,'208,Denmark,6600,Country area,5110,Area,2016,2016,1000 ha,4292.0,A,
54,'208,Denmark,6600,Country area,5110,Area,2017,2017,1000 ha,4292.0,A,
54,'208,Denmark,6600,Country area,5110,Area,2018,2018,1000 ha,4292.0,A,
54,'208,Denmark,6600,Country area,5110,Area,2019,2019,1000 ha,4292.0,A,
54,'208,Denmark,6600,Country area,5110,Area,2020,2020,1000 ha,4292.0,A,
54,'208,Denmark,6600,Country area,5110,Area,2021,2021,1000 ha,4292.0,A,
54,'208,Denmark,6600,Country area,5110,Area,2022,2022,1000 ha,4292.0,A,
54,'208,Denmark,6600,Country area,5110,Area,2023,2023,1000 ha,4292.0,A,
54,'208,Denmark,6601,Land area,5110,Area,1961,1961,1000 ha,4000.0,A,
54,'208,Denmark,6601,Land area,5110,Area,1962,1962,1000 ha,4000.0,A,
54,'208,Denmark,6601,Land area,5110,Area,1963,1963,1000 ha,4000.0,A,
54,'208,Denmark,6601,Land area,5110,Area,1964,1964,1000 ha,4000.0,A,
54,'208,Denmark,6601,Land area,5110,Area,1965,1965,1000 ha,4000.0,A,
54,'208,Denmark,6601,Land area,5110,Area,1966,1966,1000 ha,4000.0,A,
54,'208,Denmark,6601,Land area,5110,Area,1967,1967,1000 ha,4000.0,A,
54,'208,Denmark,6601,Land area,5110,Area,1968,1968,1000 ha,4000.0,A,
54,'208,Denmark,6601,Land area,5110,Area,1969,1969,1000 ha,4000.0,A,
54,'208,Denmark,6601,Land area,5110,Area,1970,1970,1000 ha,4000.0,A,
54,'208,Denmark,6601,Land area,5110,Area,1971,1971,1000 ha,4000.0,A,
54,'208,Denmark,6601,Land area,5110,Area,1972,1972,1000 ha,4000.0,A,
54,'208,Denmark,6601,Land area,5110,Area,1973,1973,1000 ha,4000.0,A,
54,'208,Denmark,6601,Land area,5110,Area,1974,1974,1000 ha,4000.0,A,
54,'208,Denmark,6601,Land area,5110,Area,1975,1975,1000 ha,4000.0,A,
54,'208,Denmark,6601,Land area,5110,Area,1976,1976,1000 ha,4000.0,A,
54,'208,Denmark,6601,Land area,5110,Area,1977,1977,1000 ha,4000.0,A,
54,'208,Denmark,6601,Land area,5110,Area,1978,1978,1000 ha,4000.0,A,
54,'208,Denmark,6601,Land area,5110,Area,1979,1979,1000 ha,4000.0,A,
54,'208,Denmark,6601,Land area,5110,Area,1980,1980,1000 ha,4000.0,A,
54,'208,Denmark,6601,Land area,5110,Area,1981,1981,1000 ha,4000.0,A,
54,'208,Denmark,6601,Land area,5110,Area,1982,1982,1000 ha,4000.0,A,
54,'208,Denmark,6601,Land area,5110,Area,1983,1983,1000 ha,4000.0,A,
54,'208,Denmark,6601,Land area,5110,Area,1984,1984,1000 ha,4000.0,A,
54,'208,Denmark,6601,Land area,5110,Area,1985,1985,1000 ha,4000.0,A,
54,'208,Denmark,6601,Land area,5110,Area,1986,1986,1000 ha,4000.0,A,
54,'208,Denmark,6601,Land area,5110,Area,1987,1987,1000 ha,4000.0,A,
54,'208,Denmark,6601,Land area,5110,Area,1988,1988,1000 ha,4000.0,A,
54,'208,Denmark,6601,Land area,5110,Area,1989,1989,1000 ha,4000.0,A,
54,'208,Denmark,6601,Land area,5110,Area,1990,1990,1000 ha,4000.0,A,
54,'208,Denmark,6601,Land area,5110,Area,1991,1991,1000 ha,4000.0,A,
54,'208,Denmark,6601,Land area,5110,Area,1992,1992,1000 ha,4000.0,A,
54,'208,Denmark,6601,Land area,5110,Area,1993,1993,1000 ha,4000.0,A,
54,'208,Denmark,6601,Land area,5110,Area,1994,1994,1000 ha,4000.0,A,
54,'208,Denmark,6601,Land area,5110,Area,1995,1995,1000 ha,4000.0,A,
54,'208,Denmark,6601,Land area,5110,Area,1996,1996,1000 ha,4000.0,A,
54,'208,Denmark,6601,Land area,5110,Area,1997,1997,1000 ha,4000.0,A,
54,'208,Denmark,6601,Land area,5110,Area,1998,1998,1000 ha,4000.0,A,
54,'208,Denmark,6601,Land area,5110,Area,1999,1999,1000 ha,4000.0,A,
54,'208,Denmark,6601,Land area,5110,Area,2000,2000,1000 ha,4000.0,A,
54,'208,Denmark,6601,Land area,5110,Area,2001,2001,1000 ha,4000.0,A,
54,'208,Denmark,6601,Land area,5110,Area,2002,2002,1000 ha,4000.0,A,
54,'208,Denmark,6601,Land area,5110,Area,2003,2003,1000 ha,4000.0,A,
54,'208,Denmark,6601,Land area,5110,Area,2004,2004,1000 ha,4000.0,A,
54,'208,Denmark,6601,Land area,5110,Area,2005,2005,1000 ha,4000.0,A,
54,'208,Denmark,6601,Land area,5110,Area,2006,2006,1000 ha,4000.0,A,
54,'208,Denmark,6601,Land area,5110,Area,2007,2007,1000 ha,4000.0,A,
54,'208,Denmark,6601,Land area,5110,Area,2008,2008,1000 ha,4000.0,A,
54,'208,Denmark,6601,Land area,5110,Area,2009,2009,1000 ha,4000.0,A,
54,'208,Denmark,6601,Land area,5110,Area,2010,2010,1000 ha,4000.0,A,
54,'208,Denmark,6601,Land area,5110,Area,2011,2011,1000 ha,4000.0,A,
54,'208,Denmark,6601,Land area,5110,Area,2012,2012,1000 ha,4000.0,A,
54,'208,Denmark,6601,Land area,5110,Area,2013,2013,1000 ha,4000.0,A,
54,'208,Denmark,6601,Land area,5110,Area,2014,2014,1000 ha,4000.0,A,
54,'208,Denmark,6601,Land area,5110,Area,2015,2015,1000 ha,4000.0,A,
54,'208,Denmark,6601,Land area,5110,Area,2016,2016,1000 ha,4000.0,A,
54,'208,Denmark,6601,Land area,5110,Area,2017,2017,1000 ha,4000.0,A,
54,'208,Denmark,6601,Land area,5110,Area,2018,2018,1000 ha,4000.0,A,
54,'208,Denmark,6601,Land area,5110,Area,2019,2019,1000 ha,4000.0,A,
54,'208,Denmark,6601,Land area,5110,Area,2020,2020,1000 ha,4000.0,A,
54,'208,Denmark,6601,Land area,5110,Area,2021,2021,1000 ha,4000.0,A,
54,'208,Denmark,6601,Land area,5110,Area,2022,2022,1000 ha,4000.0,A,
54,'208,Denmark,6601,Land area,5110,Area,2023,2023,1000 ha,4000.0,A,
54,'208,Denmark,6602,Agriculture,5110,Area,1961,1961,1000 ha,3160.0,I,
54,'208,Denmark,6602,Agriculture,5110,Area,1962,1962,1000 ha,3141.0,I,
54,'208,Denmark,6602,Agriculture,5110,Area,1963,1963,1000 ha,3088.0,I,
54,'208,Denmark,6602,Agriculture,5110,Area,1964,1964,1000 ha,3068.0,I,
54,'208,Denmark,6602,Agriculture,5110,Area,1965,1965,1000 ha,3033.0,I,
54,'208,Denmark,6602,Agriculture,5110,Area,1966,1966,1000 ha,3027.0,I,
54,'208,Denmark,6602,Agriculture,5110,Area,1967,1967,1000 ha,3023.0,I,
54,'208,Denmark,6602,Agriculture,5110,Area,1968,1968,1000 ha,3017.0,I,
54,'208,Denmark,6602,Agriculture,5110,Area,1969,1969,1000 ha,2991.0,I,
54,'208,Denmark,6602,Agriculture,5110,Area,1970,1970,1000 ha,2975.0,I,
54,'208,Denmark,6602,Agriculture,5110,Area,1971,1971,1000 ha,2951.0,I,
54,'208,Denmark,6602,Agriculture,5110,Area,1972,1972,1000 ha,2956.0,I,
54,'208,Denmark,6602,Agriculture,5110,Area,1973,1973,1000 ha,2986.0,I,
54,'208,Denmark,6602,Agriculture,5110,Area,1974,1974,1000 ha,2932.0,I,
54,'208,Denmark,6602,Agriculture,5110,Area,1975,1975,1000 ha,2937.0,I,
54,'208,Denmark,6602,Agriculture,5110,Area,1976,1976,1000 ha,2933.0,I,
54,'208,Denmark,6602,Agriculture,5110,Area,1977,1977,1000 ha,2927.0,I,
54,'208,Denmark,6602,Agriculture,5110,Area,1978,1978,1000 ha,2921.0,I,
54,'208,Denmark,6602,Agriculture,5110,Area,1979,1979,1000 ha,2920.0,I,
54,'208,Denmark,6602,Agriculture,5110,Area,1980,1980,1000 ha,2905.0,I,
54,'208,Denmark,6602,Agriculture,5110,Area,1981,1981,1000 ha,2897.0,I,
54,'208,Denmark,6602,Agriculture,5110,Area,1982,1982,1000 ha,2887.0,I,
54,'208,Denmark,6602,Agriculture,5110,Area,1983,1983,1000 ha,2846.0,I,
54,'208,Denmark,6602,Agriculture,5110,Area,1984,1984,1000 ha,2855.0,I,
54,'208,Denmark,6602,Agriculture,5110,Area,1985,1985,1000 ha,2834.0,I,
54,'208,Denmark,6602,Agriculture,5110,Area,1986,1986,1000 ha,2819.0,I,
54,'208,Denmark,6602,Agriculture,5110,Area,1987,1987,1000 ha,2798.0,I,
54,'208,Denmark,6602,Agriculture,5110,Area,1988,1988,1000 ha,2787.0,I,
54,'208,Denmark,6602,Agriculture,5110,Area,1989,1989,1000 ha,2774.0,I,
54,'208,Denmark,6602,Agriculture,5110,Area,1990,1990,1000 ha,2788.0,I,
54,'208,Denmark,6602,Agriculture,5110,Area,1991,1991,1000 ha,2770.0,I,
54,'208,Denmark,6602,Agriculture,5110,Area,1992,1992,1000 ha,2756.0,I,
54,'208,Denmark,6602,Agriculture,5110,Area,1993,1993,1000 ha,2739.0,I,
54,'208,Denmark,6602,Agriculture,5110,Area,1994,1994,1000 ha,2691.0,I,
54,'208,Denmark,6602,Agriculture,5110,Area,1995,1995,1000 ha,2726.0,I,
54,'208,Denmark,6602,Agriculture,5110,Area,1996,1996,1000 ha,2716.0,I,
54,'208,Denmark,6602,Agriculture,5110,Area,1997,1997,1000 ha,2688.0,I,
54,'208,Denmark,6602,Agriculture,5110,Area,1998,1998,1000 ha,2672.0,I,
54,'208,Denmark,6602,Agriculture,5110,Area,1999,1999,1000 ha,2644.0,I,
54,'208,Denmark,6602,Agriculture,5110,Area,2000,2000,1000 ha,2647.0,I,
54,'208,Denmark,6602,Agriculture,5110,Area,2001,2001,1000 ha,2676.0,I,
54,'208,Denmark,6602,Agriculture,5110,Area,2002,2002,1000 ha,2665.0,I,
54,'208,Denmark,6602,Agriculture,5110,Area,2003,2003,1000 ha,2658.0,I,
54,'208,Denmark,6602,Agriculture,5110,Area,2004,2004,1000 ha,2646.0,I,
54,'208,Denmark,6602,Agriculture,5110,Area,2005,2005,1000 ha,2707.0,I,
54,'208,Denmark,6602,Agriculture,5110,Area,2006,2006,1000 ha,2710.0,I,
54,'208,Denmark,6602,Agriculture,5110,Area,2007,2007,1000 ha,2663.0,I,
54,'208,Denmark,6602,Agriculture,5110,Area,2008,2008,1000 ha,2668.0,I,
54,'208,Denmark,6602,Agriculture,5110,Area,2009,2009,1000 ha,2634.0,I,
54,'208,Denmark,6602,Agriculture,5110,Area,2010,2010,1000 ha,2626.0,I,
54,'208,Denmark,6602,Agriculture,5110,Area,2011,2011,1000 ha,2690.0,I,
54,'208,Denmark,6602,Agriculture,5110,Area,2012,2012,1000 ha,2624.0,I,
54,'208,Denmark,6602,Agriculture,5110,Area,2013,2013,1000 ha,2628.42,I,
54,'208,Denmark,6602,Agriculture,5110,Area,2014,2014,1000 ha,2653.001,I,
54,'208,Denmark,6602,Agriculture,5110,Area,2015,2015,1000 ha,2634.339,I,
54,'208,Denmark,6602,Agriculture,5110,Area,2016,2016,1000 ha,2625.49,I,
54,'208,Denmark,6602,Agriculture,5110,Area,2017,2017,1000 ha,2631.7,I,
54,'208,Denmark,6602,Agriculture,5110,Area,2018,2018,1000 ha,2632.88,I,
54,'208,Denmark,6602,Agriculture,5110,Area,2019,2019,1000 ha,2625.965,A,
54,'208,Denmark,6602,Agriculture,5110,Area,2020,2020,1000 ha,2619.987,A,
54,'208,Denmark,6602,Agriculture,5110,Area,2021,2021,1000 ha,2618.0,A,
54,'208,Denmark,6602,Agriculture,5110,Area,2022,2022,1000 ha,2624.0,A,
54,'208,Denmark,6602,Agriculture,5110,Area,2023,2023,1000 ha,2621.0,A,
54,'208,Denmark,6610,Agricultural land,5110,Area,1961,1961,1000 ha,3160.0,A,
54,'208,Denmark,6610,Agricultural land,5110,Area,1962,1962,1000 ha,3141.0,A,
54,'208,Denmark,6610,Agricultural land,5110,Area,1963,1963,1000 ha,3088.0,A,
54,'208,Denmark,6610,Agricultural land,5110,Area,1964,1964,1000 ha,3068.0,A,
54,'208,Denmark,6610,Agricultural land,5110,Area,1965,1965,1000 ha,3033.0,A,
54,'208,Denmark,6610,Agricultural land,5110,Area,1966,1966,1000 ha,3027.0,A,
54,'208,Denmark,6610,Agricultural land,5110,Area,1967,1967,1000 ha,3023.0,A,
54,'208,Denmark,6610,Agricultural land,5110,Area,1968,1968,1000 ha,3017.0,I,
54,'208,Denmark,6610,Agricultural land,5110,Area,1969,1969,1000 ha,2991.0,A,
54,'208,Denmark,6610,Agricultural land,5110,Area,1970,1970,1000 ha,2975.0,A,
54,'208,Denmark,6610,Agricultural land,5110,Area,1971,1971,1000 ha,2951.0,A,
54,'208,Denmark,6610,Agricultural land,5110,Area,1972,1972,1000 ha,2956.0,A,
54,'208,Denmark,6610,Agricultural land,5110,Area,1973,1973,1000 ha,2986.0,A,
54,'208,Denmark,6610,Agricultural land,5110,Area,1974,1974,1000 ha,2932.0,A,
54,'208,Denmark,6610,Agricultural land,5110,Area,1975,1975,1000 ha,2937.0,A,
54,'208,Denmark,6610,Agricultural land,5110,Area,1976,1976,1000 ha,2933.0,A,
54,'208,Denmark,6610,Agricultural land,5110,Area,1977,1977,1000 ha,2927.0,A,
54,'208,Denmark,6610,Agricultural land,5110,Area,1978,1978,1000 ha,2921.0,A,
54,'208,Denmark,6610,Agricultural land,5110,Area,1979,1979,1000 ha,2920.0,A,
54,'208,Denmark,6610,Agricultural land,5110,Area,1980,1980,1000 ha,2905.0,A,
54,'208,Denmark,6610,Agricultural land,5110,Area,1981,1981,1000 ha,2897.0,A,
54,'208,Denmark,6610,Agricultural land,5110,Area,1982,1982,1000 ha,2887.0,A,
54,'208,Denmark,6610,Agricultural land,5110,Area,1983,1983,1000 ha,2846.0,A,
54,'208,Denmark,6610,Agricultural land,5110,Area,1984,1984,1000 ha,2855.0,A,
54,'208,Denmark,6610,Agricultural land,5110,Area,1985,1985,1000 ha,2834.0,A,
54,'208,Denmark,6610,Agricultural land,5110,Area,1986,1986,1000 ha,2819.0,A,
54,'208,Denmark,6610,Agricultural land,5110,Area,1987,1987,1000 ha,2798.0,A,
54,'208,Denmark,6610,Agricultural land,5110,Area,1988,1988,1000 ha,2787.0,A,
54,'208,Denmark,6610,Agricultural land,5110,Area,1989,1989,1000 ha,2774.0,A,
54,'208,Denmark,6610,Agricultural land,5110,Area,1990,1990,1000 ha,2788.0,A,
54,'208,Denmark,6610,Agricultural land,5110,Area,1991,1991,1000 ha,2770.0,A,
54,'208,Denmark,6610,Agricultural land,5110,Area,1992,1992,1000 ha,2756.0,A,
54,'208,Denmark,6610,Agricultural land,5110,Area,1993,1993,1000 ha,2739.0,A,
54,'208,Denmark,6610,Agricultural land,5110,Area,1994,1994,1000 ha,2691.0,A,
54,'208,Denmark,6610,Agricultural land,5110,Area,1995,1995,1000 ha,2726.0,A,
54,'208,Denmark,6610,Agricultural land,5110,Area,1996,1996,1000 ha,2716.0,A,
54,'208,Denmark,6610,Agricultural land,5110,Area,1997,1997,1000 ha,2688.0,A,
54,'208,Denmark,6610,Agricultural land,5110,Area,1998,1998,1000 ha,2672.0,A,
54,'208,Denmark,6610,Agricultural land,5110,Area,1999,1999,1000 ha,2644.0,A,
54,'208,Denmark,6610,Agricultural land,5110,Area,2000,2000,1000 ha,2647.0,A,
54,'208,Denmark,6610,Agricultural land,5110,Area,2001,2001,1000 ha,2676.0,A,
54,'208,Denmark,6610,Agricultural land,5110,Area,2002,2002,1000 ha,2665.0,A,
54,'208,Denmark,6610,Agricultural land,5110,Area,2003,2003,1000 ha,2658.0,A,
54,'208,Denmark,6610,Agricultural land,5110,Area,2004,2004,1000 ha,2646.0,A,
54,'208,Denmark,6610,Agricultural land,5110,Area,2005,2005,1000 ha,2707.0,A,
54,'208,Denmark,6610,Agricultural land,5110,Area,2006,2006,1000 ha,2710.0,A,
54,'208,Denmark,6610,Agricultural land,5110,Area,2007,2007,1000 ha,2663.0,A,
54,'208,Denmark,6610,Agricultural land,5110,Area,2008,2008,1000 ha,2668.0,A,
54,'208,Denmark,6610,Agricultural land,5110,Area,2009,2009,1000 ha,2634.0,A,
54,'208,Denmark,6610,Agricultural land,5110,Area,2010,2010,1000 ha,2626.0,A,
54,'208,Denmark,6610,Agricultural land,5110,Area,2011,2011,1000 ha,2690.0,A,
54,'208,Denmark,6610,Agricultural land,5110,Area,2012,2012,1000 ha,2624.0,A,
54,'208,Denmark,6610,Agricultural land,5110,Area,2013,2013,1000 ha,2628.0,A,
54,'208,Denmark,6610,Agricultural land,5110,Area,2014,2014,1000 ha,2652.631,A,
54,'208,Denmark,6610,Agricultural land,5110,Area,2015,2015,1000 ha,2633.899,A,
54,'208,Denmark,6610,Agricultural land,5110,Area,2016,2016,1000 ha,2625.1,A,
54,'208,Denmark,6610,Agricultural land,5110,Area,2017,2017,1000 ha,2631.3,A,
54,'208,Denmark,6610,Agricultural land,5110,Area,2018,2018,1000 ha,2632.5,A,
54,'208,Denmark,6610,Agricultural land,5110,Area,2019,2019,1000 ha,2625.965,A,
54,'208,Denmark,6610,Agricultural land,5110,Area,2020,2020,1000 ha,2619.987,A,
54,'208,Denmark,6610,Agricultural land,5110,Area,2021,2021,1000 ha,2618.0,A,
54,'208,Denmark,6610,Agricultural land,5110,Area,2022,2022,1000 ha,2624.0,A,
54,'208,Denmark,6610,Agricultural land,5110,Area,2023,2023,1000 ha,2621.0,A,
54,'208,Denmark,6610,Agricultural land,7209,Share in Land area,1961,1961,%,79.0,A,
54,'208,Denmark,6610,Agricultural land,7209,Share in Land area,1962,1962,%,78.53,A,
54,'208,Denmark,6610,Agricultural land,7209,Share in Land area,1963,1963,%,77.2,A,
54,'208,Denmark,6610,Agricultural land,7209,Share in Land area,1964,1964,%,76.7,A,
54,'208,Denmark,6610,Agricultural land,7209,Share in Land area,1965,1965,%,75.83,A,
54,'208,Denmark,6610,Agricultural land,7209,Share in Land area,1966,1966,%,75.67,A,
54,'208,Denmark,6610,Agricultural land,7209,Share in Land area,1967,1967,%,75.58,A,
54,'208,Denmark,6610,Agricultural land,7209,Share in Land area,1968,1968,%,75.42,E,
54,'208,Denmark,6610,Agricultural land,7209,Share in Land area,1969,1969,%,74.78,A,
54,'208,Denmark,6610,Agricultural land,7209,Share in Land area,1970,1970,%,74.38,A,
54,'208,Denmark,6610,Agricultural land,7209,Share in Land area,1971,1971,%,73.78,A,
54,'208,Denmark,6610,Agricultural land,7209,Share in Land area,1972,1972,%,73.9,A,
54,'208,Denmark,6610,Agricultural land,7209,Share in Land area,1973,1973,%,74.65,A,
54,'208,Denmark,6610,Agricultural land,7209,Share in Land area,1974,1974,%,73.3,A,
54,'208,Denmark,6610,Agricultural land,7209,Share in Land area,1975,1975,%,73.42,A,
54,'208,Denmark,6610,Agricultural land,7209,Share in Land area,1976,1976,%,73.33,A,
54,'208,Denmark,6610,Agricultural land,7209,Share in Land area,1977,1977,%,73.17,A,
54,'208,Denmark,6610,Agricultural land,7209,Share in Land area,1978,1978,%,73.03,A,
54,'208,Denmark,6610,Agricultural land,7209,Share in Land area,1979,1979,%,73.0,A,
54,'208,Denmark,6610,Agricultural land,7209,Share in Land area,1980,1980,%,72.63,A,
54,'208,Denmark,6610,Agricultural land,7209,Share in Land area,1981,1981,%,72.42,A,
54,'208,Denmark,6610,Agricultural land,7209,Share in Land area,1982,1982,%,72.17,A,
54,'208,Denmark,6610,Agricultural land,7209,Share in Land area,1983,1983,%,71.15,A,
54,'208,Denmark,6610,Agricultural land,7209,Share in Land area,1984,1984,%,71.38,A,
54,'208,Denmark,6610,Agricultural land,7209,Share in Land area,1985,1985,%,70.85,A,
54,'208,Denmark,6610,Agricultural land,7209,Share in Land area,1986,1986,%,70.47,A,
54,'208,Denmark,6610,Agricultural land,7209,Share in Land area,1987,1987,%,69.95,A,
54,'208,Denmark,6610,Agricultural land,7209,Share in Land area,1988,1988,%,69.67,A,
54,'208,Denmark,6610,Agricultural land,7209,Share in Land area,1989,1989,%,69.35,A,
54,'208,Denmark,6610,Agricultural land,7209,Share in Land area,1990,1990,%,69.7,A,
54,'208,Denmark,6610,Agricultural land,7209,Share in Land area,1991,1991,%,69.25,A,
54,'208,Denmark,6610,Agricultural land,7209,Share in Land area,1992,1992,%,68.9,A,
54,'208,Denmark,6610,Agricultural land,7209,Share in Land area,1993,1993,%,68.47,A,
54,'208,Denmark,6610,Agricultural land,7209,Share in Land area,1994,1994,%,67.28,A,
54,'208,Denmark,6610,Agricultural land,7209,Share in Land area,1995,1995,%,68.15,A,
54,'208,Denmark,6610,Agricultural land,7209,Share in Land area,1996,1996,%,67.9,A,
54,'208,Denmark,6610,Agricultural land,7209,Share in Land area,1997,1997,%,67.2,A,
54,'208,Denmark,6610,Agricultural land,7209,Share in Land area,1998,1998,%,66.8,A,
54,'208,Denmark,6610,Agricultural land,7209,Share in Land area,1999,1999,%,66.1,A,
54,'208,Denmark,6610,Agricultural land,7209,Share in Land area,2000,2000,%,66.17,A,
54,'208,Denmark,6610,Agricultural land,7209,Share in Land area,2001,2001,%,66.9,A,
54,'208,Denmark,6610,Agricultural land,7209,Share in Land area,2002,2002,%,66.63,A,
54,'208,Denmark,6610,Agricultural land,7209,Share in Land area,2003,2003,%,66.45,A,
54,'208,Denmark,6610,Agricultural land,7209,Share in Land area,2004,2004,%,66.15,A,
54,'208,Denmark,6610,Agricultural land,7209,Share in Land area,2005,2005,%,67.67,A,
54,'208,Denmark,6610,Agricultural land,7209,Share in Land area,2006,2006,%,67.75,A,
54,'208,Denmark,6610,Agricultural land,7209,Share in Land area,2007,2007,%,66.58,A,
54,'208,Denmark,6610,Agricultural land,7209,Share in Land area,2008,2008,%,66.7,A,
54,'208,Denmark,6610,Agricultural land,7209,Share in Land area,2009,2009,%,65.85,A,
54,'208,Denmark,6610,Agricultural land,7209,Share in Land area,2010,2010,%,65.65,A,
54,'208,Denmark,6610,Agricultural land,7209,Share in Land area,2011,2011,%,67.25,A,
54,'208,Denmark,6610,Agricultural land,7209,Share in Land area,2012,2012,%,65.6,A,
54,'208,Denmark,6610,Agricultural land,7209,Share in Land area,2013,2013,%,65.7,A,
54,'208,Denmark,6610,Agricultural land,7209,Share in Land area,2014,2014,%,66.32,A,
54,'208,Denmark,6610,Agricultural land,7209,Share in Land area,2015,2015,%,65.85,A,
54,'208,Denmark,6610,Agricultural land,7209,Share in Land area,2016,2016,%,65.63,A,
54,'208,Denmark,6610,Agricultural land,7209,Share in Land area,2017,2017,%,65.78,A,
54,'208,Denmark,6610,Agricultural land,7209,Share in Land area,2018,2018,%,65.81,A,
54,'208,Denmark,6610,Agricultural land,7209,Share in Land area,2019,2019,%,65.65,A,
54,'208,Denmark,6610,Agricultural land,7209,Share in Land area,2020,2020,%,65.5,A,
54,'208,Denmark,6610,Agricultural land,7209,Share in Land area,2021,2021,%,65.45,A,
54,'208,Denmark,6610,Agricultural land,7209,Share in Land area,2022,2022,%,65.6,A,
54,'208,Denmark,6610,Agricultural land,7209,Share in Land area,2023,2023,%,65.53,A,
54,'208,Denmark,6610,Agricultural land,7278,Value of agricultural production (Int. $) per Area,1961,1961,USD_PPP/ha,1960.46,E,
54,'208,Denmark,6610,Agricultural land,7278,Value of agricultural production (Int. $) per Area,1962,1962,USD_PPP/ha,2024.41,E,
54,'208,Denmark,6610,Agricultural land,7278,Value of agricultural production (Int. $) per Area,1963,1963,USD_PPP/ha,2029.85,E,
54,'208,Denmark,6610,Agricultural land,7278,Value of agricultural production (Int. $) per Area,1964,1964,USD_PPP/ha,2112.05,E,
54,'208,Denmark,6610,Agricultural land,7278,Value of agricultural production (Int. $) per Area,1965,1965,USD_PPP/ha,2127.91,E,
54,'208,Denmark,6610,Agricultural land,7278,Value of agricultural production (Int. $) per Area,1966,1966,USD_PPP/ha,2146.73,E,
54,'208,Denmark,6610,Agricultural land,7278,Value of agricultural production (Int. $) per Area,1967,1967,USD_PPP/ha,2177.38,E,
54,'208,Denmark,6610,Agricultural land,7278,Value of agricultural production (Int. $) per Area,1968,1968,USD_PPP/ha,2187.34,E,
54,'208,Denmark,6610,Agricultural land,7278,Value of agricultural production (Int. $) per Area,1969,1969,USD_PPP/ha,2110.95,E,
54,'208,Denmark,6610,Agricultural land,7278,Value of agricultural production (Int. $) per Area,1970,1970,USD_PPP/ha,2095.46,E,
54,'208,Denmark,6610,Agricultural land,7278,Value of agricultural production (Int. $) per Area,1971,1971,USD_PPP/ha,2158.19,E,
54,'208,Denmark,6610,Agricultural land,7278,Value of agricultural production (Int. $) per Area,1972,1972,USD_PPP/ha,2147.33,E,
54,'208,Denmark,6610,Agricultural land,7278,Value of agricultural production (Int. $) per Area,1973,1973,USD_PPP/ha,2154.36,E,
54,'208,Denmark,6610,Agricultural land,7278,Value of agricultural production (Int. $) per Area,1974,1974,USD_PPP/ha,2336.46,E,
54,'208,Denmark,6610,Agricultural land,7278,Value of agricultural production (Int. $) per Area,1975,1975,USD_PPP/ha,2247.31,E,
54,'208,Denmark,6610,Agricultural land,7278,Value of agricultural production (Int. $) per Area,1976,1976,USD_PPP/ha,2231.63,E,
54,'208,Denmark,6610,Agricultural land,7278,Value of agricultural production (Int. $) per Area,1977,1977,USD_PPP/ha,2424.01,E,
54,'208,Denmark,6610,Agricultural land,7278,Value of agricultural production (Int. $) per Area,1978,1978,USD_PPP/ha,2485.79,E,
54,'208,Denmark,6610,Agricultural land,7278,Value of agricultural production (Int. $) per Area,1979,1979,USD_PPP/ha,2578.01,E,
54,'208,Denmark,6610,Agricultural land,7278,Value of agricultural production (Int. $) per Area,1980,1980,USD_PPP/ha,2572.55,E,
54,'208,Denmark,6610,Agricultural land,7278,Value of agricultural production (Int. $) per Area,1981,1981,USD_PPP/ha,2615.46,E,
54,'208,Denmark,6610,Agricultural land,7278,Value of agricultural production (Int. $) per Area,1982,1982,USD_PPP/ha,2745.01,E,
54,'208,Denmark,6610,Agricultural land,7278,Value of agricultural production (Int. $) per Area,1983,1983,USD_PPP/ha,2713.73,E,
54,'208,Denmark,6610,Agricultural land,7278,Value of agricultural production (Int. $) per Area,1984,1984,USD_PPP/ha,3000.62,E,
54,'208,Denmark,6610,Agricultural land,7278,Value of agricultural production (Int. $) per Area,1985,1985,USD_PPP/ha,2966.49,E,
54,'208,Denmark,6610,Agricultural land,7278,Value of agricultural production (Int. $) per Area,1986,1986,USD_PPP/ha,3050.72,E,
54,'208,Denmark,6610,Agricultural land,7278,Value of agricultural production (Int. $) per Area,1987,1987,USD_PPP/ha,2915.27,E,
54,'208,Denmark,6610,Agricultural land,7278,Value of agricultural production (Int. $) per Area,1988,1988,USD_PPP/ha,2984.79,E,
54,'208,Denmark,6610,Agricultural land,7278,Value of agricultural production (Int. $) per Area,1989,1989,USD_PPP/ha,3082.37,E,
54,'208,Denmark,6610,Agricultural land,7278,Value of agricultural production (Int. $) per Area,1990,1990,USD_PPP/ha,3217.79,E,
54,'208,Denmark,6610,Agricultural land,7278,Value of agricultural production (Int. $) per Area,1991,1991,USD_PPP/ha,3215.98,E,
54,'208,Denmark,6610,Agricultural land,7278,Value of agricultural production (Int. $) per Area,1992,1992,USD_PPP/ha,3083.36,E,
54,'208,Denmark,6610,Agricultural land,7278,Value of agricultural production (Int. $) per Area,1993,1993,USD_PPP/ha,3323.16,E,
54,'208,Denmark,6610,Agricultural land,7278,Value of agricultural production (Int. $) per Area,1994,1994,USD_PPP/ha,3266.09,E,
54,'208,Denmark,6610,Agricultural land,7278,Value of agricultural production (Int. $) per Area,1995,1995,USD_PPP/ha,3326.94,E,
54,'208,Denmark,6610,Agricultural land,7278,Value of agricultural production (Int. $) per Area,1996,1996,USD_PPP/ha,3328.68,E,
54,'208,Denmark,6610,Agricultural land,7278,Value of agricultural production (Int. $) per Area,1997,1997,USD_PPP/ha,3416.88,E,
54,'208,Denmark,6610,Agricultural land,7278,Value of agricultural production (Int. $) per Area,1998,1998,USD_PPP/ha,3504.61,E,
54,'208,Denmark,6610,Agricultural land,7278,Value of agricultural production (Int. $) per Area,1999,1999,USD_PPP/ha,3487.09,E,
54,'208,Denmark,6610,Agricultural land,7278,Value of agricultural production (Int. $) per Area,2000,2000,USD_PPP/ha,3500.84,E,
54,'208,Denmark,6610,Agricultural land,7278,Value of agricultural production (Int. $) per Area,2001,2001,USD_PPP/ha,3490.04,E,
54,'208,Denmark,6610,Agricultural land,7278,Value of agricultural production (Int. $) per Area,2002,2002,USD_PPP/ha,3488.83,E,
54,'208,Denmark,6610,Agricultural land,7278,Value of agricultural production (Int. $) per Area,2003,2003,USD_PPP/ha,3537.12,E,
54,'208,Denmark,6610,Agricultural land,7278,Value of agricultural production (Int. $) per Area,2004,2004,USD_PPP/ha,3604.65,E,
54,'208,Denmark,6610,Agricultural land,7278,Value of agricultural production (Int. $) per Area,2005,2005,USD_PPP/ha,3478.71,E,
54,'208,Denmark,6610,Agricultural land,7278,Value of agricultural production (Int. $) per Area,2006,2006,USD_PPP/ha,3360.28,E,
54,'208,Denmark,6610,Agricultural land,7278,Value of agricultural production (Int. $) per Area,2007,2007,USD_PPP/ha,3480.59,E,
54,'208,Denmark,6610,Agricultural land,7278,Value of agricultural production (Int. $) per Area,2008,2008,USD_PPP/ha,3503.17,E,
54,'208,Denmark,6610,Agricultural land,7278,Value of agricultural production (Int. $) per Area,2009,2009,USD_PPP/ha,3551.91,E,
54,'208,Denmark,6610,Agricultural land,7278,Value of agricultural production (Int. $) per Area,2010,2010,USD_PPP/ha,3523.32,E,
54,'208,Denmark,6610,Agricultural land,7278,Value of agricultural production (Int. $) per Area,2011,2011,USD_PPP/ha,3498.03,E,
54,'208,Denmark,6610,Agricultural land,7278,Value of agricultural production (Int. $) per Area,2012,2012,USD_PPP/ha,3588.51,E,
54,'208,Denmark,6610,Agricultural land,7278,Value of agricultural production (Int. $) per Area,2013,2013,USD_PPP/ha,3531.02,E,
54,'208,Denmark,6610,Agricultural land,7278,Value of agricultural production (Int. $) per Area,2014,2014,USD_PPP/ha,3592.84,E,
54,'208,Denmark,6610,Agricultural land,7278,Value of agricultural production (Int. $) per Area,2015,2015,USD_PPP/ha,3665.52,E,
54,'208,Denmark,6610,Agricultural land,7278,Value of agricultural production (Int. $) per Area,2016,2016,USD_PPP/ha,3590.39,E,
54,'208,Denmark,6610,Agricultural land,7278,Value of agricultural production (Int. $) per Area,2017,2017,USD_PPP/ha,3700.74,E,
54,'208,Denmark,6610,Agricultural land,7278,Value of agricultural production (Int. $) per Area,2018,2018,USD_PPP/ha,3364.08,E,
54,'208,Denmark,6610,Agricultural land,7278,Value of agricultural production (Int. $) per Area,2019,2019,USD_PPP/ha,3652.74,E,
54,'208,Denmark,6610,Agricultural land,7278,Value of agricultural production (Int. $) per Area,2020,2020,USD_PPP/ha,3735.96,E,
54,'208,Denmark,6610,Agricultural land,7278,Value of agricultural production (Int. $) per Area,2021,2021,USD_PPP/ha,3750.62,E,
54,'208,Denmark,6610,Agricultural land,7278,Value of agricultural production (Int. $) per Area,2022,2022,USD_PPP/ha,3774.02,E,
54,'208,Denmark,6610,Agricultural land,7278,Value of agricultural production (Int. $) per Area,2023,2023,USD_PPP/ha,3337.76,E,
54,'208,Denmark,6620,Cropland,5110,Area,1961,1961,1000 ha,2817.0,A,
54,'208,Denmark,6620,Cropland,5110,Area,1962,1962,1000 ha,2783.0,A,
54,'208,Denmark,6620,Cropland,5110,Area,1963,1963,1000 ha,2756.0,A,
54,'208,Denmark,6620,Cropland,5110,Area,1964,1964,1000 ha,2740.0,A,
54,'208,Denmark,6620,Cropland,5110,Area,1965,1965,1000 ha,2708.0,A,
54,'208,Denmark,6620,Cropland,5110,Area,1966,1966,1000 ha,2701.0,A,
54,'208,Denmark,6620,Cropland,5110,Area,1967,1967,1000 ha,2700.0,A,
54,'208,Denmark,6620,Cropland,5110,Area,1968,1968,1000 ha,2709.0,A,
54,'208,Denmark,6620,Cropland,5110,Area,1969,1969,1000 ha,2693.0,A,
54,'208,Denmark,6620,Cropland,5110,Area,1970,1970,1000 ha,2676.0,A,
54,'208,Denmark,6620,Cropland,5110,Area,1971,1971,1000 ha,2662.0,A,
54,'208,Denmark,6620,Cropland,5110,Area,1972,1972,1000 ha,2666.0,A,
54,'208,Denmark,6620,Cropland,5110,Area,1973,1973,1000 ha,2668.0,A,
54,'208,Denmark,6620,Cropland,5110,Area,1974,1974,1000 ha,2655.0,A,
54,'208,Denmark,6620,Cropland,5110,Area,1975,1975,1000 ha,2660.0,A,
54,'208,Denmark,6620,Cropland,5110,Area,1976,1976,1000 ha,2667.0,A,
54,'208,Denmark,6620,Cropland,5110,Area,1977,1977,1000 ha,2648.0,A,
54,'208,Denmark,6620,Cropland,5110,Area,1978,1978,1000 ha,2653.0,A,
54,'208,Denmark,6620,Cropland,5110,Area,1979,1979,1000 ha,2656.0,A,
54,'208,Denmark,6620,Cropland,5110,Area,1980,1980,1000 ha,2653.0,A,
54,'208,Denmark,6620,Cropland,5110,Area,1981,1981,1000 ha,2651.0,A,
54,'208,Denmark,6620,Cropland,5110,Area,1982,1982,1000 ha,2644.0,A,
54,'208,Denmark,6620,Cropland,5110,Area,1983,1983,1000 ha,2610.0,A,
54,'208,Denmark,6620,Cropland,5110,Area,1984,1984,1000 ha,2627.0,A,
54,'208,Denmark,6620,Cropland,5110,Area,1985,1985,1000 ha,2614.0,A,
54,'208,Denmark,6620,Cropland,5110,Area,1986,1986,1000 ha,2604.0,A,
54,'208,Denmark,6620,Cropland,5110,Area,1987,1987,1000 ha,2588.0,A,
54,'208,Denmark,6620,Cropland,5110,Area,1988,1988,1000 ha,2570.0,A,
54,'208,Denmark,6620,Cropland,5110,Area,1989,1989,1000 ha,2555.0,A,
54,'208,Denmark,6620,Cropland,5110,Area,1990,1990,1000 ha,2571.0,A,
54,'208,Denmark,6620,Cropland,5110,Area,1991,1991,1000 ha,2558.0,A,
54,'208,Denmark,6620,Cropland,5110,Area,1992,1992,1000 ha,2548.0,A,
54,'208,Denmark,6620,Cropland,5110,Area,1993,1993,1000 ha,2542.0,A,
54,'208,Denmark,6620,Cropland,5110,Area,1994,1994,1000 ha,2374.0,A,
54,'208,Denmark,6620,Cropland,5110,Area,1995,1995,1000 ha,2328.0,A,
54,'208,Denmark,6620,Cropland,5110,Area,1996,1996,1000 ha,2331.0,A,
54,'208,Denmark,6620,Cropland,5110,Area,1997,1997,1000 ha,2373.0,A,
54,'208,Denmark,6620,Cropland,5110,Area,1998,1998,1000 ha,2374.0,A,
54,'208,Denmark,6620,Cropland,5110,Area,1999,1999,1000 ha,2302.0,A,
54,'208,Denmark,6620,Cropland,5110,Area,2000,2000,1000 ha,2289.0,A,
54,'208,Denmark,6620,Cropland,5110,Area,2001,2001,1000 ha,2300.0,A,
54,'208,Denmark,6620,Cropland,5110,Area,2002,2002,1000 ha,2283.0,A,
54,'208,Denmark,6620,Cropland,5110,Area,2003,2003,1000 ha,2274.0,A,
54,'208,Denmark,6620,Cropland,5110,Area,2004,2004,1000 ha,2276.0,A,
54,'208,Denmark,6620,Cropland,5110,Area,2005,2005,1000 ha,2339.0,A,
54,'208,Denmark,6620,Cropland,5110,Area,2006,2006,1000 ha,2353.0,A,
54,'208,Denmark,6620,Cropland,5110,Area,2007,2007,1000 ha,2313.0,A,
54,'208,Denmark,6620,Cropland,5110,Area,2008,2008,1000 ha,2407.0,A,
54,'208,Denmark,6620,Cropland,5110,Area,2009,2009,1000 ha,2437.0,A,
54,'208,Denmark,6620,Cropland,5110,Area,2010,2010,1000 ha,2426.0,A,
54,'208,Denmark,6620,Cropland,5110,Area,2011,2011,1000 ha,2503.0,A,
54,'208,Denmark,6620,Cropland,5110,Area,2012,2012,1000 ha,2424.0,A,
54,'208,Denmark,6620,Cropland,5110,Area,2013,2013,1000 ha,2433.0,A,
54,'208,Denmark,6620,Cropland,5110,Area,2014,2014,1000 ha,2459.631,A,
54,'208,Denmark,6620,Cropland,5110,Area,2015,2015,1000 ha,2378.899,A,
54,'208,Denmark,6620,Cropland,5110,Area,2016,2016,1000 ha,2399.5,A,
54,'208,Denmark,6620,Cropland,5110,Area,2017,2017,1000 ha,2396.6,A,
54,'208,Denmark,6620,Cropland,5110,Area,2018,2018,1000 ha,2419.8,A,
54,'208,Denmark,6620,Cropland,5110,Area,2019,2019,1000 ha,2419.278,A,
54,'208,Denmark,6620,Cropland,5110,Area,2020,2020,1000 ha,2397.582,A,
54,'208,Denmark,6620,Cropland,5110,Area,2021,2021,1000 ha,2384.0,A,
54,'208,Denmark,6620,Cropland,5110,Area,2022,2022,1000 ha,2391.0,A,
54,'208,Denmark,6620,Cropland,5110,Area,2023,2023,1000 ha,2395.0,A,
54,'208,Denmark,6620,Cropland,7208,Share in Agricultural land,1961,1961,%,89.15,A,
54,'208,Denmark,6620,Cropland,7208,Share in Agricultural land,1962,1962,%,88.6,A,
54,'208,Denmark,6620,Cropland,7208,Share in Agricultural land,1963,1963,%,89.25,A,
54,'208,Denmark,6620,Cropland,7208,Share in Agricultural land,1964,1964,%,89.31,A,
54,'208,Denmark,6620,Cropland,7208,Share in Agricultural land,1965,1965,%,89.28,A,
54,'208,Denmark,6620,Cropland,7208,Share in Agricultural land,1966,1966,%,89.23,A,
54,'208,Denmark,6620,Cropland,7208,Share in Agricultural land,1967,1967,%,89.32,A,
54,'208,Denmark,6620,Cropland,7208,Share in Agricultural land,1968,1968,%,89.79,E,
54,'208,Denmark,6620,Cropland,7208,Share in Agricultural land,1969,1969,%,90.04,A,
54,'208,Denmark,6620,Cropland,7208,Share in Agricultural land,1970,1970,%,89.95,A,
54,'208,Denmark,6620,Cropland,7208,Share in Agricultural land,1971,1971,%,90.21,A,
54,'208,Denmark,6620,Cropland,7208,Share in Agricultural land,1972,1972,%,90.19,A,
54,'208,Denmark,6620,Cropland,7208,Share in Agricultural land,1973,1973,%,89.35,A,
54,'208,Denmark,6620,Cropland,7208,Share in Agricultural land,1974,1974,%,90.55,A,
54,'208,Denmark,6620,Cropland,7208,Share in Agricultural land,1975,1975,%,90.57,A,
54,'208,Denmark,6620,Cropland,7208,Share in Agricultural land,1976,1976,%,90.93,A,
54,'208,Denmark,6620,Cropland,7208,Share in Agricultural land,1977,1977,%,90.47,A,
54,'208,Denmark,6620,Cropland,7208,Share in Agricultural land,1978,1978,%,90.83,A,
54,'208,Denmark,6620,Cropland,7208,Share in Agricultural land,1979,1979,%,90.96,A,
54,'208,Denmark,6620,Cropland,7208,Share in Agricultural land,1980,1980,%,91.33,A,
54,'208,Denmark,6620,Cropland,7208,Share in Agricultural land,1981,1981,%,91.51,A,
54,'208,Denmark,6620,Cropland,7208,Share in Agricultural land,1982,1982,%,91.58,A,
54,'208,Denmark,6620,Cropland,7208,Share in Agricultural land,1983,1983,%,91.71,A,
54,'208,Denmark,6620,Cropland,7208,Share in Agricultural land,1984,1984,%,92.01,A,
54,'208,Denmark,6620,Cropland,7208,Share in Agricultural land,1985,1985,%,92.24,A,
54,'208,Denmark,6620,Cropland,7208,Share in Agricultural land,1986,1986,%,92.37,A,
54,'208,Denmark,6620,Cropland,7208,Share in Agricultural land,1987,1987,%,92.49,A,
54,'208,Denmark,6620,Cropland,7208,Share in Agricultural land,1988,1988,%,92.21,A,
54,'208,Denmark,6620,Cropland,7208,Share in Agricultural land,1989,1989,%,92.11,A,
54,'208,Denmark,6620,Cropland,7208,Share in Agricultural land,1990,1990,%,92.22,A,
54,'208,Denmark,6620,Cropland,7208,Share in Agricultural land,1991,1991,%,92.35,A,
54,'208,Denmark,6620,Cropland,7208,Share in Agricultural land,1992,1992,%,92.45,A,
54,'208,Denmark,6620,Cropland,7208,Share in Agricultural land,1993,1993,%,92.81,A,
54,'208,Denmark,6620,Cropland,7208,Share in Agricultural land,1994,1994,%,88.22,A,
54,'208,Denmark,6620,Cropland,7208,Share in Agricultural land,1995,1995,%,85.4,A,
54,'208,Denmark,6620,Cropland,7208,Share in Agricultural land,1996,1996,%,85.82,A,
54,'208,Denmark,6620,Cropland,7208,Share in Agricultural land,1997,1997,%,88.28,A,
54,'208,Denmark,6620,Cropland,7208,Share in Agricultural land,1998,1998,%,88.85,A,
54,'208,Denmark,6620,Cropland,7208,Share in Agricultural land,1999,1999,%,87.07,A,
54,'208,Denmark,6620,Cropland,7208,Share in Agricultural land,2000,2000,%,86.48,A,
54,'208,Denmark,6620,Cropland,7208,Share in Agricultural land,2001,2001,%,85.95,A,
54,'208,Denmark,6620,Cropland,7208,Share in Agricultural land,2002,2002,%,85.67,A,
54,'208,Denmark,6620,Cropland,7208,Share in Agricultural land,2003,2003,%,85.55,A,
54,'208,Denmark,6620,Cropland,7208,Share in Agricultural land,2004,2004,%,86.02,A,
54,'208,Denmark,6620,Cropland,7208,Share in Agricultural land,2005,2005,%,86.41,A,
54,'208,Denmark,6620,Cropland,7208,Share in Agricultural land,2006,2006,%,86.83,A,
54,'208,Denmark,6620,Cropland,7208,Share in Agricultural land,2007,2007,%,86.86,A,
54,'208,Denmark,6620,Cropland,7208,Share in Agricultural land,2008,2008,%,90.22,A,
54,'208,Denmark,6620,Cropland,7208,Share in Agricultural land,2009,2009,%,92.52,A,
54,'208,Denmark,6620,Cropland,7208,Share in Agricultural land,2010,2010,%,92.38,A,
54,'208,Denmark,6620,Cropland,7208,Share in Agricultural land,2011,2011,%,93.05,A,
54,'208,Denmark,6620,Cropland,7208,Share in Agricultural land,2012,2012,%,92.38,A,
54,'208,Denmark,6620,Cropland,7208,Share in Agricultural land,2013,2013,%,92.58,A,
54,'208,Denmark,6620,Cropland,7208,Share in Agricultural land,2014,2014,%,92.72,A,
54,'208,Denmark,6620,Cropland,7208,Share in Agricultural land,2015,2015,%,90.32,A,
54,'208,Denmark,6620,Cropland,7208,Share in Agricultural land,2016,2016,%,91.41,A,
54,'208,Denmark,6620,Cropland,7208,Share in Agricultural land,2017,2017,%,91.08,A,
54,'208,Denmark,6620,Cropland,7208,Share in Agricultural land,2018,2018,%,91.92,A,
54,'208,Denmark,6620,Cropland,7208,Share in Agricultural land,2019,2019,%,92.13,A,
54,'208,Denmark,6620,Cropland,7208,Share in Agricultural land,2020,2020,%,91.51,A,
54,'208,Denmark,6620,Cropland,7208,Share in Agricultural land,2021,2021,%,91.06,A,
54,'208,Denmark,6620,Cropland,7208,Share in Agricultural land,2022,2022,%,91.12,A,
54,'208,Denmark,6620,Cropland,7208,Share in Agricultural land,2023,2023,%,91.38,A,
54,'208,Denmark,6620,Cropland,7209,Share in Land area,1961,1961,%,70.42,A,
54,'208,Denmark,6620,Cropland,7209,Share in Land area,1962,1962,%,69.58,A,
54,'208,Denmark,6620,Cropland,7209,Share in Land area,1963,1963,%,68.9,A,
54,'208,Denmark,6620,Cropland,7209,Share in Land area,1964,1964,%,68.5,A,
54,'208,Denmark,6620,Cropland,7209,Share in Land area,1965,1965,%,67.7,A,
54,'208,Denmark,6620,Cropland,7209,Share in Land area,1966,1966,%,67.53,A,
54,'208,Denmark,6620,Cropland,7209,Share in Land area,1967,1967,%,67.5,A,
54,'208,Denmark,6620,Cropland,7209,Share in Land area,1968,1968,%,67.72,A,
54,'208,Denmark,6620,Cropland,7209,Share in Land area,1969,1969,%,67.33,A,
54,'208,Denmark,6620,Cropland,7209,Share in Land area,1970,1970,%,66.9,A,
54,'208,Denmark,6620,Cropland,7209,Share in Land area,1971,1971,%,66.55,A,
54,'208,Denmark,6620,Cropland,7209,Share in Land area,1972,1972,%,66.65,A,
54,'208,Denmark,6620,Cropland,7209,Share in Land area,1973,1973,%,66.7,A,
54,'208,Denmark,6620,Cropland,7209,Share in Land area,1974,1974,%,66.38,A,
54,'208,Denmark,6620,Cropland,7209,Share in Land area,1975,1975,%,66.5,A,
54,'208,Denmark,6620,Cropland,7209,Share in Land area,1976,1976,%,66.67,A,
54,'208,Denmark,6620,Cropland,7209,Share in Land area,1977,1977,%,66.2,A,
54,'208,Denmark,6620,Cropland,7209,Share in Land area,1978,1978,%,66.33,A,
54,'208,Denmark,6620,Cropland,7209,Share in Land area,1979,1979,%,66.4,A,
54,'208,Denmark,6620,Cropland,7209,Share in Land area,1980,1980,%,66.33,A,
54,'208,Denmark,6620,Cropland,7209,Share in Land area,1981,1981,%,66.28,A,
54,'208,Denmark,6620,Cropland,7209,Share in Land area,1982,1982,%,66.1,A,
54,'208,Denmark,6620,Cropland,7209,Share in Land area,1983,1983,%,65.25,A,
54,'208,Denmark,6620,Cropland,7209,Share in Land area,1984,1984,%,65.67,A,
54,'208,Denmark,6620,Cropland,7209,Share in Land area,1985,1985,%,65.35,A,
54,'208,Denmark,6620,Cropland,7209,Share in Land area,1986,1986,%,65.1,A,
54,'208,Denmark,6620,Cropland,7209,Share in Land area,1987,1987,%,64.7,A,
54,'208,Denmark,6620,Cropland,7209,Share in Land area,1988,1988,%,64.25,A,
54,'208,Denmark,6620,Cropland,7209,Share in Land area,1989,1989,%,63.88,A,
54,'208,Denmark,6620,Cropland,7209,Share in Land area,1990,1990,%,64.28,A,
54,'208,Denmark,6620,Cropland,7209,Share in Land area,1991,1991,%,63.95,A,
54,'208,Denmark,6620,Cropland,7209,Share in Land area,1992,1992,%,63.7,A,
54,'208,Denmark,6620,Cropland,7209,Share in Land area,1993,1993,%,63.55,A,
54,'208,Denmark,6620,Cropland,7209,Share in Land area,1994,1994,%,59.35,A,
54,'208,Denmark,6620,Cropland,7209,Share in Land area,1995,1995,%,58.2,A,
54,'208,Denmark,6620,Cropland,7209,Share in Land area,1996,1996,%,58.27,A,
54,'208,Denmark,6620,Cropland,7209,Share in Land area,1997,1997,%,59.33,A,
54,'208,Denmark,6620,Cropland,7209,Share in Land area,1998,1998,%,59.35,A,
54,'208,Denmark,6620,Cropland,7209,Share in Land area,1999,1999,%,57.55,A,
54,'208,Denmark,6620,Cropland,7209,Share in Land area,2000,2000,%,57.23,A,
54,'208,Denmark,6620,Cropland,7209,Share in Land area,2001,2001,%,57.5,A,
54,'208,Denmark,6620,Cropland,7209,Share in Land area,2002,2002,%,57.08,A,
54,'208,Denmark,6620,Cropland,7209,Share in Land area,2003,2003,%,56.85,A,
54,'208,Denmark,6620,Cropland,7209,Share in Land area,2004,2004,%,56.9,A,
54,'208,Denmark,6620,Cropland,7209,Share in Land area,2005,2005,%,58.48,A,
54,'208,Denmark,6620,Cropland,7209,Share in Land area,2006,2006,%,58.83,A,
54,'208,Denmark,6620,Cropland,7209,Share in Land area,2007,2007,%,57.83,A,
54,'208,Denmark,6620,Cropland,7209,Share in Land area,2008,2008,%,60.17,A,
54,'208,Denmark,6620,Cropland,7209,Share in Land area,2009,2009,%,60.92,A,
54,'208,Denmark,6620,Cropland,7209,Share in Land area,2010,2010,%,60.65,A,
54,'208,Denmark,6620,Cropland,7209,Share in Land area,2011,2011,%,62.58,A,
54,'208,Denmark,6620,Cropland,7209,Share in Land area,2012,2012,%,60.6,A,
54,'208,Denmark,6620,Cropland,7209,Share in Land area,2013,2013,%,60.83,A,
54,'208,Denmark,6620,Cropland,7209,Share in Land area,2014,2014,%,61.49,A,
54,'208,Denmark,6620,Cropland,7209,Share in Land area,2015,2015,%,59.47,A,
54,'208,Denmark,6620,Cropland,7209,Share in Land area,2016,2016,%,59.99,A,
54,'208,Denmark,6620,Cropland,7209,Share in Land area,2017,2017,%,59.91,A,
54,'208,Denmark,6620,Cropland,7209,Share in Land area,2018,2018,%,60.5,A,
54,'208,Denmark,6620,Cropland,7209,Share in Land area,2019,2019,%,60.48,A,
54,'208,Denmark,6620,Cropland,7209,Share in Land area,2020,2020,%,59.94,A,
54,'208,Denmark,6620,Cropland,7209,Share in Land area,2021,2021,%,59.6,A,
54,'208,Denmark,6620,Cropland,7209,Share in Land area,2022,2022,%,59.77,A,
54,'208,Denmark,6620,Cropland,7209,Share in Land area,2023,2023,%,59.88,A,
54,'208,Denmark,6620,Cropland,7277,Area per capita,1961,1961,ha/cap,0.6109,E,
54,'208,Denmark,6620,Cropland,7277,Area per capita,1962,1962,ha/cap,0.5988,E,
54,'208,Denmark,6620,Cropland,7277,Area per capita,1963,1963,ha/cap,0.5884,E,
54,'208,Denmark,6620,Cropland,7277,Area per capita,1964,1964,ha/cap,0.5803,E,
54,'208,Denmark,6620,Cropland,7277,Area per capita,1965,1965,ha/cap,0.569,E,
54,'208,Denmark,6620,Cropland,7277,Area per capita,1966,1966,ha/cap,0.563,E,
54,'208,Denmark,6620,Cropland,7277,Area per capita,1967,1967,ha/cap,0.5584,E,
54,'208,Denmark,6620,Cropland,7277,Area per capita,1968,1968,ha/cap,0.5569,E,
54,'208,Denmark,6620,Cropland,7277,Area per capita,1969,1969,ha/cap,0.5505,E,
54,'208,Denmark,6620,Cropland,7277,Area per capita,1970,1970,ha/cap,0.5429,E,
54,'208,Denmark,6620,Cropland,7277,Area per capita,1971,1971,ha/cap,0.5364,E,
54,'208,Denmark,6620,Cropland,7277,Area per capita,1972,1972,ha/cap,0.5341,E,
54,'208,Denmark,6620,Cropland,7277,Area per capita,1973,1973,ha/cap,0.5313,E,
54,'208,Denmark,6620,Cropland,7277,Area per capita,1974,1974,ha/cap,0.5262,E,
54,'208,Denmark,6620,Cropland,7277,Area per capita,1975,1975,ha/cap,0.5257,E,
54,'208,Denmark,6620,Cropland,7277,Area per capita,1976,1976,ha/cap,0.5257,E,
54,'208,Denmark,6620,Cropland,7277,Area per capita,1977,1977,ha/cap,0.5204,E,
54,'208,Denmark,6620,Cropland,7277,Area per capita,1978,1978,ha/cap,0.5198,E,
54,'208,Denmark,6620,Cropland,7277,Area per capita,1979,1979,ha/cap,0.5191,E,
54,'208,Denmark,6620,Cropland,7277,Area per capita,1980,1980,ha/cap,0.5179,E,
54,'208,Denmark,6620,Cropland,7277,Area per capita,1981,1981,ha/cap,0.5176,E,
54,'208,Denmark,6620,Cropland,7277,Area per capita,1982,1982,ha/cap,0.5166,E,
54,'208,Denmark,6620,Cropland,7277,Area per capita,1983,1983,ha/cap,0.5103,E,
54,'208,Denmark,6620,Cropland,7277,Area per capita,1984,1984,ha/cap,0.5139,E,
54,'208,Denmark,6620,Cropland,7277,Area per capita,1985,1985,ha/cap,0.5112,E,
54,'208,Denmark,6620,Cropland,7277,Area per capita,1986,1986,ha/cap,0.5085,E,
54,'208,Denmark,6620,Cropland,7277,Area per capita,1987,1987,ha/cap,0.5048,E,
54,'208,Denmark,6620,Cropland,7277,Area per capita,1988,1988,ha/cap,0.501,E,
54,'208,Denmark,6620,Cropland,7277,Area per capita,1989,1989,ha/cap,0.4978,E,
54,'208,Denmark,6620,Cropland,7277,Area per capita,1990,1990,ha/cap,0.5001,E,
54,'208,Denmark,6620,Cropland,7277,Area per capita,1991,1991,ha/cap,0.4963,E,
54,'208,Denmark,6620,Cropland,7277,Area per capita,1992,1992,ha/cap,0.4927,E,
54,'208,Denmark,6620,Cropland,7277,Area per capita,1993,1993,ha/cap,0.4899,E,
54,'208,Denmark,6620,Cropland,7277,Area per capita,1994,1994,ha/cap,0.456,E,
54,'208,Denmark,6620,Cropland,7277,Area per capita,1995,1995,ha/cap,0.4448,E,
54,'208,Denmark,6620,Cropland,7277,Area per capita,1996,1996,ha/cap,0.4429,E,
54,'208,Denmark,6620,Cropland,7277,Area per capita,1997,1997,ha/cap,0.449,E,
54,'208,Denmark,6620,Cropland,7277,Area per capita,1998,1998,ha/cap,0.4476,E,
54,'208,Denmark,6620,Cropland,7277,Area per capita,1999,1999,ha/cap,0.4326,E,
54,'208,Denmark,6620,Cropland,7277,Area per capita,2000,2000,ha/cap,0.4287,E,
54,'208,Denmark,6620,Cropland,7277,Area per capita,2001,2001,ha/cap,0.4292,E,
54,'208,Denmark,6620,Cropland,7277,Area per capita,2002,2002,ha/cap,0.4247,E,
54,'208,Denmark,6620,Cropland,7277,Area per capita,2003,2003,ha/cap,0.4218,E,
54,'208,Denmark,6620,Cropland,7277,Area per capita,2004,2004,ha/cap,0.4211,E,
54,'208,Denmark,6620,Cropland,7277,Area per capita,2005,2005,ha/cap,0.4316,E,
54,'208,Denmark,6620,Cropland,7277,Area per capita,2006,2006,ha/cap,0.4327,E,
54,'208,Denmark,6620,Cropland,7277,Area per capita,2007,2007,ha/cap,0.4235,E,
54,'208,Denmark,6620,Cropland,7277,Area per capita,2008,2008,ha/cap,0.4381,E,
54,'208,Denmark,6620,Cropland,7277,Area per capita,2009,2009,ha/cap,0.4412,E,
54,'208,Denmark,6620,Cropland,7277,Area per capita,2010,2010,ha/cap,0.4373,E,
54,'208,Denmark,6620,Cropland,7277,Area per capita,2011,2011,ha/cap,0.4493,E,
54,'208,Denmark,6620,Cropland,7277,Area per capita,2012,2012,ha/cap,0.4335,E,
54,'208,Denmark,6620,Cropland,7277,Area per capita,2013,2013,ha/cap,0.4333,E,
54,'208,Denmark,6620,Cropland,7277,Area per capita,2014,2014,ha/cap,0.4358,E,
54,'208,Denmark,6620,Cropland,7277,Area per capita,2015,2015,ha/cap,0.4185,E,
54,'208,Denmark,6620,Cropland,7277,Area per capita,2016,2016,ha/cap,0.4189,E,
54,'208,Denmark,6620,Cropland,7277,Area per capita,2017,2017,ha/cap,0.4157,E,
54,'208,Denmark,6620,Cropland,7277,Area per capita,2018,2018,ha/cap,0.4177,E,
54,'208,Denmark,6620,Cropland,7277,Area per capita,2019,2019,ha/cap,0.4161,E,
54,'208,Denmark,6620,Cropland,7277,Area per capita,2020,2020,ha/cap,0.4111,E,
54,'208,Denmark,6620,Cropland,7277,Area per capita,2021,2021,ha/cap,0.407,E,
54,'208,Denmark,6620,Cropland,7277,Area per capita,2022,2022,ha/cap,0.4051,E,
54,'208,Denmark,6620,Cropland,7277,Area per capita,2023,2023,ha/cap,0.4026,E,
54,'208,Denmark,6621,Arable land,5110,Area,1961,1961,1000 ha,2807.0,A,
54,'208,Denmark,6621,Arable land,5110,Area,1962,1962,1000 ha,2773.0,A,
54,'208,Denmark,6621,Arable land,5110,Area,1963,1963,1000 ha,2744.0,A,
54,'208,Denmark,6621,Arable land,5110,Area,1964,1964,1000 ha,2726.0,A,
54,'208,Denmark,6621,Arable land,5110,Area,1965,1965,1000 ha,2693.0,A,
54,'208,Denmark,6621,Arable land,5110,Area,1966,1966,1000 ha,2686.0,A,
54,'208,Denmark,6621,Arable land,5110,Area,1967,1967,1000 ha,2685.0,A,
54,'208,Denmark,6621,Arable land,5110,Area,1968,1968,1000 ha,2694.0,A,
54,'208,Denmark,6621,Arable land,5110,Area,1969,1969,1000 ha,2678.0,A,
54,'208,Denmark,6621,Arable land,5110,Area,1970,1970,1000 ha,2661.0,A,
54,'208,Denmark,6621,Arable land,5110,Area,1971,1971,1000 ha,2647.0,A,
54,'208,Denmark,6621,Arable land,5110,Area,1972,1972,1000 ha,2651.0,A,
54,'208,Denmark,6621,Arable land,5110,Area,1973,1973,1000 ha,2653.0,A,
54,'208,Denmark,6621,Arable land,5110,Area,1974,1974,1000 ha,2641.0,A,
54,'208,Denmark,6621,Arable land,5110,Area,1975,1975,1000 ha,2650.0,A,
54,'208,Denmark,6621,Arable land,5110,Area,1976,1976,1000 ha,2657.0,A,
54,'208,Denmark,6621,Arable land,5110,Area,1977,1977,1000 ha,2637.0,A,
54,'208,Denmark,6621,Arable land,5110,Area,1978,1978,1000 ha,2643.0,A,
54,'208,Denmark,6621,Arable land,5110,Area,1979,1979,1000 ha,2642.0,A,
54,'208,Denmark,6621,Arable land,5110,Area,1980,1980,1000 ha,2639.0,A,
54,'208,Denmark,6621,Arable land,5110,Area,1981,1981,1000 ha,2637.0,A,
54,'208,Denmark,6621,Arable land,5110,Area,1982,1982,1000 ha,2630.0,A,
54,'208,Denmark,6621,Arable land,5110,Area,1983,1983,1000 ha,2593.0,A,
54,'208,Denmark,6621,Arable land,5110,Area,1984,1984,1000 ha,2612.0,I,
54,'208,Denmark,6621,Arable land,5110,Area,1985,1985,1000 ha,2601.0,I,
54,'208,Denmark,6621,Arable land,5110,Area,1986,1986,1000 ha,2594.0,I,
54,'208,Denmark,6621,Arable land,5110,Area,1987,1987,1000 ha,2578.0,I,
54,'208,Denmark,6621,Arable land,5110,Area,1988,1988,1000 ha,2560.0,I,
54,'208,Denmark,6621,Arable land,5110,Area,1989,1989,1000 ha,2545.0,I,
54,'208,Denmark,6621,Arable land,5110,Area,1990,1990,1000 ha,2561.0,I,
54,'208,Denmark,6621,Arable land,5110,Area,1991,1991,1000 ha,2548.0,I,
54,'208,Denmark,6621,Arable land,5110,Area,1992,1992,1000 ha,2539.0,A,
54,'208,Denmark,6621,Arable land,5110,Area,1993,1993,1000 ha,2533.0,A,
54,'208,Denmark,6621,Arable land,5110,Area,1994,1994,1000 ha,2365.0,A,
54,'208,Denmark,6621,Arable land,5110,Area,1995,1995,1000 ha,2319.0,A,
54,'208,Denmark,6621,Arable land,5110,Area,1996,1996,1000 ha,2322.0,A,
54,'208,Denmark,6621,Arable land,5110,Area,1997,1997,1000 ha,2365.0,A,
54,'208,Denmark,6621,Arable land,5110,Area,1998,1998,1000 ha,2366.0,A,
54,'208,Denmark,6621,Arable land,5110,Area,1999,1999,1000 ha,2294.0,A,
54,'208,Denmark,6621,Arable land,5110,Area,2000,2000,1000 ha,2281.0,A,
54,'208,Denmark,6621,Arable land,5110,Area,2001,2001,1000 ha,2292.0,A,
54,'208,Denmark,6621,Arable land,5110,Area,2002,2002,1000 ha,2276.0,A,
54,'208,Denmark,6621,Arable land,5110,Area,2003,2003,1000 ha,2266.0,A,
54,'208,Denmark,6621,Arable land,5110,Area,2004,2004,1000 ha,2269.0,A,
54,'208,Denmark,6621,Arable land,5110,Area,2005,2005,1000 ha,2332.0,A,
54,'208,Denmark,6621,Arable land,5110,Area,2006,2006,1000 ha,2347.0,A,
54,'208,Denmark,6621,Arable land,5110,Area,2007,2007,1000 ha,2306.0,A,
54,'208,Denmark,6621,Arable land,5110,Area,2008,2008,1000 ha,2402.0,A,
54,'208,Denmark,6621,Arable land,5110,Area,2009,2009,1000 ha,2431.0,A,
54,'208,Denmark,6621,Arable land,5110,Area,2010,2010,1000 ha,2421.0,A,
54,'208,Denmark,6621,Arable land,5110,Area,2011,2011,1000 ha,2499.0,A,
54,'208,Denmark,6621,Arable land,5110,Area,2012,2012,1000 ha,2418.0,A,
54,'208,Denmark,6621,Arable land,5110,Area,2013,2013,1000 ha,2407.6,A,
54,'208,Denmark,6621,Arable land,5110,Area,2014,2014,1000 ha,2432.0,A,
54,'208,Denmark,6621,Arable land,5110,Area,2015,2015,1000 ha,2351.651,A,
54,'208,Denmark,6621,Arable land,5110,Area,2016,2016,1000 ha,2370.5,A,
54,'208,Denmark,6621,Arable land,5110,Area,2017,2017,1000 ha,2367.4,A,
54,'208,Denmark,6621,Arable land,5110,Area,2018,2018,1000 ha,2388.4,A,
54,'208,Denmark,6621,Arable land,5110,Area,2019,2019,1000 ha,2395.932,A,
54,'208,Denmark,6621,Arable land,5110,Area,2020,2020,1000 ha,2370.93,A,
54,'208,Denmark,6621,Arable land,5110,Area,2021,2021,1000 ha,2357.0,A,
54,'208,Denmark,6621,Arable land,5110,Area,2022,2022,1000 ha,2360.0,A,
54,'208,Denmark,6621,Arable land,5110,Area,2023,2023,1000 ha,2365.0,A,
54,'208,Denmark,6621,Arable land,7208,Share in Agricultural land,1961,1961,%,88.83,A,
54,'208,Denmark,6621,Arable land,7208,Share in Agricultural land,1962,1962,%,88.28,A,
54,'208,Denmark,6621,Arable land,7208,Share in Agricultural land,1963,1963,%,88.86,A,
54,'208,Denmark,6621,Arable land,7208,Share in Agricultural land,1964,1964,%,88.85,A,
54,'208,Denmark,6621,Arable land,7208,Share in Agricultural land,1965,1965,%,88.79,A,
54,'208,Denmark,6621,Arable land,7208,Share in Agricultural land,1966,1966,%,88.73,A,
54,'208,Denmark,6621,Arable land,7208,Share in Agricultural land,1967,1967,%,88.82,A,
54,'208,Denmark,6621,Arable land,7208,Share in Agricultural land,1968,1968,%,89.29,E,
54,'208,Denmark,6621,Arable land,7208,Share in Agricultural land,1969,1969,%,89.54,A,
54,'208,Denmark,6621,Arable land,7208,Share in Agricultural land,1970,1970,%,89.45,A,
54,'208,Denmark,6621,Arable land,7208,Share in Agricultural land,1971,1971,%,89.7,A,
54,'208,Denmark,6621,Arable land,7208,Share in Agricultural land,1972,1972,%,89.68,A,
54,'208,Denmark,6621,Arable land,7208,Share in Agricultural land,1973,1973,%,88.85,A,
54,'208,Denmark,6621,Arable land,7208,Share in Agricultural land,1974,1974,%,90.08,A,
54,'208,Denmark,6621,Arable land,7208,Share in Agricultural land,1975,1975,%,90.23,A,
54,'208,Denmark,6621,Arable land,7208,Share in Agricultural land,1976,1976,%,90.59,A,
54,'208,Denmark,6621,Arable land,7208,Share in Agricultural land,1977,1977,%,90.09,A,
54,'208,Denmark,6621,Arable land,7208,Share in Agricultural land,1978,1978,%,90.48,A,
54,'208,Denmark,6621,Arable land,7208,Share in Agricultural land,1979,1979,%,90.48,A,
54,'208,Denmark,6621,Arable land,7208,Share in Agricultural land,1980,1980,%,90.84,A,
54,'208,Denmark,6621,Arable land,7208,Share in Agricultural land,1981,1981,%,91.03,A,
54,'208,Denmark,6621,Arable land,7208,Share in Agricultural land,1982,1982,%,91.1,A,
54,'208,Denmark,6621,Arable land,7208,Share in Agricultural land,1983,1983,%,91.11,A,
54,'208,Denmark,6621,Arable land,7208,Share in Agricultural land,1984,1984,%,91.49,E,
54,'208,Denmark,6621,Arable land,7208,Share in Agricultural land,1985,1985,%,91.78,E,
54,'208,Denmark,6621,Arable land,7208,Share in Agricultural land,1986,1986,%,92.02,E,
54,'208,Denmark,6621,Arable land,7208,Share in Agricultural land,1987,1987,%,92.14,E,
54,'208,Denmark,6621,Arable land,7208,Share in Agricultural land,1988,1988,%,91.86,E,
54,'208,Denmark,6621,Arable land,7208,Share in Agricultural land,1989,1989,%,91.74,E,
54,'208,Denmark,6621,Arable land,7208,Share in Agricultural land,1990,1990,%,91.86,E,
54,'208,Denmark,6621,Arable land,7208,Share in Agricultural land,1991,1991,%,91.99,E,
54,'208,Denmark,6621,Arable land,7208,Share in Agricultural land,1992,1992,%,92.13,A,
54,'208,Denmark,6621,Arable land,7208,Share in Agricultural land,1993,1993,%,92.48,A,
54,'208,Denmark,6621,Arable land,7208,Share in Agricultural land,1994,1994,%,87.89,A,
54,'208,Denmark,6621,Arable land,7208,Share in Agricultural land,1995,1995,%,85.07,A,
54,'208,Denmark,6621,Arable land,7208,Share in Agricultural land,1996,1996,%,85.49,A,
54,'208,Denmark,6621,Arable land,7208,Share in Agricultural land,1997,1997,%,87.98,A,
54,'208,Denmark,6621,Arable land,7208,Share in Agricultural land,1998,1998,%,88.55,A,
54,'208,Denmark,6621,Arable land,7208,Share in Agricultural land,1999,1999,%,86.76,A,
54,'208,Denmark,6621,Arable land,7208,Share in Agricultural land,2000,2000,%,86.17,A,
54,'208,Denmark,6621,Arable land,7208,Share in Agricultural land,2001,2001,%,85.65,A,
54,'208,Denmark,6621,Arable land,7208,Share in Agricultural land,2002,2002,%,85.4,A,
54,'208,Denmark,6621,Arable land,7208,Share in Agricultural land,2003,2003,%,85.25,A,
54,'208,Denmark,6621,Arable land,7208,Share in Agricultural land,2004,2004,%,85.75,A,
54,'208,Denmark,6621,Arable land,7208,Share in Agricultural land,2005,2005,%,86.15,A,
54,'208,Denmark,6621,Arable land,7208,Share in Agricultural land,2006,2006,%,86.61,A,
54,'208,Denmark,6621,Arable land,7208,Share in Agricultural land,2007,2007,%,86.59,A,
54,'208,Denmark,6621,Arable land,7208,Share in Agricultural land,2008,2008,%,90.03,A,
54,'208,Denmark,6621,Arable land,7208,Share in Agricultural land,2009,2009,%,92.29,A,
54,'208,Denmark,6621,Arable land,7208,Share in Agricultural land,2010,2010,%,92.19,A,
54,'208,Denmark,6621,Arable land,7208,Share in Agricultural land,2011,2011,%,92.9,A,
54,'208,Denmark,6621,Arable land,7208,Share in Agricultural land,2012,2012,%,92.15,A,
54,'208,Denmark,6621,Arable land,7208,Share in Agricultural land,2013,2013,%,91.61,A,
54,'208,Denmark,6621,Arable land,7208,Share in Agricultural land,2014,2014,%,91.68,A,
54,'208,Denmark,6621,Arable land,7208,Share in Agricultural land,2015,2015,%,89.28,A,
54,'208,Denmark,6621,Arable land,7208,Share in Agricultural land,2016,2016,%,90.3,A,
54,'208,Denmark,6621,Arable land,7208,Share in Agricultural land,2017,2017,%,89.97,A,
54,'208,Denmark,6621,Arable land,7208,Share in Agricultural land,2018,2018,%,90.73,A,
54,'208,Denmark,6621,Arable land,7208,Share in Agricultural land,2019,2019,%,91.24,A,
54,'208,Denmark,6621,Arable land,7208,Share in Agricultural land,2020,2020,%,90.49,A,
54,'208,Denmark,6621,Arable land,7208,Share in Agricultural land,2021,2021,%,90.03,A,
54,'208,Denmark,6621,Arable land,7208,Share in Agricultural land,2022,2022,%,89.94,A,
54,'208,Denmark,6621,Arable land,7208,Share in Agricultural land,2023,2023,%,90.23,A,
54,'208,Denmark,6630,Temporary crops,5110,Area,2001,2001,1000 ha,1854.0,A,
54,'208,Denmark,6630,Temporary crops,5110,Area,2002,2002,1000 ha,1845.0,I,
54,'208,Denmark,6630,Temporary crops,5110,Area,2003,2003,1000 ha,1821.0,A,
54,'208,Denmark,6630,Temporary crops,5110,Area,2004,2004,1000 ha,1836.0,A,
54,'208,Denmark,6630,Temporary crops,5110,Area,2005,2005,1000 ha,1851.0,A,
54,'208,Denmark,6630,Temporary crops,5110,Area,2006,2006,1000 ha,1860.0,A,
54,'208,Denmark,6630,Temporary crops,5110,Area,2007,2007,1000 ha,1824.0,A,
54,'208,Denmark,6630,Temporary crops,5110,Area,2008,2008,1000 ha,1877.0,A,
54,'208,Denmark,6630,Temporary crops,5110,Area,2009,2009,1000 ha,1862.0,A,
54,'208,Denmark,6630,Temporary crops,5110,Area,2010,2010,1000 ha,1824.0,A,
54,'208,Denmark,6630,Temporary crops,5110,Area,2011,2011,1000 ha,1908.0,A,
54,'208,Denmark,6630,Temporary crops,5110,Area,2012,2012,1000 ha,1824.0,A,
54,'208,Denmark,6630,Temporary crops,5110,Area,2013,2013,1000 ha,1815.6,A,
54,'208,Denmark,6630,Temporary crops,5110,Area,2014,2014,1000 ha,1849.0,A,
54,'208,Denmark,6630,Temporary crops,5110,Area,2015,2015,1000 ha,1831.651,A,
54,'208,Denmark,6630,Temporary crops,5110,Area,2016,2016,1000 ha,1825.6,A,
54,'208,Denmark,6630,Temporary crops,5110,Area,2017,2017,1000 ha,1842.0,A,
54,'208,Denmark,6630,Temporary crops,5110,Area,2018,2018,1000 ha,1818.0,A,
54,'208,Denmark,6630,Temporary crops,5110,Area,2019,2019,1000 ha,1794.368,A,
54,'208,Denmark,6630,Temporary crops,5110,Area,2020,2020,1000 ha,1768.33,A,
54,'208,Denmark,6630,Temporary crops,5110,Area,2021,2021,1000 ha,1786.0,A,
54,'208,Denmark,6630,Temporary crops,5110,Area,2022,2022,1000 ha,1779.0,A,
54,'208,Denmark,6630,Temporary crops,5110,Area,2023,2023,1000 ha,1723.0,A,
54,'208,Denmark,6633,Temporary meadows and pastures,5110,Area,2001,2001,1000 ha,437.0,A,
54,'208,Denmark,6633,Temporary meadows and pastures,5110,Area,2002,2002,1000 ha,430.0,A,
54,'208,Denmark,6633,Temporary meadows and pastures,5110,Area,2003,2003,1000 ha,444.0,A,
54,'208,Denmark,6633,Temporary meadows and pastures,5110,Area,2004,2004,1000 ha,432.0,A,
54,'208,Denmark,6633,Temporary meadows and pastures,5110,Area,2005,2005,1000 ha,464.0,A,
54,'208,Denmark,6633,Temporary meadows and pastures,5110,Area,2006,2006,1000 ha,474.0,A,
54,'208,Denmark,6633,Temporary meadows and pastures,5110,Area,2007,2007,1000 ha,471.0,A,
54,'208,Denmark,6633,Temporary meadows and pastures,5110,Area,2008,2008,1000 ha,515.0,A,
54,'208,Denmark,6633,Temporary meadows and pastures,5110,Area,2009,2009,1000 ha,536.0,A,
54,'208,Denmark,6633,Temporary meadows and pastures,5110,Area,2010,2010,1000 ha,562.0,A,
54,'208,Denmark,6633,Temporary meadows and pastures,5110,Area,2011,2011,1000 ha,566.0,A,
54,'208,Denmark,6633,Temporary meadows and pastures,5110,Area,2012,2012,1000 ha,569.0,A,
54,'208,Denmark,6633,Temporary meadows and pastures,5110,Area,2013,2013,1000 ha,566.0,A,
54,'208,Denmark,6633,Temporary meadows and pastures,5110,Area,2014,2014,1000 ha,561.0,A,
54,'208,Denmark,6633,Temporary meadows and pastures,5110,Area,2015,2015,1000 ha,493.0,A,
54,'208,Denmark,6633,Temporary meadows and pastures,5110,Area,2016,2016,1000 ha,510.9,A,
54,'208,Denmark,6633,Temporary meadows and pastures,5110,Area,2017,2017,1000 ha,488.1,A,
54,'208,Denmark,6633,Temporary meadows and pastures,5110,Area,2018,2018,1000 ha,494.1,A,
54,'208,Denmark,6633,Temporary meadows and pastures,5110,Area,2019,2019,1000 ha,524.592,A,
54,'208,Denmark,6633,Temporary meadows and pastures,5110,Area,2020,2020,1000 ha,520.873,A,
54,'208,Denmark,6633,Temporary meadows and pastures,5110,Area,2021,2021,1000 ha,493.0,A,
54,'208,Denmark,6633,Temporary meadows and pastures,5110,Area,2022,2022,1000 ha,480.0,A,
54,'208,Denmark,6633,Temporary meadows and pastures,5110,Area,2023,2023,1000 ha,474.0,A,
54,'208,Denmark,6640,Temporary fallow,5110,Area,2001,2001,1000 ha,1.0,A,
54,'208,Denmark,6640,Temporary fallow,5110,Area,2002,2002,1000 ha,1.0,A,
54,'208,Denmark,6640,Temporary fallow,5110,Area,2003,2003,1000 ha,1.0,A,
54,'208,Denmark,6640,Temporary fallow,5110,Area,2004,2004,1000 ha,1.0,A,
54,'208,Denmark,6640,Temporary fallow,5110,Area,2005,2005,1000 ha,17.0,A,
54,'208,Denmark,6640,Temporary fallow,5110,Area,2006,2006,1000 ha,13.0,A,
54,'208,Denmark,6640,Temporary fallow,5110,Area,2007,2007,1000 ha,11.0,A,
54,'208,Denmark,6640,Temporary fallow,5110,Area,2008,2008,1000 ha,10.0,A,
54,'208,Denmark,6640,Temporary fallow,5110,Area,2009,2009,1000 ha,33.0,A,
54,'208,Denmark,6640,Temporary fallow,5110,Area,2010,2010,1000 ha,35.0,A,
54,'208,Denmark,6640,Temporary fallow,5110,Area,2011,2011,1000 ha,25.0,A,
54,'208,Denmark,6640,Temporary fallow,5110,Area,2012,2012,1000 ha,25.0,A,
54,'208,Denmark,6640,Temporary fallow,5110,Area,2013,2013,1000 ha,26.0,A,
54,'208,Denmark,6640,Temporary fallow,5110,Area,2014,2014,1000 ha,22.0,A,
54,'208,Denmark,6640,Temporary fallow,5110,Area,2015,2015,1000 ha,27.0,A,
54,'208,Denmark,6640,Temporary fallow,5110,Area,2016,2016,1000 ha,33.9,A,
54,'208,Denmark,6640,Temporary fallow,5110,Area,2017,2017,1000 ha,37.3,A,
54,'208,Denmark,6640,Temporary fallow,5110,Area,2018,2018,1000 ha,76.4,A,
54,'208,Denmark,6640,Temporary fallow,5110,Area,2019,2019,1000 ha,76.972,A,
54,'208,Denmark,6640,Temporary fallow,5110,Area,2020,2020,1000 ha,81.727,A,
54,'208,Denmark,6640,Temporary fallow,5110,Area,2021,2021,1000 ha,77.0,A,
54,'208,Denmark,6640,Temporary fallow,5110,Area,2022,2022,1000 ha,101.0,A,
54,'208,Denmark,6640,Temporary fallow,5110,Area,2023,2023,1000 ha,168.0,A,
54,'208,Denmark,6650,Permanent crops,5110,Area,1961,1961,1000 ha,10.0,A,
54,'208,Denmark,6650,Permanent crops,5110,Area,1962,1962,1000 ha,10.0,A,
54,'208,Denmark,6650,Permanent crops,5110,Area,1963,1963,1000 ha,12.0,A,
54,'208,Denmark,6650,Permanent crops,5110,Area,1964,1964,1000 ha,14.0,A,
54,'208,Denmark,6650,Permanent crops,5110,Area,1965,1965,1000 ha,15.0,A,
54,'208,Denmark,6650,Permanent crops,5110,Area,1966,1966,1000 ha,15.0,A,
54,'208,Denmark,6650,Permanent crops,5110,Area,1967,1967,1000 ha,15.0,A,
54,'208,Denmark,6650,Permanent crops,5110,Area,1968,1968,1000 ha,15.0,A,
54,'208,Denmark,6650,Permanent crops,5110,Area,1969,1969,1000 ha,15.0,A,
54,'208,Denmark,6650,Permanent crops,5110,Area,1970,1970,1000 ha,15.0,A,
54,'208,Denmark,6650,Permanent crops,5110,Area,1971,1971,1000 ha,15.0,A,
54,'208,Denmark,6650,Permanent crops,5110,Area,1972,1972,1000 ha,15.0,A,
54,'208,Denmark,6650,Permanent crops,5110,Area,1973,1973,1000 ha,15.0,A,
54,'208,Denmark,6650,Permanent crops,5110,Area,1974,1974,1000 ha,14.0,A,
54,'208,Denmark,6650,Permanent crops,5110,Area,1975,1975,1000 ha,10.0,A,
54,'208,Denmark,6650,Permanent crops,5110,Area,1976,1976,1000 ha,10.0,A,
54,'208,Denmark,6650,Permanent crops,5110,Area,1977,1977,1000 ha,11.0,A,
54,'208,Denmark,6650,Permanent crops,5110,Area,1978,1978,1000 ha,10.0,A,
54,'208,Denmark,6650,Permanent crops,5110,Area,1979,1979,1000 ha,14.0,A,
54,'208,Denmark,6650,Permanent crops,5110,Area,1980,1980,1000 ha,14.0,A,
54,'208,Denmark,6650,Permanent crops,5110,Area,1981,1981,1000 ha,14.0,A,
54,'208,Denmark,6650,Permanent crops,5110,Area,1982,1982,1000 ha,14.0,A,
54,'208,Denmark,6650,Permanent crops,5110,Area,1983,1983,1000 ha,17.0,A,
54,'208,Denmark,6650,Permanent crops,5110,Area,1984,1984,1000 ha,15.0,I,
54,'208,Denmark,6650,Permanent crops,5110,Area,1985,1985,1000 ha,13.0,I,
54,'208,Denmark,6650,Permanent crops,5110,Area,1986,1986,1000 ha,10.0,I,
54,'208,Denmark,6650,Permanent crops,5110,Area,1987,1987,1000 ha,10.0,I,
54,'208,Denmark,6650,Permanent crops,5110,Area,1988,1988,1000 ha,10.0,I,
54,'208,Denmark,6650,Permanent crops,5110,Area,1989,1989,1000 ha,10.0,I,
54,'208,Denmark,6650,Permanent crops,5110,Area,1990,1990,1000 ha,10.0,I,
54,'208,Denmark,6650,Permanent crops,5110,Area,1991,1991,1000 ha,10.0,I,
54,'208,Denmark,6650,Permanent crops,5110,Area,1992,1992,1000 ha,9.0,A,
54,'208,Denmark,6650,Permanent crops,5110,Area,1993,1993,1000 ha,9.0,A,
54,'208,Denmark,6650,Permanent crops,5110,Area,1994,1994,1000 ha,9.0,A,
54,'208,Denmark,6650,Permanent crops,5110,Area,1995,1995,1000 ha,9.0,A,
54,'208,Denmark,6650,Permanent crops,5110,Area,1996,1996,1000 ha,9.0,A,
54,'208,Denmark,6650,Permanent crops,5110,Area,1997,1997,1000 ha,8.0,A,
54,'208,Denmark,6650,Permanent crops,5110,Area,1998,1998,1000 ha,8.0,A,
54,'208,Denmark,6650,Permanent crops,5110,Area,1999,1999,1000 ha,8.0,A,
54,'208,Denmark,6650,Permanent crops,5110,Area,2000,2000,1000 ha,8.0,A,
54,'208,Denmark,6650,Permanent crops,5110,Area,2001,2001,1000 ha,8.0,A,
54,'208,Denmark,6650,Permanent crops,5110,Area,2002,2002,1000 ha,7.0,A,
54,'208,Denmark,6650,Permanent crops,5110,Area,2003,2003,1000 ha,8.0,A,
54,'208,Denmark,6650,Permanent crops,5110,Area,2004,2004,1000 ha,7.0,A,
54,'208,Denmark,6650,Permanent crops,5110,Area,2005,2005,1000 ha,7.0,A,
54,'208,Denmark,6650,Permanent crops,5110,Area,2006,2006,1000 ha,6.0,A,
54,'208,Denmark,6650,Permanent crops,5110,Area,2007,2007,1000 ha,7.0,A,
54,'208,Denmark,6650,Permanent crops,5110,Area,2008,2008,1000 ha,5.0,A,
54,'208,Denmark,6650,Permanent crops,5110,Area,2009,2009,1000 ha,6.0,A,
54,'208,Denmark,6650,Permanent crops,5110,Area,2010,2010,1000 ha,5.0,A,
54,'208,Denmark,6650,Permanent crops,5110,Area,2011,2011,1000 ha,4.0,A,
54,'208,Denmark,6650,Permanent crops,5110,Area,2012,2012,1000 ha,6.0,A,
54,'208,Denmark,6650,Permanent crops,5110,Area,2013,2013,1000 ha,25.4,B,
54,'208,Denmark,6650,Permanent crops,5110,Area,2014,2014,1000 ha,27.631,A,
54,'208,Denmark,6650,Permanent crops,5110,Area,2015,2015,1000 ha,27.248,A,
54,'208,Denmark,6650,Permanent crops,5110,Area,2016,2016,1000 ha,29.0,A,
54,'208,Denmark,6650,Permanent crops,5110,Area,2017,2017,1000 ha,29.0,A,
54,'208,Denmark,6650,Permanent crops,5110,Area,2018,2018,1000 ha,31.0,A,
54,'208,Denmark,6650,Permanent crops,5110,Area,2019,2019,1000 ha,23.346,A,
54,'208,Denmark,6650,Permanent crops,5110,Area,2020,2020,1000 ha,26.652,A,
54,'208,Denmark,6650,Permanent crops,5110,Area,2021,2021,1000 ha,27.0,A,
54,'208,Denmark,6650,Permanent crops,5110,Area,2022,2022,1000 ha,31.0,A,
54,'208,Denmark,6650,Permanent crops,5110,Area,2023,2023,1000 ha,29.593,A,
54,'208,Denmark,6650,Permanent crops,7208,Share in Agricultural land,1961,1961,%,0.32,A,
54,'208,Denmark,6650,Permanent crops,7208,Share in Agricultural land,1962,1962,%,0.32,A,
54,'208,Denmark,6650,Permanent crops,7208,Share in Agricultural land,1963,1963,%,0.39,A,
54,'208,Denmark,6650,Permanent crops,7208,Share in Agricultural land,1964,1964,%,0.46,A,
54,'208,Denmark,6650,Permanent crops,7208,Share in Agricultural land,1965,1965,%,0.49,A,
54,'208,Denmark,6650,Permanent crops,7208,Share in Agricultural land,1966,1966,%,0.5,A,
54,'208,Denmark,6650,Permanent crops,7208,Share in Agricultural land,1967,1967,%,0.5,A,
54,'208,Denmark,6650,Permanent crops,7208,Share in Agricultural land,1968,1968,%,0.5,E,
54,'208,Denmark,6650,Permanent crops,7208,Share in Agricultural land,1969,1969,%,0.5,A,
54,'208,Denmark,6650,Permanent crops,7208,Share in Agricultural land,1970,1970,%,0.5,A,
54,'208,Denmark,6650,Permanent crops,7208,Share in Agricultural land,1971,1971,%,0.51,A,
54,'208,Denmark,6650,Permanent crops,7208,Share in Agricultural land,1972,1972,%,0.51,A,
54,'208,Denmark,6650,Permanent crops,7208,Share in Agricultural land,1973,1973,%,0.5,A,
54,'208,Denmark,6650,Permanent crops,7208,Share in Agricultural land,1974,1974,%,0.48,A,
54,'208,Denmark,6650,Permanent crops,7208,Share in Agricultural land,1975,1975,%,0.34,A,
54,'208,Denmark,6650,Permanent crops,7208,Share in Agricultural land,1976,1976,%,0.34,A,
54,'208,Denmark,6650,Permanent crops,7208,Share in Agricultural land,1977,1977,%,0.38,A,
54,'208,Denmark,6650,Permanent crops,7208,Share in Agricultural land,1978,1978,%,0.34,A,
54,'208,Denmark,6650,Permanent crops,7208,Share in Agricultural land,1979,1979,%,0.48,A,
54,'208,Denmark,6650,Permanent crops,7208,Share in Agricultural land,1980,1980,%,0.48,A,
54,'208,Denmark,6650,Permanent crops,7208,Share in Agricultural land,1981,1981,%,0.48,A,
54,'208,Denmark,6650,Permanent crops,7208,Share in Agricultural land,1982,1982,%,0.48,A,
54,'208,Denmark,6650,Permanent crops,7208,Share in Agricultural land,1983,1983,%,0.6,A,
54,'208,Denmark,6650,Permanent crops,7208,Share in Agricultural land,1984,1984,%,0.53,E,
54,'208,Denmark,6650,Permanent crops,7208,Share in Agricultural land,1985,1985,%,0.46,E,
54,'208,Denmark,6650,Permanent crops,7208,Share in Agricultural land,1986,1986,%,0.35,E,
54,'208,Denmark,6650,Permanent crops,7208,Share in Agricultural land,1987,1987,%,0.36,E,
54,'208,Denmark,6650,Permanent crops,7208,Share in Agricultural land,1988,1988,%,0.36,E,
54,'208,Denmark,6650,Permanent crops,7208,Share in Agricultural land,1989,1989,%,0.36,E,
54,'208,Denmark,6650,Permanent crops,7208,Share in Agricultural land,1990,1990,%,0.36,E,
54,'208,Denmark,6650,Permanent crops,7208,Share in Agricultural land,1991,1991,%,0.36,E,
54,'208,Denmark,6650,Permanent crops,7208,Share in Agricultural land,1992,1992,%,0.33,A,
54,'208,Denmark,6650,Permanent crops,7208,Share in Agricultural land,1993,1993,%,0.33,A,
54,'208,Denmark,6650,Permanent crops,7208,Share in Agricultural land,1994,1994,%,0.33,A,
54,'208,Denmark,6650,Permanent crops,7208,Share in Agricultural land,1995,1995,%,0.33,A,
54,'208,Denmark,6650,Permanent crops,7208,Share in Agricultural land,1996,1996,%,0.33,A,
54,'208,Denmark,6650,Permanent crops,7208,Share in Agricultural land,1997,1997,%,0.3,A,
54,'208,Denmark,6650,Permanent crops,7208,Share in Agricultural land,1998,1998,%,0.3,A,
54,'208,Denmark,6650,Permanent crops,7208,Share in Agricultural land,1999,1999,%,0.3,A,
54,'208,Denmark,6650,Permanent crops,7208,Share in Agricultural land,2000,2000,%,0.3,A,
54,'208,Denmark,6650,Permanent crops,7208,Share in Agricultural land,2001,2001,%,0.3,A,
54,'208,Denmark,6650,Permanent crops,7208,Share in Agricultural land,2002,2002,%,0.26,A,
54,'208,Denmark,6650,Permanent crops,7208,Share in Agricultural land,2003,2003,%,0.3,A,
54,'208,Denmark,6650,Permanent crops,7208,Share in Agricultural land,2004,2004,%,0.26,A,
54,'208,Denmark,6650,Permanent crops,7208,Share in Agricultural land,2005,2005,%,0.26,A,
54,'208,Denmark,6650,Permanent crops,7208,Share in Agricultural land,2006,2006,%,0.22,A,
54,'208,Denmark,6650,Permanent crops,7208,Share in Agricultural land,2007,2007,%,0.26,A,
54,'208,Denmark,6650,Permanent crops,7208,Share in Agricultural land,2008,2008,%,0.19,A,
54,'208,Denmark,6650,Permanent crops,7208,Share in Agricultural land,2009,2009,%,0.23,A,
54,'208,Denmark,6650,Permanent crops,7208,Share in Agricultural land,2010,2010,%,0.19,A,
54,'208,Denmark,6650,Permanent crops,7208,Share in Agricultural land,2011,2011,%,0.15,A,
54,'208,Denmark,6650,Permanent crops,7208,Share in Agricultural land,2012,2012,%,0.23,A,
54,'208,Denmark,6650,Permanent crops,7208,Share in Agricultural land,2013,2013,%,0.97,E,
54,'208,Denmark,6650,Permanent crops,7208,Share in Agricultural land,2014,2014,%,1.04,A,
54,'208,Denmark,6650,Permanent crops,7208,Share in Agricultural land,2015,2015,%,1.03,A,
54,'208,Denmark,6650,Permanent crops,7208,Share in Agricultural land,2016,2016,%,1.1,A,
54,'208,Denmark,6650,Permanent crops,7208,Share in Agricultural land,2017,2017,%,1.1,A,
54,'208,Denmark,6650,Permanent crops,7208,Share in Agricultural land,2018,2018,%,1.18,A,
54,'208,Denmark,6650,Permanent crops,7208,Share in Agricultural land,2019,2019,%,0.89,A,
54,'208,Denmark,6650,Permanent crops,7208,Share in Agricultural land,2020,2020,%,1.02,A,
54,'208,Denmark,6650,Permanent crops,7208,Share in Agricultural land,2021,2021,%,1.03,A,
54,'208,Denmark,6650,Permanent crops,7208,Share in Agricultural land,2022,2022,%,1.18,A,
54,'208,Denmark,6650,Permanent crops,7208,Share in Agricultural land,2023,2023,%,1.13,A,
54,'208,Denmark,6655,Permanent meadows and pastures,5110,Area,1961,1961,1000 ha,343.0,A,
54,'208,Denmark,6655,Permanent meadows and pastures,5110,Area,1962,1962,1000 ha,358.0,A,
54,'208,Denmark,6655,Permanent meadows and pastures,5110,Area,1963,1963,1000 ha,332.0,A,
54,'208,Denmark,6655,Permanent meadows and pastures,5110,Area,1964,1964,1000 ha,328.0,A,
54,'208,Denmark,6655,Permanent meadows and pastures,5110,Area,1965,1965,1000 ha,325.0,A,
54,'208,Denmark,6655,Permanent meadows and pastures,5110,Area,1966,1966,1000 ha,326.0,A,
54,'208,Denmark,6655,Permanent meadows and pastures,5110,Area,1967,1967,1000 ha,323.0,A,
54,'208,Denmark,6655,Permanent meadows and pastures,5110,Area,1968,1968,1000 ha,308.0,I,
54,'208,Denmark,6655,Permanent meadows and pastures,5110,Area,1969,1969,1000 ha,298.0,A,
54,'208,Denmark,6655,Permanent meadows and pastures,5110,Area,1970,1970,1000 ha,299.0,A,
54,'208,Denmark,6655,Permanent meadows and pastures,5110,Area,1971,1971,1000 ha,289.0,A,
54,'208,Denmark,6655,Permanent meadows and pastures,5110,Area,1972,1972,1000 ha,290.0,A,
54,'208,Denmark,6655,Permanent meadows and pastures,5110,Area,1973,1973,1000 ha,318.0,A,
54,'208,Denmark,6655,Permanent meadows and pastures,5110,Area,1974,1974,1000 ha,277.0,A,
54,'208,Denmark,6655,Permanent meadows and pastures,5110,Area,1975,1975,1000 ha,277.0,A,
54,'208,Denmark,6655,Permanent meadows and pastures,5110,Area,1976,1976,1000 ha,266.0,A,
54,'208,Denmark,6655,Permanent meadows and pastures,5110,Area,1977,1977,1000 ha,279.0,A,
54,'208,Denmark,6655,Permanent meadows and pastures,5110,Area,1978,1978,1000 ha,268.0,A,
54,'208,Denmark,6655,Permanent meadows and pastures,5110,Area,1979,1979,1000 ha,264.0,A,
54,'208,Denmark,6655,Permanent meadows and pastures,5110,Area,1980,1980,1000 ha,252.0,A,
54,'208,Denmark,6655,Permanent meadows and pastures,5110,Area,1981,1981,1000 ha,246.0,A,
54,'208,Denmark,6655,Permanent meadows and pastures,5110,Area,1982,1982,1000 ha,243.0,A,
54,'208,Denmark,6655,Permanent meadows and pastures,5110,Area,1983,1983,1000 ha,236.0,A,
54,'208,Denmark,6655,Permanent meadows and pastures,5110,Area,1984,1984,1000 ha,228.0,A,
54,'208,Denmark,6655,Permanent meadows and pastures,5110,Area,1985,1985,1000 ha,220.0,A,
54,'208,Denmark,6655,Permanent meadows and pastures,5110,Area,1986,1986,1000 ha,215.0,A,
54,'208,Denmark,6655,Permanent meadows and pastures,5110,Area,1987,1987,1000 ha,210.0,A,
54,'208,Denmark,6655,Permanent meadows and pastures,5110,Area,1988,1988,1000 ha,217.0,A,
54,'208,Denmark,6655,Permanent meadows and pastures,5110,Area,1989,1989,1000 ha,219.0,A,
54,'208,Denmark,6655,Permanent meadows and pastures,5110,Area,1990,1990,1000 ha,217.0,A,
54,'208,Denmark,6655,Permanent meadows and pastures,5110,Area,1991,1991,1000 ha,212.0,A,
54,'208,Denmark,6655,Permanent meadows and pastures,5110,Area,1992,1992,1000 ha,208.0,A,
54,'208,Denmark,6655,Permanent meadows and pastures,5110,Area,1993,1993,1000 ha,197.0,A,
54,'208,Denmark,6655,Permanent meadows and pastures,5110,Area,1994,1994,1000 ha,317.0,A,
54,'208,Denmark,6655,Permanent meadows and pastures,5110,Area,1995,1995,1000 ha,398.0,A,
54,'208,Denmark,6655,Permanent meadows and pastures,5110,Area,1996,1996,1000 ha,385.0,A,
54,'208,Denmark,6655,Permanent meadows and pastures,5110,Area,1997,1997,1000 ha,315.0,A,
54,'208,Denmark,6655,Permanent meadows and pastures,5110,Area,1998,1998,1000 ha,298.0,A,
54,'208,Denmark,6655,Permanent meadows and pastures,5110,Area,1999,1999,1000 ha,342.0,A,
54,'208,Denmark,6655,Permanent meadows and pastures,5110,Area,2000,2000,1000 ha,358.0,A,
54,'208,Denmark,6655,Permanent meadows and pastures,5110,Area,2001,2001,1000 ha,376.0,A,
54,'208,Denmark,6655,Permanent meadows and pastures,5110,Area,2002,2002,1000 ha,382.0,A,
54,'208,Denmark,6655,Permanent meadows and pastures,5110,Area,2003,2003,1000 ha,384.0,A,
54,'208,Denmark,6655,Permanent meadows and pastures,5110,Area,2004,2004,1000 ha,370.0,A,
54,'208,Denmark,6655,Permanent meadows and pastures,5110,Area,2005,2005,1000 ha,368.0,A,
54,'208,Denmark,6655,Permanent meadows and pastures,5110,Area,2006,2006,1000 ha,357.0,A,
54,'208,Denmark,6655,Permanent meadows and pastures,5110,Area,2007,2007,1000 ha,350.0,A,
54,'208,Denmark,6655,Permanent meadows and pastures,5110,Area,2008,2008,1000 ha,261.0,A,
54,'208,Denmark,6655,Permanent meadows and pastures,5110,Area,2009,2009,1000 ha,197.0,A,
54,'208,Denmark,6655,Permanent meadows and pastures,5110,Area,2010,2010,1000 ha,200.0,A,
54,'208,Denmark,6655,Permanent meadows and pastures,5110,Area,2011,2011,1000 ha,187.0,A,
54,'208,Denmark,6655,Permanent meadows and pastures,5110,Area,2012,2012,1000 ha,200.0,A,
54,'208,Denmark,6655,Permanent meadows and pastures,5110,Area,2013,2013,1000 ha,195.0,A,
54,'208,Denmark,6655,Permanent meadows and pastures,5110,Area,2014,2014,1000 ha,193.0,A,
54,'208,Denmark,6655,Permanent meadows and pastures,5110,Area,2015,2015,1000 ha,255.0,A,
54,'208,Denmark,6655,Permanent meadows and pastures,5110,Area,2016,2016,1000 ha,226.0,A,
54,'208,Denmark,6655,Permanent meadows and pastures,5110,Area,2017,2017,1000 ha,235.0,A,
54,'208,Denmark,6655,Permanent meadows and pastures,5110,Area,2018,2018,1000 ha,213.0,A,
54,'208,Denmark,6655,Permanent meadows and pastures,5110,Area,2019,2019,1000 ha,206.687,A,
54,'208,Denmark,6655,Permanent meadows and pastures,5110,Area,2020,2020,1000 ha,222.405,A,
54,'208,Denmark,6655,Permanent meadows and pastures,5110,Area,2021,2021,1000 ha,234.0,A,
54,'208,Denmark,6655,Permanent meadows and pastures,5110,Area,2022,2022,1000 ha,233.0,A,
54,'208,Denmark,6655,Permanent meadows and pastures,5110,Area,2023,2023,1000 ha,226.0,A,
54,'208,Denmark,6655,Permanent meadows and pastures,7208,Share in Agricultural land,1961,1961,%,10.85,A,
54,'208,Denmark,6655,Permanent meadows and pastures,7208,Share in Agricultural land,1962,1962,%,11.4,A,
54,'208,Denmark,6655,Permanent meadows and pastures,7208,Share in Agricultural land,1963,1963,%,10.75,A,
54,'208,Denmark,6655,Permanent meadows and pastures,7208,Share in Agricultural land,1964,1964,%,10.69,A,
54,'208,Denmark,6655,Permanent meadows and pastures,7208,Share in Agricultural land,1965,1965,%,10.72,A,
54,'208,Denmark,6655,Permanent meadows and pastures,7208,Share in Agricultural land,1966,1966,%,10.77,A,
54,'208,Denmark,6655,Permanent meadows and pastures,7208,Share in Agricultural land,1967,1967,%,10.68,A,
54,'208,Denmark,6655,Permanent meadows and pastures,7208,Share in Agricultural land,1968,1968,%,10.21,E,
54,'208,Denmark,6655,Permanent meadows and pastures,7208,Share in Agricultural land,1969,1969,%,9.96,A,
54,'208,Denmark,6655,Permanent meadows and pastures,7208,Share in Agricultural land,1970,1970,%,10.05,A,
54,'208,Denmark,6655,Permanent meadows and pastures,7208,Share in Agricultural land,1971,1971,%,9.79,A,
54,'208,Denmark,6655,Permanent meadows and pastures,7208,Share in Agricultural land,1972,1972,%,9.81,A,
54,'208,Denmark,6655,Permanent meadows and pastures,7208,Share in Agricultural land,1973,1973,%,10.65,A,
54,'208,Denmark,6655,Permanent meadows and pastures,7208,Share in Agricultural land,1974,1974,%,9.45,A,
54,'208,Denmark,6655,Permanent meadows and pastures,7208,Share in Agricultural land,1975,1975,%,9.43,A,
54,'208,Denmark,6655,Permanent meadows and pastures,7208,Share in Agricultural land,1976,1976,%,9.07,A,
54,'208,Denmark,6655,Permanent meadows and pastures,7208,Share in Agricultural land,1977,1977,%,9.53,A,
54,'208,Denmark,6655,Permanent meadows and pastures,7208,Share in Agricultural land,1978,1978,%,9.17,A,
54,'208,Denmark,6655,Permanent meadows and pastures,7208,Share in Agricultural land,1979,1979,%,9.04,A,
54,'208,Denmark,6655,Permanent meadows and pastures,7208,Share in Agricultural land,1980,1980,%,8.67,A,
54,'208,Denmark,6655,Permanent meadows and pastures,7208,Share in Agricultural land,1981,1981,%,8.49,A,
54,'208,Denmark,6655,Permanent meadows and pastures,7208,Share in Agricultural land,1982,1982,%,8.42,A,
54,'208,Denmark,6655,Permanent meadows and pastures,7208,Share in Agricultural land,1983,1983,%,8.29,A,
54,'208,Denmark,6655,Permanent meadows and pastures,7208,Share in Agricultural land,1984,1984,%,7.99,A,
54,'208,Denmark,6655,Permanent meadows and pastures,7208,Share in Agricultural land,1985,1985,%,7.76,A,
54,'208,Denmark,6655,Permanent meadows and pastures,7208,Share in Agricultural land,1986,1986,%,7.63,A,
54,'208,Denmark,6655,Permanent meadows and pastures,7208,Share in Agricultural land,1987,1987,%,7.51,A,
54,'208,Denmark,6655,Permanent meadows and pastures,7208,Share in Agricultural land,1988,1988,%,7.79,A,
54,'208,Denmark,6655,Permanent meadows and pastures,7208,Share in Agricultural land,1989,1989,%,7.89,A,
54,'208,Denmark,6655,Permanent meadows and pastures,7208,Share in Agricultural land,1990,1990,%,7.78,A,
54,'208,Denmark,6655,Permanent meadows and pastures,7208,Share in Agricultural land,1991,1991,%,7.65,A,
54,'208,Denmark,6655,Permanent meadows and pastures,7208,Share in Agricultural land,1992,1992,%,7.55,A,
54,'208,Denmark,6655,Permanent meadows and pastures,7208,Share in Agricultural land,1993,1993,%,7.19,A,
54,'208,Denmark,6655,Permanent meadows and pastures,7208,Share in Agricultural land,1994,1994,%,11.78,A,
54,'208,Denmark,6655,Permanent meadows and pastures,7208,Share in Agricultural land,1995,1995,%,14.6,A,
54,'208,Denmark,6655,Permanent meadows and pastures,7208,Share in Agricultural land,1996,1996,%,14.18,A,
54,'208,Denmark,6655,Permanent meadows and pastures,7208,Share in Agricultural land,1997,1997,%,11.72,A,
54,'208,Denmark,6655,Permanent meadows and pastures,7208,Share in Agricultural land,1998,1998,%,11.15,A,
54,'208,Denmark,6655,Permanent meadows and pastures,7208,Share in Agricultural land,1999,1999,%,12.93,A,
54,'208,Denmark,6655,Permanent meadows and pastures,7208,Share in Agricultural land,2000,2000,%,13.52,A,
54,'208,Denmark,6655,Permanent meadows and pastures,7208,Share in Agricultural land,2001,2001,%,14.05,A,
54,'208,Denmark,6655,Permanent meadows and pastures,7208,Share in Agricultural land,2002,2002,%,14.33,A,
54,'208,Denmark,6655,Permanent meadows and pastures,7208,Share in Agricultural land,2003,2003,%,14.45,A,
54,'208,Denmark,6655,Permanent meadows and pastures,7208,Share in Agricultural land,2004,2004,%,13.98,A,
54,'208,Denmark,6655,Permanent meadows and pastures,7208,Share in Agricultural land,2005,2005,%,13.59,A,
54,'208,Denmark,6655,Permanent meadows and pastures,7208,Share in Agricultural land,2006,2006,%,13.17,A,
54,'208,Denmark,6655,Permanent meadows and pastures,7208,Share in Agricultural land,2007,2007,%,13.14,A,
54,'208,Denmark,6655,Permanent meadows and pastures,7208,Share in Agricultural land,2008,2008,%,9.78,A,
54,'208,Denmark,6655,Permanent meadows and pastures,7208,Share in Agricultural land,2009,2009,%,7.48,A,
54,'208,Denmark,6655,Permanent meadows and pastures,7208,Share in Agricultural land,2010,2010,%,7.62,A,
54,'208,Denmark,6655,Permanent meadows and pastures,7208,Share in Agricultural land,2011,2011,%,6.95,A,
54,'208,Denmark,6655,Permanent meadows and pastures,7208,Share in Agricultural land,2012,2012,%,7.62,A,
54,'208,Denmark,6655,Permanent meadows and pastures,7208,Share in Agricultural land,2013,2013,%,7.42,A,
54,'208,Denmark,6655,Permanent meadows and pastures,7208,Share in Agricultural land,2014,2014,%,7.28,A,
54,'208,Denmark,6655,Permanent meadows and pastures,7208,Share in Agricultural land,2015,2015,%,9.68,A,
54,'208,Denmark,6655,Permanent meadows and pastures,7208,Share in Agricultural land,2016,2016,%,8.61,A,
54,'208,Denmark,6655,Permanent meadows and pastures,7208,Share in Agricultural land,2017,2017,%,8.93,A,
54,'208,Denmark,6655,Permanent meadows and pastures,7208,Share in Agricultural land,2018,2018,%,8.09,A,
54,'208,Denmark,6655,Permanent meadows and pastures,7208,Share in Agricultural land,2019,2019,%,7.87,A,
54,'208,Denmark,6655,Permanent meadows and pastures,7208,Share in Agricultural land,2020,2020,%,8.49,A,
54,'208,Denmark,6655,Permanent meadows and pastures,7208,Share in Agricultural land,2021,2021,%,8.94,A,
54,'208,Denmark,6655,Permanent meadows and pastures,7208,Share in Agricultural land,2022,2022,%,8.88,A,
54,'208,Denmark,6655,Permanent meadows and pastures,7208,Share in Agricultural land,2023,2023,%,8.62,A,
54,'208,Denmark,6655,Permanent meadows and pastures,7209,Share in Land area,1961,1961,%,8.57,A,
54,'208,Denmark,6655,Permanent meadows and pastures,7209,Share in Land area,1962,1962,%,8.95,A,
54,'208,Denmark,6655,Permanent meadows and pastures,7209,Share in Land area,1963,1963,%,8.3,A,
54,'208,Denmark,6655,Permanent meadows and pastures,7209,Share in Land area,1964,1964,%,8.2,A,
54,'208,Denmark,6655,Permanent meadows and pastures,7209,Share in Land area,1965,1965,%,8.13,A,
54,'208,Denmark,6655,Permanent meadows and pastures,7209,Share in Land area,1966,1966,%,8.15,A,
54,'208,Denmark,6655,Permanent meadows and pastures,7209,Share in Land area,1967,1967,%,8.07,A,
54,'208,Denmark,6655,Permanent meadows and pastures,7209,Share in Land area,1968,1968,%,7.7,E,
54,'208,Denmark,6655,Permanent meadows and pastures,7209,Share in Land area,1969,1969,%,7.45,A,
54,'208,Denmark,6655,Permanent meadows and pastures,7209,Share in Land area,1970,1970,%,7.47,A,
54,'208,Denmark,6655,Permanent meadows and pastures,7209,Share in Land area,1971,1971,%,7.22,A,
54,'208,Denmark,6655,Permanent meadows and pastures,7209,Share in Land area,1972,1972,%,7.25,A,
54,'208,Denmark,6655,Permanent meadows and pastures,7209,Share in Land area,1973,1973,%,7.95,A,
54,'208,Denmark,6655,Permanent meadows and pastures,7209,Share in Land area,1974,1974,%,6.92,A,
54,'208,Denmark,6655,Permanent meadows and pastures,7209,Share in Land area,1975,1975,%,6.92,A,
54,'208,Denmark,6655,Permanent meadows and pastures,7209,Share in Land area,1976,1976,%,6.65,A,
54,'208,Denmark,6655,Permanent meadows and pastures,7209,Share in Land area,1977,1977,%,6.97,A,
54,'208,Denmark,6655,Permanent meadows and pastures,7209,Share in Land area,1978,1978,%,6.7,A,
54,'208,Denmark,6655,Permanent meadows and pastures,7209,Share in Land area,1979,1979,%,6.6,A,
54,'208,Denmark,6655,Permanent meadows and pastures,7209,Share in Land area,1980,1980,%,6.3,A,
54,'208,Denmark,6655,Permanent meadows and pastures,7209,Share in Land area,1981,1981,%,6.15,A,
54,'208,Denmark,6655,Permanent meadows and pastures,7209,Share in Land area,1982,1982,%,6.08,A,
54,'208,Denmark,6655,Permanent meadows and pastures,7209,Share in Land area,1983,1983,%,5.9,A,
54,'208,Denmark,6655,Permanent meadows and pastures,7209,Share in Land area,1984,1984,%,5.7,A,
54,'208,Denmark,6655,Permanent meadows and pastures,7209,Share in Land area,1985,1985,%,5.5,A,
54,'208,Denmark,6655,Permanent meadows and pastures,7209,Share in Land area,1986,1986,%,5.38,A,
54,'208,Denmark,6655,Permanent meadows and pastures,7209,Share in Land area,1987,1987,%,5.25,A,
54,'208,Denmark,6655,Permanent meadows and pastures,7209,Share in Land area,1988,1988,%,5.42,A,
54,'208,Denmark,6655,Permanent meadows and pastures,7209,Share in Land area,1989,1989,%,5.47,A,
54,'208,Denmark,6655,Permanent meadows and pastures,7209,Share in Land area,1990,1990,%,5.42,A,
54,'208,Denmark,6655,Permanent meadows and pastures,7209,Share in Land area,1991,1991,%,5.3,A,
54,'208,Denmark,6655,Permanent meadows and pastures,7209,Share in Land area,1992,1992,%,5.2,A,
54,'208,Denmark,6655,Permanent meadows and pastures,7209,Share in Land area,1993,1993,%,4.92,A,
54,'208,Denmark,6655,Permanent meadows and pastures,7209,Share in Land area,1994,1994,%,7.92,A,
54,'208,Denmark,6655,Permanent meadows and pastures,7209,Share in Land area,1995,1995,%,9.95,A,
54,'208,Denmark,6655,Permanent meadows and pastures,7209,Share in Land area,1996,1996,%,9.63,A,
54,'208,Denmark,6655,Permanent meadows and pastures,7209,Share in Land area,1997,1997,%,7.88,A,
54,'208,Denmark,6655,Permanent meadows and pastures,7209,Share in Land area,1998,1998,%,7.45,A,
54,'208,Denmark,6655,Permanent meadows and pastures,7209,Share in Land area,1999,1999,%,8.55,A,
54,'208,Denmark,6655,Permanent meadows and pastures,7209,Share in Land area,2000,2000,%,8.95,A,
54,'208,Denmark,6655,Permanent meadows and pastures,7209,Share in Land area,2001,2001,%,9.4,A,
54,'208,Denmark,6655,Permanent meadows and pastures,7209,Share in Land area,2002,2002,%,9.55,A,
54,'208,Denmark,6655,Permanent meadows and pastures,7209,Share in Land area,2003,2003,%,9.6,A,
54,'208,Denmark,6655,Permanent meadows and pastures,7209,Share in Land area,2004,2004,%,9.25,A,
54,'208,Denmark,6655,Permanent meadows and pastures,7209,Share in Land area,2005,2005,%,9.2,A,
54,'208,Denmark,6655,Permanent meadows and pastures,7209,Share in Land area,2006,2006,%,8.93,A,
54,'208,Denmark,6655,Permanent meadows and pastures,7209,Share in Land area,2007,2007,%,8.75,A,
54,'208,Denmark,6655,Permanent meadows and pastures,7209,Share in Land area,2008,2008,%,6.53,A,
54,'208,Denmark,6655,Permanent meadows and pastures,7209,Share in Land area,2009,2009,%,4.92,A,
54,'208,Denmark,6655,Permanent meadows and pastures,7209,Share in Land area,2010,2010,%,5.0,A,
54,'208,Denmark,6655,Permanent meadows and pastures,7209,Share in Land area,2011,2011,%,4.67,A,
54,'208,Denmark,6655,Permanent meadows and pastures,7209,Share in Land area,2012,2012,%,5.0,A,
54,'208,Denmark,6655,Permanent meadows and pastures,7209,Share in Land area,2013,2013,%,4.88,A,
54,'208,Denmark,6655,Permanent meadows and pastures,7209,Share in Land area,2014,2014,%,4.83,A,
54,'208,Denmark,6655,Permanent meadows and pastures,7209,Share in Land area,2015,2015,%,6.38,A,
54,'208,Denmark,6655,Permanent meadows and pastures,7209,Share in Land area,2016,2016,%,5.65,A,
54,'208,Denmark,6655,Permanent meadows and pastures,7209,Share in Land area,2017,2017,%,5.88,A,
54,'208,Denmark,6655,Permanent meadows and pastures,7209,Share in Land area,2018,2018,%,5.33,A,
54,'208,Denmark,6655,Permanent meadows and pastures,7209,Share in Land area,2019,2019,%,5.17,A,
54,'208,Denmark,6655,Permanent meadows and pastures,7209,Share in Land area,2020,2020,%,5.56,A,
54,'208,Denmark,6655,Permanent meadows and pastures,7209,Share in Land area,2021,2021,%,5.85,A,
54,'208,Denmark,6655,Permanent meadows and pastures,7209,Share in Land area,2022,2022,%,5.83,A,
54,'208,Denmark,6655,Permanent meadows and pastures,7209,Share in Land area,2023,2023,%,5.65,A,
54,'208,Denmark,6656,Perm. meadows & pastures - Cultivated,5110,Area,2001,2001,1000 ha,376.0,A,
54,'208,Denmark,6656,Perm. meadows & pastures - Cultivated,5110,Area,2002,2002,1000 ha,382.0,A,
54,'208,Denmark,6656,Perm. meadows & pastures - Cultivated,5110,Area,2003,2003,1000 ha,384.0,A,
54,'208,Denmark,6656,Perm. meadows & pastures - Cultivated,5110,Area,2004,2004,1000 ha,370.0,A,
54,'208,Denmark,6656,Perm. meadows & pastures - Cultivated,5110,Area,2005,2005,1000 ha,368.0,A,
54,'208,Denmark,6656,Perm. meadows & pastures - Cultivated,5110,Area,2006,2006,1000 ha,357.0,A,
54,'208,Denmark,6656,Perm. meadows & pastures - Cultivated,5110,Area,2007,2007,1000 ha,350.0,A,
54,'208,Denmark,6656,Perm. meadows & pastures - Cultivated,5110,Area,2008,2008,1000 ha,261.0,A,
54,'208,Denmark,6656,Perm. meadows & pastures - Cultivated,5110,Area,2009,2009,1000 ha,197.0,A,
54,'208,Denmark,6656,Perm. meadows & pastures - Cultivated,5110,Area,2010,2010,1000 ha,200.0,A,
54,'208,Denmark,6656,Perm. meadows & pastures - Cultivated,5110,Area,2011,2011,1000 ha,187.0,A,
54,'208,Denmark,6656,Perm. meadows & pastures - Cultivated,5110,Area,2012,2012,1000 ha,200.0,A,
54,'208,Denmark,6656,Perm. meadows & pastures - Cultivated,5110,Area,2013,2013,1000 ha,195.0,A,
54,'208,Denmark,6656,Perm. meadows & pastures - Cultivated,5110,Area,2014,2014,1000 ha,193.0,A,
54,'208,Denmark,6656,Perm. meadows & pastures - Cultivated,5110,Area,2015,2015,1000 ha,255.0,A,
54,'208,Denmark,6656,Perm. meadows & pastures - Cultivated,5110,Area,2016,2016,1000 ha,226.0,A,
54,'208,Denmark,6656,Perm. meadows & pastures - Cultivated,5110,Area,2017,2017,1000 ha,235.0,A,
54,'208,Denmark,6656,Perm. meadows & pastures - Cultivated,5110,Area,2018,2018,1000 ha,213.0,A,
54,'208,Denmark,6656,Perm. meadows & pastures - Cultivated,5110,Area,2019,2019,1000 ha,206.687,A,
54,'208,Denmark,6656,Perm. meadows & pastures - Cultivated,5110,Area,2020,2020,1000 ha,222.405,A,
54,'208,Denmark,6656,Perm. meadows & pastures - Cultivated,5110,Area,2021,2021,1000 ha,234.0,A,
54,'208,Denmark,6656,Perm. meadows & pastures - Cultivated,5110,Area,2022,2022,1000 ha,233.0,A,
54,'208,Denmark,6656,Perm. meadows & pastures - Cultivated,5110,Area,2023,2023,1000 ha,226.0,A,
54,'208,Denmark,6659,Perm. meadows & pastures - Nat. growing,5110,Area,2001,2001,1000 ha,0.0,I,
54,'208,Denmark,6659,Perm. meadows & pastures - Nat. growing,5110,Area,2002,2002,1000 ha,0.0,I,
54,'208,Denmark,6659,Perm. meadows & pastures - Nat. growing,5110,Area,2003,2003,1000 ha,0.0,I,
54,'208,Denmark,6659,Perm. meadows & pastures - Nat. growing,5110,Area,2004,2004,1000 ha,0.0,I,
54,'208,Denmark,6659,Perm. meadows & pastures - Nat. growing,5110,Area,2005,2005,1000 ha,0.0,I,
54,'208,Denmark,6659,Perm. meadows & pastures - Nat. growing,5110,Area,2006,2006,1000 ha,0.0,I,
54,'208,Denmark,6659,Perm. meadows & pastures - Nat. growing,5110,Area,2007,2007,1000 ha,0.0,I,
54,'208,Denmark,6659,Perm. meadows & pastures - Nat. growing,5110,Area,2008,2008,1000 ha,0.0,I,
54,'208,Denmark,6659,Perm. meadows & pastures - Nat. growing,5110,Area,2009,2009,1000 ha,0.0,I,
54,'208,Denmark,6659,Perm. meadows & pastures - Nat. growing,5110,Area,2010,2010,1000 ha,0.0,I,
54,'208,Denmark,6659,Perm. meadows & pastures - Nat. growing,5110,Area,2011,2011,1000 ha,0.0,I,
54,'208,Denmark,6659,Perm. meadows & pastures - Nat. growing,5110,Area,2012,2012,1000 ha,0.0,I,
54,'208,Denmark,6659,Perm. meadows & pastures - Nat. growing,5110,Area,2013,2013,1000 ha,0.0,I,
54,'208,Denmark,6659,Perm. meadows & pastures - Nat. growing,5110,Area,2014,2014,1000 ha,0.0,A,
54,'208,Denmark,6659,Perm. meadows & pastures - Nat. growing,5110,Area,2015,2015,1000 ha,0.0,A,
54,'208,Denmark,6659,Perm. meadows & pastures - Nat. growing,5110,Area,2016,2016,1000 ha,0.0,A,
54,'208,Denmark,6659,Perm. meadows & pastures - Nat. growing,5110,Area,2017,2017,1000 ha,0.0,A,
54,'208,Denmark,6659,Perm. meadows & pastures - Nat. growing,5110,Area,2018,2018,1000 ha,0.0,A,
54,'208,Denmark,6659,Perm. meadows & pastures - Nat. growing,5110,Area,2019,2019,1000 ha,0.0,A,
54,'208,Denmark,6659,Perm. meadows & pastures - Nat. growing,5110,Area,2020,2020,1000 ha,0.0,A,
54,'208,Denmark,6659,Perm. meadows & pastures - Nat. growing,5110,Area,2021,2021,1000 ha,0.0,A,
54,'208,Denmark,6659,Perm. meadows & pastures - Nat. growing,5110,Area,2022,2022,1000 ha,0.0,A,
54,'208,Denmark,6659,Perm. meadows & pastures - Nat. growing,5110,Area,2023,2023,1000 ha,0.0,A,
54,'208,Denmark,6649,Farm buildings and Farmyards,5110,Area,2013,2013,1000 ha,0.42,A,
54,'208,Denmark,6649,Farm buildings and Farmyards,5110,Area,2014,2014,1000 ha,0.37,A,
54,'208,Denmark,6649,Farm buildings and Farmyards,5110,Area,2015,2015,1000 ha,0.44,A,
54,'208,Denmark,6649,Farm buildings and Farmyards,5110,Area,2016,2016,1000 ha,0.39,A,
54,'208,Denmark,6649,Farm buildings and Farmyards,5110,Area,2017,2017,1000 ha,0.4,A,
54,'208,Denmark,6649,Farm buildings and Farmyards,5110,Area,2018,2018,1000 ha,0.38,A,
54,'208,Denmark,6646,Forest land,5110,Area,1990,1990,1000 ha,531.44,X,
54,'208,Denmark,6646,Forest land,5110,Area,1991,1991,1000 ha,535.456,I,
54,'208,Denmark,6646,Forest land,5110,Area,1992,1992,1000 ha,539.472,I,
54,'208,Denmark,6646,Forest land,5110,Area,1993,1993,1000 ha,543.488,I,
54,'208,Denmark,6646,Forest land,5110,Area,1994,1994,1000 ha,547.504,I,
54,'208,Denmark,6646,Forest land,5110,Area,1995,1995,1000 ha,551.52,I,
54,'208,Denmark,6646,Forest land,5110,Area,1996,1996,1000 ha,555.536,I,
54,'208,Denmark,6646,Forest land,5110,Area,1997,1997,1000 ha,559.552,I,
54,'208,Denmark,6646,Forest land,5110,Area,1998,1998,1000 ha,563.568,I,
54,'208,Denmark,6646,Forest land,5110,Area,1999,1999,1000 ha,567.584,I,
54,'208,Denmark,6646,Forest land,5110,Area,2000,2000,1000 ha,571.6,X,
54,'208,Denmark,6646,Forest land,5110,Area,2001,2001,1000 ha,573.074,I,
54,'208,Denmark,6646,Forest land,5110,Area,2002,2002,1000 ha,574.548,I,
54,'208,Denmark,6646,Forest land,5110,Area,2003,2003,1000 ha,576.022,I,
54,'208,Denmark,6646,Forest land,5110,Area,2004,2004,1000 ha,577.496,I,
54,'208,Denmark,6646,Forest land,5110,Area,2005,2005,1000 ha,578.97,I,
54,'208,Denmark,6646,Forest land,5110,Area,2006,2006,1000 ha,580.444,I,
54,'208,Denmark,6646,Forest land,5110,Area,2007,2007,1000 ha,581.918,I,
54,'208,Denmark,6646,Forest land,5110,Area,2008,2008,1000 ha,583.392,I,
54,'208,Denmark,6646,Forest land,5110,Area,2009,2009,1000 ha,584.866,I,
54,'208,Denmark,6646,Forest land,5110,Area,2010,2010,1000 ha,586.34,X,
54,'208,Denmark,6646,Forest land,5110,Area,2011,2011,1000 ha,593.924,I,
54,'208,Denmark,6646,Forest land,5110,Area,2012,2012,1000 ha,601.508,I,
54,'208,Denmark,6646,Forest land,5110,Area,2013,2013,1000 ha,609.092,I,
54,'208,Denmark,6646,Forest land,5110,Area,2014,2014,1000 ha,616.676,I,
54,'208,Denmark,6646,Forest land,5110,Area,2015,2015,1000 ha,624.26,X,
54,'208,Denmark,6646,Forest land,5110,Area,2016,2016,1000 ha,625.95,I,
54,'208,Denmark,6646,Forest land,5110,Area,2017,2017,1000 ha,627.64,I,
54,'208,Denmark,6646,Forest land,5110,Area,2018,2018,1000 ha,629.33,I,
54,'208,Denmark,6646,Forest land,5110,Area,2019,2019,1000 ha,631.02,I,
54,'208,Denmark,6646,Forest land,5110,Area,2020,2020,1000 ha,632.71,X,
54,'208,Denmark,6646,Forest land,5110,Area,2021,2021,1000 ha,634.68,I,
54,'208,Denmark,6646,Forest land,5110,Area,2022,2022,1000 ha,636.65,I,
54,'208,Denmark,6646,Forest land,5110,Area,2023,2023,1000 ha,638.62,I,
54,'208,Denmark,6646,Forest land,5110,Area,2024,2024,1000 ha,640.59,I,
54,'208,Denmark,6646,Forest land,5110,Area,2025,2025,1000 ha,642.56,X,
54,'208,Denmark,6646,Forest land,72151,Carbon stock in living biomass,1990,1990,million t,30.53,X,
54,'208,Denmark,6646,Forest land,72151,Carbon stock in living biomass,1991,1991,million t,30.754,I,
54,'208,Denmark,6646,Forest land,72151,Carbon stock in living biomass,1992,1992,million t,30.978,I,
54,'208,Denmark,6646,Forest land,72151,Carbon stock in living biomass,1993,1993,million t,31.202,I,
54,'208,Denmark,6646,Forest land,72151,Carbon stock in living biomass,1994,1994,million t,31.426,I,
54,'208,Denmark,6646,Forest land,72151,Carbon stock in living biomass,1995,1995,million t,31.65,I,
54,'208,Denmark,6646,Forest land,72151,Carbon stock in living biomass,1996,1996,million t,31.874,I,
54,'208,Denmark,6646,Forest land,72151,Carbon stock in living biomass,1997,1997,million t,32.098,I,
54,'208,Denmark,6646,Forest land,72151,Carbon stock in living biomass,1998,1998,million t,32.322,I,
54,'208,Denmark,6646,Forest land,72151,Carbon stock in living biomass,1999,1999,million t,32.546,I,
54,'208,Denmark,6646,Forest land,72151,Carbon stock in living biomass,2000,2000,million t,32.77,X,
54,'208,Denmark,6646,Forest land,72151,Carbon stock in living biomass,2001,2001,million t,33.089,I,
54,'208,Denmark,6646,Forest land,72151,Carbon stock in living biomass,2002,2002,million t,33.408,I,
54,'208,Denmark,6646,Forest land,72151,Carbon stock in living biomass,2003,2003,million t,33.727,I,
54,'208,Denmark,6646,Forest land,72151,Carbon stock in living biomass,2004,2004,million t,34.046,I,
54,'208,Denmark,6646,Forest land,72151,Carbon stock in living biomass,2005,2005,million t,34.365,I,
54,'208,Denmark,6646,Forest land,72151,Carbon stock in living biomass,2006,2006,million t,34.684,I,
54,'208,Denmark,6646,Forest land,72151,Carbon stock in living biomass,2007,2007,million t,35.003,I,
54,'208,Denmark,6646,Forest land,72151,Carbon stock in living biomass,2008,2008,million t,35.322,I,
54,'208,Denmark,6646,Forest land,72151,Carbon stock in living biomass,2009,2009,million t,35.641,I,
54,'208,Denmark,6646,Forest land,72151,Carbon stock in living biomass,2010,2010,million t,35.96,X,
54,'208,Denmark,6646,Forest land,72151,Carbon stock in living biomass,2011,2011,million t,36.802,I,
54,'208,Denmark,6646,Forest land,72151,Carbon stock in living biomass,2012,2012,million t,37.644,I,
54,'208,Denmark,6646,Forest land,72151,Carbon stock in living biomass,2013,2013,million t,38.486,I,
54,'208,Denmark,6646,Forest land,72151,Carbon stock in living biomass,2014,2014,million t,39.328,I,
54,'208,Denmark,6646,Forest land,72151,Carbon stock in living biomass,2015,2015,million t,40.17,X,
54,'208,Denmark,6646,Forest land,72151,Carbon stock in living biomass,2016,2016,million t,40.308,I,
54,'208,Denmark,6646,Forest land,72151,Carbon stock in living biomass,2017,2017,million t,40.446,I,
54,'208,Denmark,6646,Forest land,72151,Carbon stock in living biomass,2018,2018,million t,40.584,I,
54,'208,Denmark,6646,Forest land,72151,Carbon stock in living biomass,2019,2019,million t,40.722,I,
54,'208,Denmark,6646,Forest land,72151,Carbon stock in living biomass,2020,2020,million t,40.86,X,
54,'208,Denmark,6646,Forest land,72151,Carbon stock in living biomass,2021,2021,million t,41.524,I,
54,'208,Denmark,6646,Forest land,72151,Carbon stock in living biomass,2022,2022,million t,42.188,I,
54,'208,Denmark,6646,Forest land,72151,Carbon stock in living biomass,2023,2023,million t,42.852,I,
54,'208,Denmark,6646,Forest land,72151,Carbon stock in living biomass,2024,2024,million t,43.516,I,
54,'208,Denmark,6646,Forest land,72151,Carbon stock in living biomass,2025,2025,million t,44.18,X,
54,'208,Denmark,6646,Forest land,7209,Share in Land area,1990,1990,%,13.29,E,
54,'208,Denmark,6646,Forest land,7209,Share in Land area,1991,1991,%,13.39,E,
54,'208,Denmark,6646,Forest land,7209,Share in Land area,1992,1992,%,13.49,E,
54,'208,Denmark,6646,Forest land,7209,Share in Land area,1993,1993,%,13.59,E,
54,'208,Denmark,6646,Forest land,7209,Share in Land area,1994,1994,%,13.69,E,
54,'208,Denmark,6646,Forest land,7209,Share in Land area,1995,1995,%,13.79,E,
54,'208,Denmark,6646,Forest land,7209,Share in Land area,1996,1996,%,13.89,E,
54,'208,Denmark,6646,Forest land,7209,Share in Land area,1997,1997,%,13.99,E,
54,'208,Denmark,6646,Forest land,7209,Share in Land area,1998,1998,%,14.09,E,
54,'208,Denmark,6646,Forest land,7209,Share in Land area,1999,1999,%,14.19,E,
54,'208,Denmark,6646,Forest land,7209,Share in Land area,2000,2000,%,14.29,E,
54,'208,Denmark,6646,Forest land,7209,Share in Land area,2001,2001,%,14.33,E,
54,'208,Denmark,6646,Forest land,7209,Share in Land area,2002,2002,%,14.36,E,
54,'208,Denmark,6646,Forest land,7209,Share in Land area,2003,2003,%,14.4,E,
54,'208,Denmark,6646,Forest land,7209,Share in Land area,2004,2004,%,14.44,E,
54,'208,Denmark,6646,Forest land,7209,Share in Land area,2005,2005,%,14.47,E,
54,'208,Denmark,6646,Forest land,7209,Share in Land area,2006,2006,%,14.51,E,
54,'208,Denmark,6646,Forest land,7209,Share in Land area,2007,2007,%,14.55,E,
54,'208,Denmark,6646,Forest land,7209,Share in Land area,2008,2008,%,14.58,E,
54,'208,Denmark,6646,Forest land,7209,Share in Land area,2009,2009,%,14.62,E,
54,'208,Denmark,6646,Forest land,7209,Share in Land area,2010,2010,%,14.66,E,
54,'208,Denmark,6646,Forest land,7209,Share in Land area,2011,2011,%,14.85,E,
54,'208,Denmark,6646,Forest land,7209,Share in Land area,2012,2012,%,15.04,E,
54,'208,Denmark,6646,Forest land,7209,Share in Land area,2013,2013,%,15.23,E,
54,'208,Denmark,6646,Forest land,7209,Share in Land area,2014,2014,%,15.42,E,
54,'208,Denmark,6646,Forest land,7209,Share in Land area,2015,2015,%,15.61,E,
54,'208,Denmark,6646,Forest land,7209,Share in Land area,2016,2016,%,15.65,E,
54,'208,Denmark,6646,Forest land,7209,Share in Land area,2017,2017,%,15.69,E,
54,'208,Denmark,6646,Forest land,7209,Share in Land area,2018,2018,%,15.73,E,
54,'208,Denmark,6646,Forest land,7209,Share in Land area,2019,2019,%,15.78,E,
54,'208,Denmark,6646,Forest land,7209,Share in Land area,2020,2020,%,15.82,E,
54,'208,Denmark,6646,Forest land,7209,Share in Land area,2021,2021,%,15.87,E,
54,'208,Denmark,6646,Forest land,7209,Share in Land area,2022,2022,%,15.92,E,
54,'208,Denmark,6646,Forest land,7209,Share in Land area,2023,2023,%,15.97,E,
54,'208,Denmark,6717,Naturally regenerating forest,5110,Area,1990,1990,1000 ha,146.82,I,
54,'208,Denmark,6717,Naturally regenerating forest,5110,Area,1991,1991,1000 ha,146.82,I,
54,'208,Denmark,6717,Naturally regenerating forest,5110,Area,1992,1992,1000 ha,146.82,I,
54,'208,Denmark,6717,Naturally regenerating forest,5110,Area,1993,1993,1000 ha,146.82,I,
54,'208,Denmark,6717,Naturally regenerating forest,5110,Area,1994,1994,1000 ha,146.82,I,
54,'208,Denmark,6717,Naturally regenerating forest,5110,Area,1995,1995,1000 ha,146.82,I,
54,'208,Denmark,6717,Naturally regenerating forest,5110,Area,1996,1996,1000 ha,146.82,I,
54,'208,Denmark,6717,Naturally regenerating forest,5110,Area,1997,1997,1000 ha,146.82,I,
54,'208,Denmark,6717,Naturally regenerating forest,5110,Area,1998,1998,1000 ha,146.82,I,
54,'208,Denmark,6717,Naturally regenerating forest,5110,Area,1999,1999,1000 ha,146.82,I,
54,'208,Denmark,6717,Naturally regenerating forest,5110,Area,2000,2000,1000 ha,146.82,I,
54,'208,Denmark,6717,Naturally regenerating forest,5110,Area,2001,2001,1000 ha,146.82,I,
54,'208,Denmark,6717,Naturally regenerating forest,5110,Area,2002,2002,1000 ha,146.82,I,
54,'208,Denmark,6717,Naturally regenerating forest,5110,Area,2003,2003,1000 ha,146.82,I,
54,'208,Denmark,6717,Naturally regenerating forest,5110,Area,2004,2004,1000 ha,146.82,I,
54,'208,Denmark,6717,Naturally regenerating forest,5110,Area,2005,2005,1000 ha,146.82,I,
54,'208,Denmark,6717,Naturally regenerating forest,5110,Area,2006,2006,1000 ha,146.82,I,
54,'208,Denmark,6717,Naturally regenerating forest,5110,Area,2007,2007,1000 ha,146.82,I,
54,'208,Denmark,6717,Naturally regenerating forest,5110,Area,2008,2008,1000 ha,146.82,I,
54,'208,Denmark,6717,Naturally regenerating forest,5110,Area,2009,2009,1000 ha,146.82,I,
54,'208,Denmark,6717,Naturally regenerating forest,5110,Area,2010,2010,1000 ha,146.82,X,
54,'208,Denmark,6717,Naturally regenerating forest,5110,Area,2011,2011,1000 ha,152.252,I,
54,'208,Denmark,6717,Naturally regenerating forest,5110,Area,2012,2012,1000 ha,157.684,I,
54,'208,Denmark,6717,Naturally regenerating forest,5110,Area,2013,2013,1000 ha,163.116,I,
54,'208,Denmark,6717,Naturally regenerating forest,5110,Area,2014,2014,1000 ha,168.548,I,
54,'208,Denmark,6717,Naturally regenerating forest,5110,Area,2015,2015,1000 ha,173.98,X,
54,'208,Denmark,6717,Naturally regenerating forest,5110,Area,2016,2016,1000 ha,180.234,I,
54,'208,Denmark,6717,Naturally regenerating forest,5110,Area,2017,2017,1000 ha,186.488,I,
54,'208,Denmark,6717,Naturally regenerating forest,5110,Area,2018,2018,1000 ha,192.742,I,
54,'208,Denmark,6717,Naturally regenerating forest,5110,Area,2019,2019,1000 ha,198.996,I,
54,'208,Denmark,6717,Naturally regenerating forest,5110,Area,2020,2020,1000 ha,205.25,X,
54,'208,Denmark,6717,Naturally regenerating forest,5110,Area,2021,2021,1000 ha,206.66,I,
54,'208,Denmark,6717,Naturally regenerating forest,5110,Area,2022,2022,1000 ha,208.07,I,
54,'208,Denmark,6717,Naturally regenerating forest,5110,Area,2023,2023,1000 ha,209.48,I,
54,'208,Denmark,6717,Naturally regenerating forest,5110,Area,2024,2024,1000 ha,210.89,I,
54,'208,Denmark,6717,Naturally regenerating forest,5110,Area,2025,2025,1000 ha,212.3,X,
54,'208,Denmark,6717,Naturally regenerating forest,7210,Share in Forest land,1990,1990,%,27.63,E,
54,'208,Denmark,6717,Naturally regenerating forest,7210,Share in Forest land,1991,1991,%,27.42,E,
54,'208,Denmark,6717,Naturally regenerating forest,7210,Share in Forest land,1992,1992,%,27.22,E,
54,'208,Denmark,6717,Naturally regenerating forest,7210,Share in Forest land,1993,1993,%,27.01,E,
54,'208,Denmark,6717,Naturally regenerating forest,7210,Share in Forest land,1994,1994,%,26.82,E,
54,'208,Denmark,6717,Naturally regenerating forest,7210,Share in Forest land,1995,1995,%,26.62,E,
54,'208,Denmark,6717,Naturally regenerating forest,7210,Share in Forest land,1996,1996,%,26.43,E,
54,'208,Denmark,6717,Naturally regenerating forest,7210,Share in Forest land,1997,1997,%,26.24,E,
54,'208,Denmark,6717,Naturally regenerating forest,7210,Share in Forest land,1998,1998,%,26.05,E,
54,'208,Denmark,6717,Naturally regenerating forest,7210,Share in Forest land,1999,1999,%,25.87,E,
54,'208,Denmark,6717,Naturally regenerating forest,7210,Share in Forest land,2000,2000,%,25.69,E,
54,'208,Denmark,6717,Naturally regenerating forest,7210,Share in Forest land,2001,2001,%,25.62,E,
54,'208,Denmark,6717,Naturally regenerating forest,7210,Share in Forest land,2002,2002,%,25.55,E,
54,'208,Denmark,6717,Naturally regenerating forest,7210,Share in Forest land,2003,2003,%,25.49,E,
54,'208,Denmark,6717,Naturally regenerating forest,7210,Share in Forest land,2004,2004,%,25.42,E,
54,'208,Denmark,6717,Naturally regenerating forest,7210,Share in Forest land,2005,2005,%,25.36,E,
54,'208,Denmark,6717,Naturally regenerating forest,7210,Share in Forest land,2006,2006,%,25.29,E,
54,'208,Denmark,6717,Naturally regenerating forest,7210,Share in Forest land,2007,2007,%,25.23,E,
54,'208,Denmark,6717,Naturally regenerating forest,7210,Share in Forest land,2008,2008,%,25.17,E,
54,'208,Denmark,6717,Naturally regenerating forest,7210,Share in Forest land,2009,2009,%,25.1,E,
54,'208,Denmark,6717,Naturally regenerating forest,7210,Share in Forest land,2010,2010,%,25.04,X,
54,'208,Denmark,6717,Naturally regenerating forest,7210,Share in Forest land,2011,2011,%,25.63,E,
54,'208,Denmark,6717,Naturally regenerating forest,7210,Share in Forest land,2012,2012,%,26.21,E,
54,'208,Denmark,6717,Naturally regenerating forest,7210,Share in Forest land,2013,2013,%,26.78,E,
54,'208,Denmark,6717,Naturally regenerating forest,7210,Share in Forest land,2014,2014,%,27.33,E,
54,'208,Denmark,6717,Naturally regenerating forest,7210,Share in Forest land,2015,2015,%,27.87,X,
54,'208,Denmark,6717,Naturally regenerating forest,7210,Share in Forest land,2016,2016,%,28.79,E,
54,'208,Denmark,6717,Naturally regenerating forest,7210,Share in Forest land,2017,2017,%,29.71,E,
54,'208,Denmark,6717,Naturally regenerating forest,7210,Share in Forest land,2018,2018,%,30.63,E,
54,'208,Denmark,6717,Naturally regenerating forest,7210,Share in Forest land,2019,2019,%,31.54,E,
54,'208,Denmark,6717,Naturally regenerating forest,7210,Share in Forest land,2020,2020,%,32.44,X,
54,'208,Denmark,6717,Naturally regenerating forest,7210,Share in Forest land,2021,2021,%,32.56,E,
54,'208,Denmark,6717,Naturally regenerating forest,7210,Share in Forest land,2022,2022,%,32.68,E,
54,'208,Denmark,6717,Naturally regenerating forest,7210,Share in Forest land,2023,2023,%,32.8,E,
54,'208,Denmark,6717,Naturally regenerating forest,7210,Share in Forest land,2024,2024,%,32.92,E,
54,'208,Denmark,6717,Naturally regenerating forest,7210,Share in Forest land,2025,2025,%,33.04,X,
54,'208,Denmark,6714,Primary Forest,5110,Area,1990,1990,1000 ha,23.8,I,
54,'208,Denmark,6714,Primary Forest,5110,Area,1991,1991,1000 ha,23.8,I,
54,'208,Denmark,6714,Primary Forest,5110,Area,1992,1992,1000 ha,23.8,I,
54,'208,Denmark,6714,Primary Forest,5110,Area,1993,1993,1000 ha,23.8,I,
54,'208,Denmark,6714,Primary Forest,5110,Area,1994,1994,1000 ha,23.8,I,
54,'208,Denmark,6714,Primary Forest,5110,Area,1995,1995,1000 ha,23.8,I,
54,'208,Denmark,6714,Primary Forest,5110,Area,1996,1996,1000 ha,23.8,I,
54,'208,Denmark,6714,Primary Forest,5110,Area,1997,1997,1000 ha,23.8,I,
54,'208,Denmark,6714,Primary Forest,5110,Area,1998,1998,1000 ha,23.8,I,
54,'208,Denmark,6714,Primary Forest,5110,Area,1999,1999,1000 ha,23.8,I,
54,'208,Denmark,6714,Primary Forest,5110,Area,2000,2000,1000 ha,23.8,I,
54,'208,Denmark,6714,Primary Forest,5110,Area,2001,2001,1000 ha,23.8,I,
54,'208,Denmark,6714,Primary Forest,5110,Area,2002,2002,1000 ha,23.8,I,
54,'208,Denmark,6714,Primary Forest,5110,Area,2003,2003,1000 ha,23.8,I,
54,'208,Denmark,6714,Primary Forest,5110,Area,2004,2004,1000 ha,23.8,I,
54,'208,Denmark,6714,Primary Forest,5110,Area,2005,2005,1000 ha,23.8,I,
54,'208,Denmark,6714,Primary Forest,5110,Area,2006,2006,1000 ha,23.8,I,
54,'208,Denmark,6714,Primary Forest,5110,Area,2007,2007,1000 ha,23.8,I,
54,'208,Denmark,6714,Primary Forest,5110,Area,2008,2008,1000 ha,23.8,I,
54,'208,Denmark,6714,Primary Forest,5110,Area,2009,2009,1000 ha,23.8,I,
54,'208,Denmark,6714,Primary Forest,5110,Area,2010,2010,1000 ha,23.8,X,
54,'208,Denmark,6714,Primary Forest,5110,Area,2011,2011,1000 ha,22.258,I,
54,'208,Denmark,6714,Primary Forest,5110,Area,2012,2012,1000 ha,20.716,I,
54,'208,Denmark,6714,Primary Forest,5110,Area,2013,2013,1000 ha,19.174,I,
54,'208,Denmark,6714,Primary Forest,5110,Area,2014,2014,1000 ha,17.632,I,
54,'208,Denmark,6714,Primary Forest,5110,Area,2015,2015,1000 ha,16.09,X,
54,'208,Denmark,6714,Primary Forest,5110,Area,2016,2016,1000 ha,15.766,I,
54,'208,Denmark,6714,Primary Forest,5110,Area,2017,2017,1000 ha,15.442,I,
54,'208,Denmark,6714,Primary Forest,5110,Area,2018,2018,1000 ha,15.118,I,
54,'208,Denmark,6714,Primary Forest,5110,Area,2019,2019,1000 ha,14.794,I,
54,'208,Denmark,6714,Primary Forest,5110,Area,2020,2020,1000 ha,14.47,X,
54,'208,Denmark,6714,Primary Forest,5110,Area,2021,2021,1000 ha,13.682,I,
54,'208,Denmark,6714,Primary Forest,5110,Area,2022,2022,1000 ha,12.894,I,
54,'208,Denmark,6714,Primary Forest,5110,Area,2023,2023,1000 ha,12.106,I,
54,'208,Denmark,6714,Primary Forest,5110,Area,2024,2024,1000 ha,11.318,I,
54,'208,Denmark,6714,Primary Forest,5110,Area,2025,2025,1000 ha,10.53,X,
54,'208,Denmark,6716,Planted Forest,5110,Area,1990,1990,1000 ha,384.62,I,
54,'208,Denmark,6716,Planted Forest,5110,Area,1991,1991,1000 ha,388.636,I,
54,'208,Denmark,6716,Planted Forest,5110,Area,1992,1992,1000 ha,392.652,I,
54,'208,Denmark,6716,Planted Forest,5110,Area,1993,1993,1000 ha,396.668,I,
54,'208,Denmark,6716,Planted Forest,5110,Area,1994,1994,1000 ha,400.684,I,
54,'208,Denmark,6716,Planted Forest,5110,Area,1995,1995,1000 ha,404.7,I,
54,'208,Denmark,6716,Planted Forest,5110,Area,1996,1996,1000 ha,408.716,I,
54,'208,Denmark,6716,Planted Forest,5110,Area,1997,1997,1000 ha,412.732,I,
54,'208,Denmark,6716,Planted Forest,5110,Area,1998,1998,1000 ha,416.748,I,
54,'208,Denmark,6716,Planted Forest,5110,Area,1999,1999,1000 ha,420.764,I,
54,'208,Denmark,6716,Planted Forest,5110,Area,2000,2000,1000 ha,424.78,I,
54,'208,Denmark,6716,Planted Forest,5110,Area,2001,2001,1000 ha,426.254,I,
54,'208,Denmark,6716,Planted Forest,5110,Area,2002,2002,1000 ha,427.728,I,
54,'208,Denmark,6716,Planted Forest,5110,Area,2003,2003,1000 ha,429.202,I,
54,'208,Denmark,6716,Planted Forest,5110,Area,2004,2004,1000 ha,430.676,I,
54,'208,Denmark,6716,Planted Forest,5110,Area,2005,2005,1000 ha,432.15,I,
54,'208,Denmark,6716,Planted Forest,5110,Area,2006,2006,1000 ha,433.624,I,
54,'208,Denmark,6716,Planted Forest,5110,Area,2007,2007,1000 ha,435.098,I,
54,'208,Denmark,6716,Planted Forest,5110,Area,2008,2008,1000 ha,436.572,I,
54,'208,Denmark,6716,Planted Forest,5110,Area,2009,2009,1000 ha,438.046,I,
54,'208,Denmark,6716,Planted Forest,5110,Area,2010,2010,1000 ha,439.52,X,
54,'208,Denmark,6716,Planted Forest,5110,Area,2011,2011,1000 ha,441.672,I,
54,'208,Denmark,6716,Planted Forest,5110,Area,2012,2012,1000 ha,443.824,I,
54,'208,Denmark,6716,Planted Forest,5110,Area,2013,2013,1000 ha,445.976,I,
54,'208,Denmark,6716,Planted Forest,5110,Area,2014,2014,1000 ha,448.128,I,
54,'208,Denmark,6716,Planted Forest,5110,Area,2015,2015,1000 ha,450.28,X,
54,'208,Denmark,6716,Planted Forest,5110,Area,2016,2016,1000 ha,445.716,I,
54,'208,Denmark,6716,Planted Forest,5110,Area,2017,2017,1000 ha,441.152,I,
54,'208,Denmark,6716,Planted Forest,5110,Area,2018,2018,1000 ha,436.588,I,
54,'208,Denmark,6716,Planted Forest,5110,Area,2019,2019,1000 ha,432.024,I,
54,'208,Denmark,6716,Planted Forest,5110,Area,2020,2020,1000 ha,427.46,X,
54,'208,Denmark,6716,Planted Forest,5110,Area,2021,2021,1000 ha,428.018,I,
54,'208,Denmark,6716,Planted Forest,5110,Area,2022,2022,1000 ha,428.576,I,
54,'208,Denmark,6716,Planted Forest,5110,Area,2023,2023,1000 ha,429.134,I,
54,'208,Denmark,6716,Planted Forest,5110,Area,2024,2024,1000 ha,429.692,I,
54,'208,Denmark,6716,Planted Forest,5110,Area,2025,2025,1000 ha,430.25,X,
54,'208,Denmark,6716,Planted Forest,7210,Share in Forest land,1990,1990,%,72.37,E,
54,'208,Denmark,6716,Planted Forest,7210,Share in Forest land,1991,1991,%,72.58,E,
54,'208,Denmark,6716,Planted Forest,7210,Share in Forest land,1992,1992,%,72.78,E,
54,'208,Denmark,6716,Planted Forest,7210,Share in Forest land,1993,1993,%,72.99,E,
54,'208,Denmark,6716,Planted Forest,7210,Share in Forest land,1994,1994,%,73.18,E,
54,'208,Denmark,6716,Planted Forest,7210,Share in Forest land,1995,1995,%,73.38,E,
54,'208,Denmark,6716,Planted Forest,7210,Share in Forest land,1996,1996,%,73.57,E,
54,'208,Denmark,6716,Planted Forest,7210,Share in Forest land,1997,1997,%,73.76,E,
54,'208,Denmark,6716,Planted Forest,7210,Share in Forest land,1998,1998,%,73.95,E,
54,'208,Denmark,6716,Planted Forest,7210,Share in Forest land,1999,1999,%,74.13,E,
54,'208,Denmark,6716,Planted Forest,7210,Share in Forest land,2000,2000,%,74.31,E,
54,'208,Denmark,6716,Planted Forest,7210,Share in Forest land,2001,2001,%,74.38,E,
54,'208,Denmark,6716,Planted Forest,7210,Share in Forest land,2002,2002,%,74.45,E,
54,'208,Denmark,6716,Planted Forest,7210,Share in Forest land,2003,2003,%,74.51,E,
54,'208,Denmark,6716,Planted Forest,7210,Share in Forest land,2004,2004,%,74.58,E,
54,'208,Denmark,6716,Planted Forest,7210,Share in Forest land,2005,2005,%,74.64,E,
54,'208,Denmark,6716,Planted Forest,7210,Share in Forest land,2006,2006,%,74.71,E,
54,'208,Denmark,6716,Planted Forest,7210,Share in Forest land,2007,2007,%,74.77,E,
54,'208,Denmark,6716,Planted Forest,7210,Share in Forest land,2008,2008,%,74.83,E,
54,'208,Denmark,6716,Planted Forest,7210,Share in Forest land,2009,2009,%,74.9,E,
54,'208,Denmark,6716,Planted Forest,7210,Share in Forest land,2010,2010,%,74.96,X,
54,'208,Denmark,6716,Planted Forest,7210,Share in Forest land,2011,2011,%,74.37,E,
54,'208,Denmark,6716,Planted Forest,7210,Share in Forest land,2012,2012,%,73.79,E,
54,'208,Denmark,6716,Planted Forest,7210,Share in Forest land,2013,2013,%,73.22,E,
54,'208,Denmark,6716,Planted Forest,7210,Share in Forest land,2014,2014,%,72.67,E,
54,'208,Denmark,6716,Planted Forest,7210,Share in Forest land,2015,2015,%,72.13,X,
54,'208,Denmark,6716,Planted Forest,7210,Share in Forest land,2016,2016,%,71.21,E,
54,'208,Denmark,6716,Planted Forest,7210,Share in Forest land,2017,2017,%,70.29,E,
54,'208,Denmark,6716,Planted Forest,7210,Share in Forest land,2018,2018,%,69.37,E,
54,'208,Denmark,6716,Planted Forest,7210,Share in Forest land,2019,2019,%,68.46,E,
54,'208,Denmark,6716,Planted Forest,7210,Share in Forest land,2020,2020,%,67.56,X,
54,'208,Denmark,6716,Planted Forest,7210,Share in Forest land,2021,2021,%,67.44,E,
54,'208,Denmark,6716,Planted Forest,7210,Share in Forest land,2022,2022,%,67.32,E,
54,'208,Denmark,6716,Planted Forest,7210,Share in Forest land,2023,2023,%,67.2,E,
54,'208,Denmark,6716,Planted Forest,7210,Share in Forest land,2024,2024,%,67.08,E,
54,'208,Denmark,6716,Planted Forest,7210,Share in Forest land,2025,2025,%,66.96,X,
54,'208,Denmark,6670,Other land,5110,Area,1990,1990,1000 ha,680.56,I,
54,'208,Denmark,6670,Other land,5110,Area,1991,1991,1000 ha,694.544,I,
54,'208,Denmark,6670,Other land,5110,Area,1992,1992,1000 ha,704.528,I,
54,'208,Denmark,6670,Other land,5110,Area,1993,1993,1000 ha,717.512,I,
54,'208,Denmark,6670,Other land,5110,Area,1994,1994,1000 ha,761.496,I,
54,'208,Denmark,6670,Other land,5110,Area,1995,1995,1000 ha,722.48,I,
54,'208,Denmark,6670,Other land,5110,Area,1996,1996,1000 ha,728.464,I,
54,'208,Denmark,6670,Other land,5110,Area,1997,1997,1000 ha,752.448,I,
54,'208,Denmark,6670,Other land,5110,Area,1998,1998,1000 ha,764.432,I,
54,'208,Denmark,6670,Other land,5110,Area,1999,1999,1000 ha,788.416,I,
54,'208,Denmark,6670,Other land,5110,Area,2000,2000,1000 ha,781.4,I,
54,'208,Denmark,6670,Other land,5110,Area,2001,2001,1000 ha,750.926,I,
54,'208,Denmark,6670,Other land,5110,Area,2002,2002,1000 ha,760.452,I,
54,'208,Denmark,6670,Other land,5110,Area,2003,2003,1000 ha,765.978,I,
54,'208,Denmark,6670,Other land,5110,Area,2004,2004,1000 ha,776.504,I,
54,'208,Denmark,6670,Other land,5110,Area,2005,2005,1000 ha,714.03,I,
54,'208,Denmark,6670,Other land,5110,Area,2006,2006,1000 ha,709.556,I,
54,'208,Denmark,6670,Other land,5110,Area,2007,2007,1000 ha,755.082,I,
54,'208,Denmark,6670,Other land,5110,Area,2008,2008,1000 ha,748.608,I,
54,'208,Denmark,6670,Other land,5110,Area,2009,2009,1000 ha,781.134,I,
54,'208,Denmark,6670,Other land,5110,Area,2010,2010,1000 ha,787.66,I,
54,'208,Denmark,6670,Other land,5110,Area,2011,2011,1000 ha,716.076,I,
54,'208,Denmark,6670,Other land,5110,Area,2012,2012,1000 ha,774.492,I,
54,'208,Denmark,6670,Other land,5110,Area,2013,2013,1000 ha,762.488,I,
54,'208,Denmark,6670,Other land,5110,Area,2014,2014,1000 ha,730.323,I,
54,'208,Denmark,6670,Other land,5110,Area,2015,2015,1000 ha,741.401,I,
54,'208,Denmark,6670,Other land,5110,Area,2016,2016,1000 ha,748.56,I,
54,'208,Denmark,6670,Other land,5110,Area,2017,2017,1000 ha,740.66,I,
54,'208,Denmark,6670,Other land,5110,Area,2018,2018,1000 ha,737.79,I,
54,'208,Denmark,6670,Other land,5110,Area,2019,2019,1000 ha,743.015,I,
54,'208,Denmark,6670,Other land,5110,Area,2020,2020,1000 ha,747.303,I,
54,'208,Denmark,6670,Other land,5110,Area,2021,2021,1000 ha,747.32,I,
54,'208,Denmark,6670,Other land,5110,Area,2022,2022,1000 ha,739.35,I,
54,'208,Denmark,6670,Other land,5110,Area,2023,2023,1000 ha,740.38,I,
54,'208,Denmark,6680,Inland waters,5110,Area,1961,1961,1000 ha,292.0,A,
54,'208,Denmark,6680,Inland waters,5110,Area,1962,1962,1000 ha,292.0,A,
54,'208,Denmark,6680,Inland waters,5110,Area,1963,1963,1000 ha,292.0,A,
54,'208,Denmark,6680,Inland waters,5110,Area,1964,1964,1000 ha,292.0,A,
54,'208,Denmark,6680,Inland waters,5110,Area,1965,1965,1000 ha,292.0,A,
54,'208,Denmark,6680,Inland waters,5110,Area,1966,1966,1000 ha,292.0,A,
54,'208,Denmark,6680,Inland waters,5110,Area,1967,1967,1000 ha,292.0,A,
54,'208,Denmark,6680,Inland waters,5110,Area,1968,1968,1000 ha,292.0,A,
54,'208,Denmark,6680,Inland waters,5110,Area,1969,1969,1000 ha,292.0,A,
54,'208,Denmark,6680,Inland waters,5110,Area,1970,1970,1000 ha,292.0,A,
54,'208,Denmark,6680,Inland waters,5110,Area,1971,1971,1000 ha,292.0,A,
54,'208,Denmark,6680,Inland waters,5110,Area,1972,1972,1000 ha,292.0,A,
54,'208,Denmark,6680,Inland waters,5110,Area,1973,1973,1000 ha,292.0,A,
54,'208,Denmark,6680,Inland waters,5110,Area,1974,1974,1000 ha,292.0,A,
54,'208,Denmark,6680,Inland waters,5110,Area,1975,1975,1000 ha,292.0,A,
54,'208,Denmark,6680,Inland waters,5110,Area,1976,1976,1000 ha,292.0,A,
54,'208,Denmark,6680,Inland waters,5110,Area,1977,1977,1000 ha,292.0,A,
54,'208,Denmark,6680,Inland waters,5110,Area,1978,1978,1000 ha,292.0,A,
54,'208,Denmark,6680,Inland waters,5110,Area,1979,1979,1000 ha,292.0,A,
54,'208,Denmark,6680,Inland waters,5110,Area,1980,1980,1000 ha,292.0,A,
54,'208,Denmark,6680,Inland waters,5110,Area,1981,1981,1000 ha,292.0,A,
54,'208,Denmark,6680,Inland waters,5110,Area,1982,1982,1000 ha,292.0,A,
54,'208,Denmark,6680,Inland waters,5110,Area,1983,1983,1000 ha,292.0,A,
54,'208,Denmark,6680,Inland waters,5110,Area,1984,1984,1000 ha,292.0,A,
54,'208,Denmark,6680,Inland waters,5110,Area,1985,1985,1000 ha,292.0,A,
54,'208,Denmark,6680,Inland waters,5110,Area,1986,1986,1000 ha,292.0,A,
54,'208,Denmark,6680,Inland waters,5110,Area,1987,1987,1000 ha,292.0,A,
54,'208,Denmark,6680,Inland waters,5110,Area,1988,1988,1000 ha,292.0,A,
54,'208,Denmark,6680,Inland waters,5110,Area,1989,1989,1000 ha,292.0,A,
54,'208,Denmark,6680,Inland waters,5110,Area,1990,1990,1000 ha,292.0,A,
54,'208,Denmark,6680,Inland waters,5110,Area,1991,1991,1000 ha,292.0,A,
54,'208,Denmark,6680,Inland waters,5110,Area,1992,1992,1000 ha,292.0,A,
54,'208,Denmark,6680,Inland waters,5110,Area,1993,1993,1000 ha,292.0,A,
54,'208,Denmark,6680,Inland waters,5110,Area,1994,1994,1000 ha,292.0,A,
54,'208,Denmark,6680,Inland waters,5110,Area,1995,1995,1000 ha,292.0,A,
54,'208,Denmark,6680,Inland waters,5110,Area,1996,1996,1000 ha,292.0,A,
54,'208,Denmark,6680,Inland waters,5110,Area,1997,1997,1000 ha,292.0,A,
54,'208,Denmark,6680,Inland waters,5110,Area,1998,1998,1000 ha,292.0,A,
54,'208,Denmark,6680,Inland waters,5110,Area,1999,1999,1000 ha,292.0,A,
54,'208,Denmark,6680,Inland waters,5110,Area,2000,2000,1000 ha,292.0,A,
54,'208,Denmark,6680,Inland waters,5110,Area,2001,2001,1000 ha,292.0,A,
54,'208,Denmark,6680,Inland waters,5110,Area,2002,2002,1000 ha,292.0,A,
54,'208,Denmark,6680,Inland waters,5110,Area,2003,2003,1000 ha,292.0,A,
54,'208,Denmark,6680,Inland waters,5110,Area,2004,2004,1000 ha,292.0,A,
54,'208,Denmark,6680,Inland waters,5110,Area,2005,2005,1000 ha,292.0,A,
54,'208,Denmark,6680,Inland waters,5110,Area,2006,2006,1000 ha,292.0,A,
54,'208,Denmark,6680,Inland waters,5110,Area,2007,2007,1000 ha,292.0,A,
54,'208,Denmark,6680,Inland waters,5110,Area,2008,2008,1000 ha,292.0,A,
54,'208,Denmark,6680,Inland waters,5110,Area,2009,2009,1000 ha,292.0,A,
54,'208,Denmark,6680,Inland waters,5110,Area,2010,2010,1000 ha,292.0,A,
54,'208,Denmark,6680,Inland waters,5110,Area,2011,2011,1000 ha,292.0,A,
54,'208,Denmark,6680,Inland waters,5110,Area,2012,2012,1000 ha,292.0,A,
54,'208,Denmark,6680,Inland waters,5110,Area,2013,2013,1000 ha,292.0,A,
54,'208,Denmark,6680,Inland waters,5110,Area,2014,2014,1000 ha,292.0,A,
54,'208,Denmark,6680,Inland waters,5110,Area,2015,2015,1000 ha,292.0,A,
54,'208,Denmark,6680,Inland waters,5110,Area,2016,2016,1000 ha,292.0,A,
54,'208,Denmark,6680,Inland waters,5110,Area,2017,2017,1000 ha,292.0,A,
54,'208,Denmark,6680,Inland waters,5110,Area,2018,2018,1000 ha,292.0,A,
54,'208,Denmark,6680,Inland waters,5110,Area,2019,2019,1000 ha,292.0,A,
54,'208,Denmark,6680,Inland waters,5110,Area,2020,2020,1000 ha,292.0,A,
54,'208,Denmark,6680,Inland waters,5110,Area,2021,2021,1000 ha,292.0,A,
54,'208,Denmark,6680,Inland waters,5110,Area,2022,2022,1000 ha,292.0,A,
54,'208,Denmark,6680,Inland waters,5110,Area,2023,2023,1000 ha,292.0,A,
54,'208,Denmark,6690,Land area equipped for irrigation,5110,Area,1961,1961,1000 ha,40.0,I,
54,'208,Denmark,6690,Land area equipped for irrigation,5110,Area,1962,1962,1000 ha,45.0,I,
54,'208,Denmark,6690,Land area equipped for irrigation,5110,Area,1963,1963,1000 ha,50.0,I,
54,'208,Denmark,6690,Land area equipped for irrigation,5110,Area,1964,1964,1000 ha,58.0,A,
54,'208,Denmark,6690,Land area equipped for irrigation,5110,Area,1965,1965,1000 ha,65.0,I,
54,'208,Denmark,6690,Land area equipped for irrigation,5110,Area,1966,1966,1000 ha,70.0,I,
54,'208,Denmark,6690,Land area equipped for irrigation,5110,Area,1967,1967,1000 ha,75.0,I,
54,'208,Denmark,6690,Land area equipped for irrigation,5110,Area,1968,1968,1000 ha,80.0,I,
54,'208,Denmark,6690,Land area equipped for irrigation,5110,Area,1969,1969,1000 ha,85.0,I,
54,'208,Denmark,6690,Land area equipped for irrigation,5110,Area,1970,1970,1000 ha,90.0,I,
54,'208,Denmark,6690,Land area equipped for irrigation,5110,Area,1971,1971,1000 ha,100.0,I,
54,'208,Denmark,6690,Land area equipped for irrigation,5110,Area,1972,1972,1000 ha,120.0,I,
54,'208,Denmark,6690,Land area equipped for irrigation,5110,Area,1973,1973,1000 ha,140.0,I,
54,'208,Denmark,6690,Land area equipped for irrigation,5110,Area,1974,1974,1000 ha,160.0,I,
54,'208,Denmark,6690,Land area equipped for irrigation,5110,Area,1975,1975,1000 ha,180.0,I,
54,'208,Denmark,6690,Land area equipped for irrigation,5110,Area,1976,1976,1000 ha,201.0,A,
54,'208,Denmark,6690,Land area equipped for irrigation,5110,Area,1977,1977,1000 ha,295.0,A,
54,'208,Denmark,6690,Land area equipped for irrigation,5110,Area,1978,1978,1000 ha,342.0,A,
54,'208,Denmark,6690,Land area equipped for irrigation,5110,Area,1979,1979,1000 ha,372.0,A,
54,'208,Denmark,6690,Land area equipped for irrigation,5110,Area,1980,1980,1000 ha,391.0,A,
54,'208,Denmark,6690,Land area equipped for irrigation,5110,Area,1981,1981,1000 ha,388.0,A,
54,'208,Denmark,6690,Land area equipped for irrigation,5110,Area,1982,1982,1000 ha,390.0,A,
54,'208,Denmark,6690,Land area equipped for irrigation,5110,Area,1983,1983,1000 ha,400.0,A,
54,'208,Denmark,6690,Land area equipped for irrigation,5110,Area,1984,1984,1000 ha,405.0,I,
54,'208,Denmark,6690,Land area equipped for irrigation,5110,Area,1985,1985,1000 ha,410.0,I,
54,'208,Denmark,6690,Land area equipped for irrigation,5110,Area,1986,1986,1000 ha,415.0,I,
54,'208,Denmark,6690,Land area equipped for irrigation,5110,Area,1987,1987,1000 ha,419.0,A,
54,'208,Denmark,6690,Land area equipped for irrigation,5110,Area,1988,1988,1000 ha,422.0,I,
54,'208,Denmark,6690,Land area equipped for irrigation,5110,Area,1989,1989,1000 ha,424.0,I,
54,'208,Denmark,6690,Land area equipped for irrigation,5110,Area,1990,1990,1000 ha,427.0,X,
54,'208,Denmark,6690,Land area equipped for irrigation,5110,Area,1991,1991,1000 ha,436.0,I,
54,'208,Denmark,6690,Land area equipped for irrigation,5110,Area,1992,1992,1000 ha,445.0,I,
54,'208,Denmark,6690,Land area equipped for irrigation,5110,Area,1993,1993,1000 ha,455.0,A,
54,'208,Denmark,6690,Land area equipped for irrigation,5110,Area,1994,1994,1000 ha,465.0,I,
54,'208,Denmark,6690,Land area equipped for irrigation,5110,Area,1995,1995,1000 ha,481.0,A,
54,'208,Denmark,6690,Land area equipped for irrigation,5110,Area,1996,1996,1000 ha,481.0,A,
54,'208,Denmark,6690,Land area equipped for irrigation,5110,Area,1997,1997,1000 ha,476.0,A,
54,'208,Denmark,6690,Land area equipped for irrigation,5110,Area,1998,1998,1000 ha,462.0,I,
54,'208,Denmark,6690,Land area equipped for irrigation,5110,Area,1999,1999,1000 ha,447.0,A,
54,'208,Denmark,6690,Land area equipped for irrigation,5110,Area,2000,2000,1000 ha,447.0,A,
54,'208,Denmark,6690,Land area equipped for irrigation,5110,Area,2001,2001,1000 ha,447.0,A,
54,'208,Denmark,6690,Land area equipped for irrigation,5110,Area,2002,2002,1000 ha,448.0,A,
54,'208,Denmark,6690,Land area equipped for irrigation,5110,Area,2003,2003,1000 ha,449.0,A,
54,'208,Denmark,6690,Land area equipped for irrigation,5110,Area,2004,2004,1000 ha,449.0,A,
54,'208,Denmark,6690,Land area equipped for irrigation,5110,Area,2005,2005,1000 ha,449.0,A,
54,'208,Denmark,6690,Land area equipped for irrigation,5110,Area,2006,2006,1000 ha,449.0,A,
54,'208,Denmark,6690,Land area equipped for irrigation,5110,Area,2007,2007,1000 ha,435.0,A,
54,'208,Denmark,6690,Land area equipped for irrigation,5110,Area,2008,2008,1000 ha,435.0,A,
54,'208,Denmark,6690,Land area equipped for irrigation,5110,Area,2009,2009,1000 ha,435.0,A,
54,'208,Denmark,6690,Land area equipped for irrigation,5110,Area,2010,2010,1000 ha,435.0,A,
54,'208,Denmark,6690,Land area equipped for irrigation,5110,Area,2011,2011,1000 ha,435.0,A,
54,'208,Denmark,6690,Land area equipped for irrigation,5110,Area,2012,2012,1000 ha,435.0,I,
54,'208,Denmark,6690,Land area equipped for irrigation,5110,Area,2013,2013,1000 ha,439.0,A,
54,'208,Denmark,6690,Land area equipped for irrigation,5110,Area,2014,2014,1000 ha,328.5,I,
54,'208,Denmark,6690,Land area equipped for irrigation,5110,Area,2015,2015,1000 ha,218.0,A,
54,'208,Denmark,6690,Land area equipped for irrigation,5110,Area,2016,2016,1000 ha,218.0,A,
54,'208,Denmark,6690,Land area equipped for irrigation,5110,Area,2017,2017,1000 ha,304.0,A,
54,'208,Denmark,6690,Land area equipped for irrigation,5110,Area,2018,2018,1000 ha,299.0,A,
54,'208,Denmark,6690,Land area equipped for irrigation,5110,Area,2019,2019,1000 ha,354.0,A,
54,'208,Denmark,6690,Land area equipped for irrigation,5110,Area,2020,2020,1000 ha,299.0,A,
54,'208,Denmark,6690,Land area equipped for irrigation,5110,Area,2021,2021,1000 ha,301.0,A,
54,'208,Denmark,6690,Land area equipped for irrigation,5110,Area,2022,2022,1000 ha,307.0,A,
54,'208,Denmark,6690,Land area equipped for irrigation,5110,Area,2023,2023,1000 ha,356.0,A,
54,'208,Denmark,6690,Land area equipped for irrigation,7252,Share in Cropland,1961,1961,%,1.42,E,
54,'208,Denmark,6690,Land area equipped for irrigation,7252,Share in Cropland,1962,1962,%,1.62,E,
54,'208,Denmark,6690,Land area equipped for irrigation,7252,Share in Cropland,1963,1963,%,1.81,E,
54,'208,Denmark,6690,Land area equipped for irrigation,7252,Share in Cropland,1964,1964,%,2.12,A,
54,'208,Denmark,6690,Land area equipped for irrigation,7252,Share in Cropland,1965,1965,%,2.4,E,
54,'208,Denmark,6690,Land area equipped for irrigation,7252,Share in Cropland,1966,1966,%,2.59,E,
54,'208,Denmark,6690,Land area equipped for irrigation,7252,Share in Cropland,1967,1967,%,2.78,E,
54,'208,Denmark,6690,Land area equipped for irrigation,7252,Share in Cropland,1968,1968,%,2.95,E,
54,'208,Denmark,6690,Land area equipped for irrigation,7252,Share in Cropland,1969,1969,%,3.16,E,
54,'208,Denmark,6690,Land area equipped for irrigation,7252,Share in Cropland,1970,1970,%,3.36,E,
54,'208,Denmark,6690,Land area equipped for irrigation,7252,Share in Cropland,1971,1971,%,3.76,E,
54,'208,Denmark,6690,Land area equipped for irrigation,7252,Share in Cropland,1972,1972,%,4.5,E,
54,'208,Denmark,6690,Land area equipped for irrigation,7252,Share in Cropland,1973,1973,%,5.25,E,
54,'208,Denmark,6690,Land area equipped for irrigation,7252,Share in Cropland,1974,1974,%,6.03,E,
54,'208,Denmark,6690,Land area equipped for irrigation,7252,Share in Cropland,1975,1975,%,6.77,E,
54,'208,Denmark,6690,Land area equipped for irrigation,7252,Share in Cropland,1976,1976,%,7.54,A,
54,'208,Denmark,6690,Land area equipped for irrigation,7252,Share in Cropland,1977,1977,%,11.14,A,
54,'208,Denmark,6690,Land area equipped for irrigation,7252,Share in Cropland,1978,1978,%,12.89,A,
54,'208,Denmark,6690,Land area equipped for irrigation,7252,Share in Cropland,1979,1979,%,14.01,A,
54,'208,Denmark,6690,Land area equipped for irrigation,7252,Share in Cropland,1980,1980,%,14.74,A,
54,'208,Denmark,6690,Land area equipped for irrigation,7252,Share in Cropland,1981,1981,%,14.64,A,
54,'208,Denmark,6690,Land area equipped for irrigation,7252,Share in Cropland,1982,1982,%,14.75,A,
54,'208,Denmark,6690,Land area equipped for irrigation,7252,Share in Cropland,1983,1983,%,15.33,A,
54,'208,Denmark,6690,Land area equipped for irrigation,7252,Share in Cropland,1984,1984,%,15.42,E,
54,'208,Denmark,6690,Land area equipped for irrigation,7252,Share in Cropland,1985,1985,%,15.68,E,
54,'208,Denmark,6690,Land area equipped for irrigation,7252,Share in Cropland,1986,1986,%,15.94,E,
54,'208,Denmark,6690,Land area equipped for irrigation,7252,Share in Cropland,1987,1987,%,16.19,A,
54,'208,Denmark,6690,Land area equipped for irrigation,7252,Share in Cropland,1988,1988,%,16.42,E,
54,'208,Denmark,6690,Land area equipped for irrigation,7252,Share in Cropland,1989,1989,%,16.59,E,
54,'208,Denmark,6690,Land area equipped for irrigation,7252,Share in Cropland,1990,1990,%,16.61,E,
54,'208,Denmark,6690,Land area equipped for irrigation,7252,Share in Cropland,1991,1991,%,17.04,E,
54,'208,Denmark,6690,Land area equipped for irrigation,7252,Share in Cropland,1992,1992,%,17.46,E,
54,'208,Denmark,6690,Land area equipped for irrigation,7252,Share in Cropland,1993,1993,%,17.9,A,
54,'208,Denmark,6690,Land area equipped for irrigation,7252,Share in Cropland,1994,1994,%,19.59,E,
54,'208,Denmark,6690,Land area equipped for irrigation,7252,Share in Cropland,1995,1995,%,20.66,A,
54,'208,Denmark,6690,Land area equipped for irrigation,7252,Share in Cropland,1996,1996,%,20.63,A,
54,'208,Denmark,6690,Land area equipped for irrigation,7252,Share in Cropland,1997,1997,%,20.06,A,
54,'208,Denmark,6690,Land area equipped for irrigation,7252,Share in Cropland,1998,1998,%,19.46,E,
54,'208,Denmark,6690,Land area equipped for irrigation,7252,Share in Cropland,1999,1999,%,19.42,A,
54,'208,Denmark,6690,Land area equipped for irrigation,7252,Share in Cropland,2000,2000,%,19.53,A,
54,'208,Denmark,6690,Land area equipped for irrigation,7252,Share in Cropland,2001,2001,%,19.43,A,
54,'208,Denmark,6690,Land area equipped for irrigation,7252,Share in Cropland,2002,2002,%,19.62,A,
54,'208,Denmark,6690,Land area equipped for irrigation,7252,Share in Cropland,2003,2003,%,19.74,A,
54,'208,Denmark,6690,Land area equipped for irrigation,7252,Share in Cropland,2004,2004,%,19.73,A,
54,'208,Denmark,6690,Land area equipped for irrigation,7252,Share in Cropland,2005,2005,%,19.2,A,
54,'208,Denmark,6690,Land area equipped for irrigation,7252,Share in Cropland,2006,2006,%,19.08,A,
54,'208,Denmark,6690,Land area equipped for irrigation,7252,Share in Cropland,2007,2007,%,18.81,A,
54,'208,Denmark,6690,Land area equipped for irrigation,7252,Share in Cropland,2008,2008,%,18.07,A,
54,'208,Denmark,6690,Land area equipped for irrigation,7252,Share in Cropland,2009,2009,%,17.85,A,
54,'208,Denmark,6690,Land area equipped for irrigation,7252,Share in Cropland,2010,2010,%,17.93,A,
54,'208,Denmark,6690,Land area equipped for irrigation,7252,Share in Cropland,2011,2011,%,17.38,A,
54,'208,Denmark,6690,Land area equipped for irrigation,7252,Share in Cropland,2012,2012,%,17.95,E,
54,'208,Denmark,6690,Land area equipped for irrigation,7252,Share in Cropland,2013,2013,%,18.04,A,
54,'208,Denmark,6690,Land area equipped for irrigation,7252,Share in Cropland,2014,2014,%,13.36,E,
54,'208,Denmark,6690,Land area equipped for irrigation,7252,Share in Cropland,2015,2015,%,9.16,A,
54,'208,Denmark,6690,Land area equipped for irrigation,7252,Share in Cropland,2016,2016,%,9.09,A,
54,'208,Denmark,6690,Land area equipped for irrigation,7252,Share in Cropland,2017,2017,%,12.68,A,
54,'208,Denmark,6690,Land area equipped for irrigation,7252,Share in Cropland,2018,2018,%,12.36,A,
54,'208,Denmark,6690,Land area equipped for irrigation,7252,Share in Cropland,2019,2019,%,14.63,A,
54,'208,Denmark,6690,Land area equipped for irrigation,7252,Share in Cropland,2020,2020,%,12.47,A,
54,'208,Denmark,6690,Land area equipped for irrigation,7252,Share in Cropland,2021,2021,%,12.63,A,
54,'208,Denmark,6690,Land area equipped for irrigation,7252,Share in Cropland,2022,2022,%,12.84,A,
54,'208,Denmark,6690,Land area equipped for irrigation,7252,Share in Cropland,2023,2023,%,14.86,A,
54,'208,Denmark,6616,Land area actually irrigated,5110,Area,2015,2015,1000 ha,146.0,A,
54,'208,Denmark,6616,Land area actually irrigated,5110,Area,2016,2016,1000 ha,146.0,A,
54,'208,Denmark,6616,Land area actually irrigated,5110,Area,2017,2017,1000 ha,216.0,A,
54,'208,Denmark,6616,Land area actually irrigated,5110,Area,2018,2018,1000 ha,229.0,A,
54,'208,Denmark,6616,Land area actually irrigated,5110,Area,2019,2019,1000 ha,306.0,A,
54,'208,Denmark,6616,Land area actually irrigated,5110,Area,2020,2020,1000 ha,236.0,A,
54,'208,Denmark,6616,Land area actually irrigated,5110,Area,2021,2021,1000 ha,227.0,A,
54,'208,Denmark,6616,Land area actually irrigated,5110,Area,2022,2022,1000 ha,242.0,A,
54,'208,Denmark,6616,Land area actually irrigated,5110,Area,2023,2023,1000 ha,180.0,A,
54,'208,Denmark,6611,Agriculture area actually irrigated,5110,Area,2001,2001,1000 ha,204.0,A,
54,'208,Denmark,6611,Agriculture area actually irrigated,5110,Area,2002,2002,1000 ha,204.0,A,
54,'208,Denmark,6611,Agriculture area actually irrigated,5110,Area,2003,2003,1000 ha,201.5,X,
54,'208,Denmark,6611,Agriculture area actually irrigated,5110,Area,2004,2004,1000 ha,204.0,A,
54,'208,Denmark,6611,Agriculture area actually irrigated,5110,Area,2005,2005,1000 ha,262.0,A,
54,'208,Denmark,6611,Agriculture area actually irrigated,5110,Area,2006,2006,1000 ha,262.0,A,
54,'208,Denmark,6611,Agriculture area actually irrigated,5110,Area,2007,2007,1000 ha,254.0,A,
54,'208,Denmark,6611,Agriculture area actually irrigated,5110,Area,2008,2008,1000 ha,254.0,A,
54,'208,Denmark,6611,Agriculture area actually irrigated,5110,Area,2009,2009,1000 ha,254.0,A,
54,'208,Denmark,6611,Agriculture area actually irrigated,5110,Area,2010,2010,1000 ha,319.0,A,
54,'208,Denmark,6611,Agriculture area actually irrigated,5110,Area,2013,2013,1000 ha,242.0,A,
54,'208,Denmark,6611,Agriculture area actually irrigated,5110,Area,2015,2015,1000 ha,146.0,A,
54,'208,Denmark,6611,Agriculture area actually irrigated,5110,Area,2016,2016,1000 ha,218.0,I,
54,'208,Denmark,6611,Agriculture area actually irrigated,5110,Area,2017,2017,1000 ha,216.0,I,
54,'208,Denmark,6611,Agriculture area actually irrigated,5110,Area,2018,2018,1000 ha,229.0,I,
54,'208,Denmark,6611,Agriculture area actually irrigated,5110,Area,2019,2019,1000 ha,306.0,I,
54,'208,Denmark,6611,Agriculture area actually irrigated,5110,Area,2020,2020,1000 ha,236.0,I,
54,'208,Denmark,6611,Agriculture area actually irrigated,5110,Area,2021,2021,1000 ha,236.0,A,
54,'208,Denmark,6611,Agriculture area actually irrigated,5110,Area,2022,2022,1000 ha,242.0,A,
54,'208,Denmark,6611,Agriculture area actually irrigated,5110,Area,2023,2023,1000 ha,180.0,A,
54,'208,Denmark,6611,Agriculture area actually irrigated,7208,Share in Agricultural land,2001,2001,%,7.62,A,
54,'208,Denmark,6611,Agriculture area actually irrigated,7208,Share in Agricultural land,2002,2002,%,7.65,A,
54,'208,Denmark,6611,Agriculture area actually irrigated,7208,Share in Agricultural land,2003,2003,%,7.58,E,
54,'208,Denmark,6611,Agriculture area actually irrigated,7208,Share in Agricultural land,2004,2004,%,7.71,A,
54,'208,Denmark,6611,Agriculture area actually irrigated,7208,Share in Agricultural land,2005,2005,%,9.68,A,
54,'208,Denmark,6611,Agriculture area actually irrigated,7208,Share in Agricultural land,2006,2006,%,9.67,A,
54,'208,Denmark,6611,Agriculture area actually irrigated,7208,Share in Agricultural land,2007,2007,%,9.54,A,
54,'208,Denmark,6611,Agriculture area actually irrigated,7208,Share in Agricultural land,2008,2008,%,9.52,A,
54,'208,Denmark,6611,Agriculture area actually irrigated,7208,Share in Agricultural land,2009,2009,%,9.64,A,
54,'208,Denmark,6611,Agriculture area actually irrigated,7208,Share in Agricultural land,2010,2010,%,12.15,A,
54,'208,Denmark,6611,Agriculture area actually irrigated,7208,Share in Agricultural land,2013,2013,%,9.21,A,
54,'208,Denmark,6611,Agriculture area actually irrigated,7208,Share in Agricultural land,2015,2015,%,5.54,A,
54,'208,Denmark,6611,Agriculture area actually irrigated,7208,Share in Agricultural land,2016,2016,%,8.3,E,
54,'208,Denmark,6611,Agriculture area actually irrigated,7208,Share in Agricultural land,2017,2017,%,8.21,E,
54,'208,Denmark,6611,Agriculture area actually irrigated,7208,Share in Agricultural land,2018,2018,%,8.7,E,
54,'208,Denmark,6611,Agriculture area actually irrigated,7208,Share in Agricultural land,2019,2019,%,11.65,E,
54,'208,Denmark,6611,Agriculture area actually irrigated,7208,Share in Agricultural land,2020,2020,%,9.01,E,
54,'208,Denmark,6611,Agriculture area actually irrigated,7208,Share in Agricultural land,2021,2021,%,9.01,A,
54,'208,Denmark,6611,Agriculture area actually irrigated,7208,Share in Agricultural land,2022,2022,%,9.22,A,
54,'208,Denmark,6611,Agriculture area actually irrigated,7208,Share in Agricultural land,2023,2023,%,6.87,A,
54,'208,Denmark,6694,Cropland area actually irrigated,5110,Area,2015,2015,1000 ha,108.0,A,
54,'208,Denmark,6694,Cropland area actually irrigated,5110,Area,2016,2016,1000 ha,146.0,A,
54,'208,Denmark,6694,Cropland area actually irrigated,5110,Area,2017,2017,1000 ha,216.0,A,
54,'208,Denmark,6694,Cropland area actually irrigated,5110,Area,2018,2018,1000 ha,229.0,A,
54,'208,Denmark,6694,Cropland area actually irrigated,5110,Area,2019,2019,1000 ha,306.0,A,
54,'208,Denmark,6694,Cropland area actually irrigated,5110,Area,2020,2020,1000 ha,236.0,A,
54,'208,Denmark,6694,Cropland area actually irrigated,5110,Area,2021,2021,1000 ha,236.0,A,
54,'208,Denmark,6694,Cropland area actually irrigated,5110,Area,2022,2022,1000 ha,242.0,A,
54,'208,Denmark,6694,Cropland area actually irrigated,5110,Area,2023,2023,1000 ha,180.0,A,
54,'208,Denmark,6657,Perm. meadows & pastures area actually irrig.,5110,Area,2015,2015,1000 ha,38.0,A,
54,'208,Denmark,6657,Perm. meadows & pastures area actually irrig.,5110,Area,2016,2016,1000 ha,0.0,A,
54,'208,Denmark,6657,Perm. meadows & pastures area actually irrig.,5110,Area,2017,2017,1000 ha,0.0,A,
54,'208,Denmark,6657,Perm. meadows & pastures area actually irrig.,5110,Area,2018,2018,1000 ha,0.0,A,
54,'208,Denmark,6657,Perm. meadows & pastures area actually irrig.,5110,Area,2019,2019,1000 ha,0.0,A,
54,'208,Denmark,6657,Perm. meadows & pastures area actually irrig.,5110,Area,2020,2020,1000 ha,0.0,A,
54,'208,Denmark,6657,Perm. meadows & pastures area actually irrig.,5110,Area,2021,2021,1000 ha,0.0,A,
54,'208,Denmark,6657,Perm. meadows & pastures area actually irrig.,5110,Area,2022,2022,1000 ha,0.0,A,
54,'208,Denmark,6657,Perm. meadows & pastures area actually irrig.,5110,Area,2023,2023,1000 ha,0.0,A,
54,'208,Denmark,6695,Forestry area actually irrigated,5110,Area,2016,2016,1000 ha,0.0,A,
54,'208,Denmark,6695,Forestry area actually irrigated,5110,Area,2017,2017,1000 ha,0.0,A,
54,'208,Denmark,6695,Forestry area actually irrigated,5110,Area,2018,2018,1000 ha,0.0,A,
54,'208,Denmark,6695,Forestry area actually irrigated,5110,Area,2019,2019,1000 ha,0.0,A,
54,'208,Denmark,6695,Forestry area actually irrigated,5110,Area,2020,2020,1000 ha,0.0,A,
54,'208,Denmark,6695,Forestry area actually irrigated,5110,Area,2021,2021,1000 ha,0.0,A,
54,'208,Denmark,6695,Forestry area actually irrigated,5110,Area,2022,2022,1000 ha,0.0,A,
54,'208,Denmark,6695,Forestry area actually irrigated,5110,Area,2023,2023,1000 ha,0.0,A,
54,'208,Denmark,6671,Agriculture area under organic agric.,5110,Area,2004,2004,1000 ha,154.9,A,
54,'208,Denmark,6671,Agriculture area under organic agric.,5110,Area,2005,2005,1000 ha,134.1,A,
54,'208,Denmark,6671,Agriculture area under organic agric.,5110,Area,2006,2006,1000 ha,138.08,A,
54,'208,Denmark,6671,Agriculture area under organic agric.,5110,Area,2007,2007,1000 ha,150.2,A,
54,'208,Denmark,6671,Agriculture area under organic agric.,5110,Area,2008,2008,1000 ha,150.1,A,
54,'208,Denmark,6671,Agriculture area under organic agric.,5110,Area,2009,2009,1000 ha,156.4,A,
54,'208,Denmark,6671,Agriculture area under organic agric.,5110,Area,2010,2010,1000 ha,162.9,A,
54,'208,Denmark,6671,Agriculture area under organic agric.,5110,Area,2011,2011,1000 ha,162.2,A,
54,'208,Denmark,6671,Agriculture area under organic agric.,5110,Area,2012,2012,1000 ha,175.0,A,
54,'208,Denmark,6671,Agriculture area under organic agric.,5110,Area,2013,2013,1000 ha,169.3,A,
54,'208,Denmark,6671,Agriculture area under organic agric.,5110,Area,2014,2014,1000 ha,173.185,A,
54,'208,Denmark,6671,Agriculture area under organic agric.,5110,Area,2015,2015,1000 ha,176.433,A,
54,'208,Denmark,6671,Agriculture area under organic agric.,5110,Area,2016,2016,1000 ha,202.0,A,
54,'208,Denmark,6671,Agriculture area under organic agric.,5110,Area,2017,2017,1000 ha,234.0,A,
54,'208,Denmark,6671,Agriculture area under organic agric.,5110,Area,2018,2018,1000 ha,266.0,A,
54,'208,Denmark,6671,Agriculture area under organic agric.,5110,Area,2019,2019,1000 ha,295.0,A,
54,'208,Denmark,6671,Agriculture area under organic agric.,5110,Area,2020,2020,1000 ha,304.0,A,
54,'208,Denmark,6671,Agriculture area under organic agric.,5110,Area,2021,2021,1000 ha,308.0,A,
54,'208,Denmark,6671,Agriculture area under organic agric.,5110,Area,2022,2022,1000 ha,305.0,A,
54,'208,Denmark,6671,Agriculture area under organic agric.,5110,Area,2023,2023,1000 ha,299.0,A,
54,'208,Denmark,6671,Agriculture area under organic agric.,7208,Share in Agricultural land,2004,2004,%,5.85,A,
54,'208,Denmark,6671,Agriculture area under organic agric.,7208,Share in Agricultural land,2005,2005,%,4.95,A,
54,'208,Denmark,6671,Agriculture area under organic agric.,7208,Share in Agricultural land,2006,2006,%,5.1,A,
54,'208,Denmark,6671,Agriculture area under organic agric.,7208,Share in Agricultural land,2007,2007,%,5.64,A,
54,'208,Denmark,6671,Agriculture area under organic agric.,7208,Share in Agricultural land,2008,2008,%,5.63,A,
54,'208,Denmark,6671,Agriculture area under organic agric.,7208,Share in Agricultural land,2009,2009,%,5.94,A,
54,'208,Denmark,6671,Agriculture area under organic agric.,7208,Share in Agricultural land,2010,2010,%,6.2,A,
54,'208,Denmark,6671,Agriculture area under organic agric.,7208,Share in Agricultural land,2011,2011,%,6.03,A,
54,'208,Denmark,6671,Agriculture area under organic agric.,7208,Share in Agricultural land,2012,2012,%,6.67,A,
54,'208,Denmark,6671,Agriculture area under organic agric.,7208,Share in Agricultural land,2013,2013,%,6.44,A,
54,'208,Denmark,6671,Agriculture area under organic agric.,7208,Share in Agricultural land,2014,2014,%,6.53,A,
54,'208,Denmark,6671,Agriculture area under organic agric.,7208,Share in Agricultural land,2015,2015,%,6.7,A,
54,'208,Denmark,6671,Agriculture area under organic agric.,7208,Share in Agricultural land,2016,2016,%,7.69,A,
54,'208,Denmark,6671,Agriculture area under organic agric.,7208,Share in Agricultural land,2017,2017,%,8.89,A,
54,'208,Denmark,6671,Agriculture area under organic agric.,7208,Share in Agricultural land,2018,2018,%,10.1,A,
54,'208,Denmark,6671,Agriculture area under organic agric.,7208,Share in Agricultural land,2019,2019,%,11.23,A,
54,'208,Denmark,6671,Agriculture area under organic agric.,7208,Share in Agricultural land,2020,2020,%,11.6,A,
54,'208,Denmark,6671,Agriculture area under organic agric.,7208,Share in Agricultural land,2021,2021,%,11.76,A,
54,'208,Denmark,6671,Agriculture area under organic agric.,7208,Share in Agricultural land,2022,2022,%,11.62,A,
54,'208,Denmark,6671,Agriculture area under organic agric.,7208,Share in Agricultural land,2023,2023,%,11.41,A,
54,'208,Denmark,6672,Agriculture area certified organic,5110,Area,2004,2004,1000 ha,149.2,A,
54,'208,Denmark,6672,Agriculture area certified organic,5110,Area,2005,2005,1000 ha,132.3,A,
54,'208,Denmark,6672,Agriculture area certified organic,5110,Area,2006,2006,1000 ha,133.05,A,
54,'208,Denmark,6672,Agriculture area certified organic,5110,Area,2007,2007,1000 ha,133.9,A,
54,'208,Denmark,6672,Agriculture area certified organic,5110,Area,2008,2008,1000 ha,139.0,A,
54,'208,Denmark,6672,Agriculture area certified organic,5110,Area,2009,2009,1000 ha,139.5,A,
54,'208,Denmark,6672,Agriculture area certified organic,5110,Area,2010,2010,1000 ha,145.6,A,
54,'208,Denmark,6672,Agriculture area certified organic,5110,Area,2011,2011,1000 ha,151.4,A,
54,'208,Denmark,6672,Agriculture area certified organic,5110,Area,2012,2012,1000 ha,159.1,A,
54,'208,Denmark,6672,Agriculture area certified organic,5110,Area,2013,2013,1000 ha,155.7,A,
54,'208,Denmark,6672,Agriculture area certified organic,5110,Area,2014,2014,1000 ha,157.627,A,
54,'208,Denmark,6672,Agriculture area certified organic,5110,Area,2015,2015,1000 ha,155.659,A,
54,'208,Denmark,6672,Agriculture area certified organic,5110,Area,2016,2016,1000 ha,159.0,A,
54,'208,Denmark,6672,Agriculture area certified organic,5110,Area,2017,2017,1000 ha,167.0,A,
54,'208,Denmark,6672,Agriculture area certified organic,5110,Area,2018,2018,1000 ha,195.0,A,
54,'208,Denmark,6672,Agriculture area certified organic,5110,Area,2019,2019,1000 ha,219.0,A,
54,'208,Denmark,6672,Agriculture area certified organic,5110,Area,2020,2020,1000 ha,247.0,A,
54,'208,Denmark,6672,Agriculture area certified organic,5110,Area,2021,2021,1000 ha,269.0,A,
54,'208,Denmark,6672,Agriculture area certified organic,5110,Area,2022,2022,1000 ha,275.0,A,
54,'208,Denmark,6672,Agriculture area certified organic,5110,Area,2023,2023,1000 ha,273.0,A,
54,'208,Denmark,6668,Cropland area under organic agric.,5110,Area,2013,2013,1000 ha,144.4,I,
54,'208,Denmark,6668,Cropland area under organic agric.,5110,Area,2014,2014,1000 ha,148.954,I,
54,'208,Denmark,6668,Cropland area under organic agric.,5110,Area,2015,2015,1000 ha,145.037,I,
54,'208,Denmark,6668,Cropland area under organic agric.,5110,Area,2016,2016,1000 ha,162.0,A,
54,'208,Denmark,6668,Cropland area under organic agric.,5110,Area,2017,2017,1000 ha,188.0,A,
54,'208,Denmark,6668,Cropland area under organic agric.,5110,Area,2018,2018,1000 ha,229.0,A,
54,'208,Denmark,6668,Cropland area under organic agric.,5110,Area,2019,2019,1000 ha,257.0,A,
54,'208,Denmark,6668,Cropland area under organic agric.,5110,Area,2020,2020,1000 ha,261.0,A,
54,'208,Denmark,6668,Cropland area under organic agric.,5110,Area,2021,2021,1000 ha,264.0,A,
54,'208,Denmark,6668,Cropland area under organic agric.,5110,Area,2022,2022,1000 ha,261.0,A,
54,'208,Denmark,6668,Cropland area under organic agric.,5110,Area,2023,2023,1000 ha,253.0,A,
54,'208,Denmark,6669,Cropland area certified organic,5110,Area,2013,2013,1000 ha,133.0,I,
54,'208,Denmark,6669,Cropland area certified organic,5110,Area,2014,2014,1000 ha,135.799,I,
54,'208,Denmark,6669,Cropland area certified organic,5110,Area,2015,2015,1000 ha,129.231,I,
54,'208,Denmark,6669,Cropland area certified organic,5110,Area,2016,2016,1000 ha,128.0,A,
54,'208,Denmark,6669,Cropland area certified organic,5110,Area,2017,2017,1000 ha,134.0,A,
54,'208,Denmark,6669,Cropland area certified organic,5110,Area,2018,2018,1000 ha,168.0,A,
54,'208,Denmark,6669,Cropland area certified organic,5110,Area,2019,2019,1000 ha,191.0,A,
54,'208,Denmark,6669,Cropland area certified organic,5110,Area,2020,2020,1000 ha,209.0,I,
54,'208,Denmark,6669,Cropland area certified organic,5110,Area,2021,2021,1000 ha,230.0,I,
54,'208,Denmark,6669,Cropland area certified organic,5110,Area,2022,2022,1000 ha,221.0,A,
54,'208,Denmark,6669,Cropland area certified organic,5110,Area,2023,2023,1000 ha,227.0,A,
54,'208,Denmark,6681,Perm. meadows & pastures area under organic agric.,5110,Area,2013,2013,1000 ha,24.9,A,
54,'208,Denmark,6681,Perm. meadows & pastures area under organic agric.,5110,Area,2014,2014,1000 ha,24.231,A,
54,'208,Denmark,6681,Perm. meadows & pastures area under organic agric.,5110,Area,2015,2015,1000 ha,31.396,A,
54,'208,Denmark,6681,Perm. meadows & pastures area under organic agric.,5110,Area,2016,2016,1000 ha,40.0,A,
54,'208,Denmark,6681,Perm. meadows & pastures area under organic agric.,5110,Area,2017,2017,1000 ha,46.0,A,
54,'208,Denmark,6681,Perm. meadows & pastures area under organic agric.,5110,Area,2018,2018,1000 ha,37.0,A,
54,'208,Denmark,6681,Perm. meadows & pastures area under organic agric.,5110,Area,2019,2019,1000 ha,38.0,A,
54,'208,Denmark,6681,Perm. meadows & pastures area under organic agric.,5110,Area,2020,2020,1000 ha,43.0,A,
54,'208,Denmark,6681,Perm. meadows & pastures area under organic agric.,5110,Area,2021,2021,1000 ha,44.0,A,
54,'208,Denmark,6681,Perm. meadows & pastures area under organic agric.,5110,Area,2022,2022,1000 ha,44.0,A,
54,'208,Denmark,6681,Perm. meadows & pastures area under organic agric.,5110,Area,2023,2023,1000 ha,46.0,A,
54,'208,Denmark,6682,Perm. meadows & pastures area certified organic,5110,Area,2013,2013,1000 ha,22.7,A,
54,'208,Denmark,6682,Perm. meadows & pastures area certified organic,5110,Area,2014,2014,1000 ha,21.828,A,
54,'208,Denmark,6682,Perm. meadows & pastures area certified organic,5110,Area,2015,2015,1000 ha,26.428,A,
54,'208,Denmark,6682,Perm. meadows & pastures area certified organic,5110,Area,2016,2016,1000 ha,32.0,A,
54,'208,Denmark,6682,Perm. meadows & pastures area certified organic,5110,Area,2017,2017,1000 ha,33.0,A,
54,'208,Denmark,6682,Perm. meadows & pastures area certified organic,5110,Area,2018,2018,1000 ha,27.0,A,
54,'208,Denmark,6682,Perm. meadows & pastures area certified organic,5110,Area,2019,2019,1000 ha,28.0,A,
54,'208,Denmark,6682,Perm. meadows & pastures area certified organic,5110,Area,2020,2020,1000 ha,38.0,A,
54,'208,Denmark,6682,Perm. meadows & pastures area certified organic,5110,Area,2021,2021,1000 ha,39.0,A,
54,'208,Denmark,6682,Perm. meadows & pastures area certified organic,5110,Area,2022,2022,1000 ha,40.0,A,
54,'208,Denmark,6682,Perm. meadows & pastures area certified organic,5110,Area,2023,2023,1000 ha,42.0,A,
54,'208,Denmark,6664,Cropland area under conventional tillage,5110,Area,2016,2016,1000 ha,2076.32,A,
54,'208,Denmark,6664,Cropland area under conventional tillage,5110,Area,2018,2018,1000 ha,2062.0,A,
54,'208,Denmark,6664,Cropland area under conventional tillage,5110,Area,2020,2020,1000 ha,1884.0,A,
54,'208,Denmark,6664,Cropland area under conventional tillage,5110,Area,2021,2021,1000 ha,1734.0,A,
54,'208,Denmark,6664,Cropland area under conventional tillage,5110,Area,2022,2022,1000 ha,1731.0,A,
54,'208,Denmark,6664,Cropland area under conventional tillage,5110,Area,2023,2023,1000 ha,1637.0,A,
54,'208,Denmark,6665,Cropland area under conservation tillage,5110,Area,2016,2016,1000 ha,252.0,A,
54,'208,Denmark,6665,Cropland area under conservation tillage,5110,Area,2018,2018,1000 ha,319.0,A,
54,'208,Denmark,6665,Cropland area under conservation tillage,5110,Area,2020,2020,1000 ha,498.0,A,
54,'208,Denmark,6665,Cropland area under conservation tillage,5110,Area,2021,2021,1000 ha,575.0,A,
54,'208,Denmark,6665,Cropland area under conservation tillage,5110,Area,2022,2022,1000 ha,585.0,A,
54,'208,Denmark,6665,Cropland area under conservation tillage,5110,Area,2023,2023,1000 ha,668.0,A,
54,'208,Denmark,6666,Cropland area under zero or no tillage,5110,Area,2016,2016,1000 ha,32.0,A,
54,'208,Denmark,6666,Cropland area under zero or no tillage,5110,Area,2018,2018,1000 ha,39.0,A,
54,'208,Denmark,6666,Cropland area under zero or no tillage,5110,Area,2020,2020,1000 ha,56.0,A,
54,'208,Denmark,6666,Cropland area under zero or no tillage,5110,Area,2021,2021,1000 ha,75.0,A,
54,'208,Denmark,6666,Cropland area under zero or no tillage,5110,Area,2022,2022,1000 ha,75.0,A,
54,'208,Denmark,6666,Cropland area under zero or no tillage,5110,Area,2023,2023,1000 ha,90.0,A,
54,'208,Denmark,6774,Cropland area under protective cover,5110,Area,2007,2007,1000 ha,0.48,A,
54,'208,Denmark,6774,Cropland area under protective cover,5110,Area,2008,2008,1000 ha,0.47,A,
54,'208,Denmark,6774,Cropland area under protective cover,5110,Area,2009,2009,1000 ha,0.46,A,
54,'208,Denmark,6774,Cropland area under protective cover,5110,Area,2010,2010,1000 ha,0.49,A,
54,'208,Denmark,6774,Cropland area under protective cover,5110,Area,2011,2011,1000 ha,0.42,A,
54,'208,Denmark,6774,Cropland area under protective cover,5110,Area,2012,2012,1000 ha,0.39,A,
54,'208,Denmark,6774,Cropland area under protective cover,5110,Area,2013,2013,1000 ha,0.42,A,
54,'208,Denmark,6774,Cropland area under protective cover,5110,Area,2014,2014,1000 ha,0.37,A,
54,'208,Denmark,6774,Cropland area under protective cover,5110,Area,2015,2015,1000 ha,0.44,A,
54,'208,Denmark,6774,Cropland area under protective cover,5110,Area,2016,2016,1000 ha,0.39,A,
54,'208,Denmark,6774,Cropland area under protective cover,5110,Area,2017,2017,1000 ha,0.4,A,
54,'208,Denmark,6774,Cropland area under protective cover,5110,Area,2018,2018,1000 ha,0.38,A,
54,'208,Denmark,6774,Cropland area under protective cover,5110,Area,2019,2019,1000 ha,0.37,A,
54,'208,Denmark,6774,Cropland area under protective cover,5110,Area,2020,2020,1000 ha,0.35,A,
54,'208,Denmark,6774,Cropland area under protective cover,5110,Area,2021,2021,1000 ha,0.35,A,
54,'208,Denmark,6774,Cropland area under protective cover,5110,Area,2022,2022,1000 ha,0.34,A,
54,'208,Denmark,6774,Cropland area under protective cover,5110,Area,2023,2023,1000 ha,0.3,A,
68,'250,France,6600,Country area,5110,Area,1961,1961,1000 ha,54908.6,A,
68,'250,France,6600,Country area,5110,Area,1962,1962,1000 ha,54908.6,A,
68,'250,France,6600,Country area,5110,Area,1963,1963,1000 ha,54908.6,A,
68,'250,France,6600,Country area,5110,Area,1964,1964,1000 ha,54908.6,A,
68,'250,France,6600,Country area,5110,Area,1965,1965,1000 ha,54908.6,A,
68,'250,France,6600,Country area,5110,Area,1966,1966,1000 ha,54908.6,A,
68,'250,France,6600,Country area,5110,Area,1967,1967,1000 ha,54908.6,A,
68,'250,France,6600,Country area,5110,Area,1968,1968,1000 ha,54908.6,A,
68,'250,France,6600,Country area,5110,Area,1969,1969,1000 ha,54908.6,A,
68,'250,France,6600,Country area,5110,Area,1970,1970,1000 ha,54908.6,A,
68,'250,France,6600,Country area,5110,Area,1971,1971,1000 ha,54908.6,A,
68,'250,France,6600,Country area,5110,Area,1972,1972,1000 ha,54908.6,A,
68,'250,France,6600,Country area,5110,Area,1973,1973,1000 ha,54908.6,A,
68,'250,France,6600,Country area,5110,Area,1974,1974,1000 ha,54908.6,A,
68,'250,France,6600,Country area,5110,Area,1975,1975,1000 ha,54908.6,A,
68,'250,France,6600,Country area,5110,Area,1976,1976,1000 ha,54908.6,A,
68,'250,France,6600,Country area,5110,Area,1977,1977,1000 ha,54908.6,A,
68,'250,France,6600,Country area,5110,Area,1978,1978,1000 ha,54908.6,A,
68,'250,France,6600,Country area,5110,Area,1979,1979,1000 ha,54908.6,A,
68,'250,France,6600,Country area,5110,Area,1980,1980,1000 ha,54908.6,A,
68,'250,France,6600,Country area,5110,Area,1981,1981,1000 ha,54908.6,A,
68,'250,France,6600,Country area,5110,Area,1982,1982,1000 ha,54908.6,A,
68,'250,France,6600,Country area,5110,Area,1983,1983,1000 ha,54908.6,A,
68,'250,France,6600,Country area,5110,Area,1984,1984,1000 ha,54908.6,A,
68,'250,France,6600,Country area,5110,Area,1985,1985,1000 ha,54908.6,A,
68,'250,France,6600,Country area,5110,Area,1986,1986,1000 ha,54908.6,A,
68,'250,France,6600,Country area,5110,Area,1987,1987,1000 ha,54908.6,A,
68,'250,France,6600,Country area,5110,Area,1988,1988,1000 ha,54908.6,A,
68,'250,France,6600,Country area,5110,Area,1989,1989,1000 ha,54908.6,A,
68,'250,France,6600,Country area,5110,Area,1990,1990,1000 ha,54908.6,A,
68,'250,France,6600,Country area,5110,Area,1991,1991,1000 ha,54908.6,A,
68,'250,France,6600,Country area,5110,Area,1992,1992,1000 ha,54908.6,A,
68,'250,France,6600,Country area,5110,Area,1993,1993,1000 ha,54908.6,A,
68,'250,France,6600,Country area,5110,Area,1994,1994,1000 ha,54908.6,A,
68,'250,France,6600,Country area,5110,Area,1995,1995,1000 ha,54908.6,A,
68,'250,France,6600,Country area,5110,Area,1996,1996,1000 ha,54908.6,A,
68,'250,France,6600,Country area,5110,Area,1997,1997,1000 ha,54908.6,A,
68,'250,France,6600,Country area,5110,Area,1998,1998,1000 ha,54908.6,A,
68,'250,France,6600,Country area,5110,Area,1999,1999,1000 ha,54908.6,A,
68,'250,France,6600,Country area,5110,Area,2000,2000,1000 ha,54908.7,A,
68,'250,France,6600,Country area,5110,Area,2001,2001,1000 ha,54908.7,A,
68,'250,France,6600,Country area,5110,Area,2002,2002,1000 ha,54908.7,A,
68,'250,France,6600,Country area,5110,Area,2003,2003,1000 ha,54938.7,A,
68,'250,France,6600,Country area,5110,Area,2004,2004,1000 ha,54908.7,A,
68,'250,France,6600,Country area,5110,Area,2005,2005,1000 ha,54908.7,A,
68,'250,France,6600,Country area,5110,Area,2006,2006,1000 ha,54908.7,A,
68,'250,France,6600,Country area,5110,Area,2007,2007,1000 ha,54908.7,A,
68,'250,France,6600,Country area,5110,Area,2008,2008,1000 ha,54908.7,A,
68,'250,France,6600,Country area,5110,Area,2009,2009,1000 ha,54908.7,A,
68,'250,France,6600,Country area,5110,Area,2010,2010,1000 ha,54908.7,A,
68,'250,France,6600,Country area,5110,Area,2011,2011,1000 ha,54908.7,A,
68,'250,France,6600,Country area,5110,Area,2012,2012,1000 ha,54908.7,A,
68,'250,France,6600,Country area,5110,Area,2013,2013,1000 ha,54908.7,A,
68,'250,France,6600,Country area,5110,Area,2014,2014,1000 ha,54908.7,A,
68,'250,France,6600,Country area,5110,Area,2015,2015,1000 ha,54908.7,A,
68,'250,France,6600,Country area,5110,Area,2016,2016,1000 ha,54908.7,A,
68,'250,France,6600,Country area,5110,Area,2017,2017,1000 ha,54908.7,A,
68,'250,France,6600,Country area,5110,Area,2018,2018,1000 ha,54908.7,A,
68,'250,France,6600,Country area,5110,Area,2019,2019,1000 ha,54908.7,A,
68,'250,France,6600,Country area,5110,Area,2020,2020,1000 ha,60641.0,B,
68,'250,France,6600,Country area,5110,Area,2021,2021,1000 ha,60641.0,A,
68,'250,France,6600,Country area,5110,Area,2022,2022,1000 ha,60641.0,A,
68,'250,France,6600,Country area,5110,Area,2023,2023,1000 ha,60641.0,A,
68,'250,France,6601,Land area,5110,Area,1961,1961,1000 ha,53895.0,I,
68,'250,France,6601,Land area,5110,Area,1962,1962,1000 ha,53895.0,I,
68,'250,France,6601,Land area,5110,Area,1963,1963,1000 ha,53895.0,I,
68,'250,France,6601,Land area,5110,Area,1964,1964,1000 ha,53895.0,I,
68,'250,France,6601,Land area,5110,Area,1965,1965,1000 ha,53895.0,I,
68,'250,France,6601,Land area,5110,Area,1966,1966,1000 ha,53895.0,I,
68,'250,France,6601,Land area,5110,Area,1967,1967,1000 ha,53895.0,I,
68,'250,France,6601,Land area,5110,Area,1968,1968,1000 ha,53895.0,I,
68,'250,France,6601,Land area,5110,Area,1969,1969,1000 ha,53895.0,I,
68,'250,France,6601,Land area,5110,Area,1970,1970,1000 ha,53895.0,I,
68,'250,France,6601,Land area,5110,Area,1971,1971,1000 ha,53895.0,I,
68,'250,France,6601,Land area,5110,Area,1972,1972,1000 ha,53895.0,I,
68,'250,France,6601,Land area,5110,Area,1973,1973,1000 ha,53895.0,I,
68,'250,France,6601,Land area,5110,Area,1974,1974,1000 ha,53895.0,I,
68,'250,France,6601,Land area,5110,Area,1975,1975,1000 ha,53895.0,I,
68,'250,France,6601,Land area,5110,Area,1976,1976,1000 ha,53895.0,I,
68,'250,France,6601,Land area,5110,Area,1977,1977,1000 ha,53895.0,I,
68,'250,France,6601,Land area,5110,Area,1978,1978,1000 ha,53895.0,I,
68,'250,France,6601,Land area,5110,Area,1979,1979,1000 ha,53895.0,I,
68,'250,France,6601,Land area,5110,Area,1980,1980,1000 ha,53895.0,I,
68,'250,France,6601,Land area,5110,Area,1981,1981,1000 ha,53895.0,I,
68,'250,France,6601,Land area,5110,Area,1982,1982,1000 ha,53895.0,I,
68,'250,France,6601,Land area,5110,Area,1983,1983,1000 ha,53895.0,I,
68,'250,France,6601,Land area,5110,Area,1984,1984,1000 ha,53895.0,I,
68,'250,France,6601,Land area,5110,Area,1985,1985,1000 ha,53895.0,I,
68,'250,France,6601,Land area,5110,Area,1986,1986,1000 ha,53895.0,I,
68,'250,France,6601,Land area,5110,Area,1987,1987,1000 ha,53895.0,I,
68,'250,France,6601,Land area,5110,Area,1988,1988,1000 ha,53895.0,I,
68,'250,France,6601,Land area,5110,Area,1989,1989,1000 ha,53895.0,I,
68,'250,France,6601,Land area,5110,Area,1990,1990,1000 ha,53895.0,I,
68,'250,France,6601,Land area,5110,Area,1991,1991,1000 ha,53895.0,I,
68,'250,France,6601,Land area,5110,Area,1992,1992,1000 ha,53895.0,I,
68,'250,France,6601,Land area,5110,Area,1993,1993,1000 ha,53895.0,I,
68,'250,France,6601,Land area,5110,Area,1994,1994,1000 ha,53895.0,I,
68,'250,France,6601,Land area,5110,Area,1995,1995,1000 ha,53895.0,I,
68,'250,France,6601,Land area,5110,Area,1996,1996,1000 ha,53895.0,I,
68,'250,France,6601,Land area,5110,Area,1997,1997,1000 ha,53895.0,I,
68,'250,France,6601,Land area,5110,Area,1998,1998,1000 ha,53895.0,I,
68,'250,France,6601,Land area,5110,Area,1999,1999,1000 ha,53895.0,I,
68,'250,France,6601,Land area,5110,Area,2000,2000,1000 ha,53895.0,I,
68,'250,France,6601,Land area,5110,Area,2001,2001,1000 ha,53895.0,I,
68,'250,France,6601,Land area,5110,Area,2002,2002,1000 ha,53895.0,I,
68,'250,France,6601,Land area,5110,Area,2003,2003,1000 ha,53895.0,I,
68,'250,France,6601,Land area,5110,Area,2004,2004,1000 ha,53895.0,I,
68,'250,France,6601,Land area,5110,Area,2005,2005,1000 ha,53895.0,I,
68,'250,France,6601,Land area,5110,Area,2006,2006,1000 ha,53895.0,I,
68,'250,France,6601,Land area,5110,Area,2007,2007,1000 ha,53895.0,I,
68,'250,France,6601,Land area,5110,Area,2008,2008,1000 ha,53895.0,I,
68,'250,France,6601,Land area,5110,Area,2009,2009,1000 ha,53895.0,I,
68,'250,France,6601,Land area,5110,Area,2010,2010,1000 ha,53895.0,I,
68,'250,France,6601,Land area,5110,Area,2011,2011,1000 ha,53895.0,I,
68,'250,France,6601,Land area,5110,Area,2012,2012,1000 ha,53895.0,I,
68,'250,France,6601,Land area,5110,Area,2013,2013,1000 ha,53895.0,I,
68,'250,France,6601,Land area,5110,Area,2014,2014,1000 ha,53895.0,I,
68,'250,France,6601,Land area,5110,Area,2015,2015,1000 ha,53895.0,I,
68,'250,France,6601,Land area,5110,Area,2016,2016,1000 ha,53895.0,I,
68,'250,France,6601,Land area,5110,Area,2017,2017,1000 ha,53895.0,I,
68,'250,France,6601,Land area,5110,Area,2018,2018,1000 ha,53895.0,I,
68,'250,France,6601,Land area,5110,Area,2019,2019,1000 ha,53895.0,I,
68,'250,France,6601,Land area,5110,Area,2020,2020,1000 ha,53895.0,A,
68,'250,France,6601,Land area,5110,Area,2021,2021,1000 ha,53895.0,A,
68,'250,France,6601,Land area,5110,Area,2022,2022,1000 ha,53895.0,A,
68,'250,France,6601,Land area,5110,Area,2023,2023,1000 ha,53895.0,A,
68,'250,France,6602,Agriculture,5110,Area,1961,1961,1000 ha,34539.0,I,
68,'250,France,6602,Agriculture,5110,Area,1962,1962,1000 ha,34440.0,I,
68,'250,France,6602,Agriculture,5110,Area,1963,1963,1000 ha,34354.0,I,
68,'250,France,6602,Agriculture,5110,Area,1964,1964,1000 ha,34109.0,I,
68,'250,France,6602,Agriculture,5110,Area,1965,1965,1000 ha,34001.0,I,
68,'250,France,6602,Agriculture,5110,Area,1966,1966,1000 ha,33846.0,I,
68,'250,France,6602,Agriculture,5110,Area,1967,1967,1000 ha,33629.0,I,
68,'250,France,6602,Agriculture,5110,Area,1968,1968,1000 ha,33178.0,I,
68,'250,France,6602,Agriculture,5110,Area,1969,1969,1000 ha,33173.0,I,
68,'250,France,6602,Agriculture,5110,Area,1970,1970,1000 ha,32495.0,I,
68,'250,France,6602,Agriculture,5110,Area,1971,1971,1000 ha,32623.0,I,
68,'250,France,6602,Agriculture,5110,Area,1972,1972,1000 ha,32515.0,I,
68,'250,France,6602,Agriculture,5110,Area,1973,1973,1000 ha,32460.0,I,
68,'250,France,6602,Agriculture,5110,Area,1974,1974,1000 ha,32442.0,I,
68,'250,France,6602,Agriculture,5110,Area,1975,1975,1000 ha,32357.0,I,
68,'250,France,6602,Agriculture,5110,Area,1976,1976,1000 ha,32021.0,I,
68,'250,France,6602,Agriculture,5110,Area,1977,1977,1000 ha,31910.0,I,
68,'250,France,6602,Agriculture,5110,Area,1978,1978,1000 ha,31961.0,I,
68,'250,France,6602,Agriculture,5110,Area,1979,1979,1000 ha,31834.0,I,
68,'250,France,6602,Agriculture,5110,Area,1980,1980,1000 ha,31722.0,I,
68,'250,France,6602,Agriculture,5110,Area,1981,1981,1000 ha,31687.0,I,
68,'250,France,6602,Agriculture,5110,Area,1982,1982,1000 ha,31646.0,I,
68,'250,France,6602,Agriculture,5110,Area,1983,1983,1000 ha,31565.0,I,
68,'250,France,6602,Agriculture,5110,Area,1984,1984,1000 ha,31508.0,I,
68,'250,France,6602,Agriculture,5110,Area,1985,1985,1000 ha,31442.0,I,
68,'250,France,6602,Agriculture,5110,Area,1986,1986,1000 ha,31395.0,I,
68,'250,France,6602,Agriculture,5110,Area,1987,1987,1000 ha,31353.0,I,
68,'250,France,6602,Agriculture,5110,Area,1988,1988,1000 ha,30830.0,I,
68,'250,France,6602,Agriculture,5110,Area,1989,1989,1000 ha,30740.9,I,
68,'250,France,6602,Agriculture,5110,Area,1990,1990,1000 ha,30592.8,I,
68,'250,France,6602,Agriculture,5110,Area,1991,1991,1000 ha,30484.9,I,
68,'250,France,6602,Agriculture,5110,Area,1992,1992,1000 ha,30384.3,I,
68,'250,France,6602,Agriculture,5110,Area,1993,1993,1000 ha,30291.3,I,
68,'250,France,6602,Agriculture,5110,Area,1994,1994,1000 ha,30204.9,I,
68,'250,France,6602,Agriculture,5110,Area,1995,1995,1000 ha,30150.2,I,
68,'250,France,6602,Agriculture,5110,Area,1996,1996,1000 ha,30096.3,I,
68,'250,France,6602,Agriculture,5110,Area,1997,1997,1000 ha,30039.6,I,
68,'250,France,6602,Agriculture,5110,Area,1998,1998,1000 ha,29980.0,I,
68,'250,France,6602,Agriculture,5110,Area,1999,1999,1000 ha,29929.1,I,
68,'250,France,6602,Agriculture,5110,Area,2000,2000,1000 ha,29807.4,I,
68,'250,France,6602,Agriculture,5110,Area,2001,2001,1000 ha,29713.3,I,
68,'250,France,6602,Agriculture,5110,Area,2002,2002,1000 ha,29610.7,I,
68,'250,France,6602,Agriculture,5110,Area,2003,2003,1000 ha,29534.6,I,
68,'250,France,6602,Agriculture,5110,Area,2004,2004,1000 ha,29458.4,I,
68,'250,France,6602,Agriculture,5110,Area,2005,2005,1000 ha,29390.4,I,
68,'250,France,6602,Agriculture,5110,Area,2006,2006,1000 ha,29312.7,I,
68,'250,France,6602,Agriculture,5110,Area,2007,2007,1000 ha,29206.1,I,
68,'250,France,6602,Agriculture,5110,Area,2008,2008,1000 ha,29110.1,I,
68,'250,France,6602,Agriculture,5110,Area,2009,2009,1000 ha,29019.9,I,
68,'250,France,6602,Agriculture,5110,Area,2010,2010,1000 ha,28926.3,I,
68,'250,France,6602,Agriculture,5110,Area,2011,2011,1000 ha,28878.6,I,
68,'250,France,6602,Agriculture,5110,Area,2012,2012,1000 ha,28844.8,I,
68,'250,France,6602,Agriculture,5110,Area,2013,2013,1000 ha,28773.7,I,
68,'250,France,6602,Agriculture,5110,Area,2014,2014,1000 ha,28766.5,I,
68,'250,France,6602,Agriculture,5110,Area,2015,2015,1000 ha,28726.9,I,
68,'250,France,6602,Agriculture,5110,Area,2016,2016,1000 ha,28718.021,I,
68,'250,France,6602,Agriculture,5110,Area,2017,2017,1000 ha,28697.499,I,
68,'250,France,6602,Agriculture,5110,Area,2018,2018,1000 ha,28660.1,I,
68,'250,France,6602,Agriculture,5110,Area,2019,2019,1000 ha,28518.8491,I,
68,'250,France,6602,Agriculture,5110,Area,2020,2020,1000 ha,28418.656,A,
68,'250,France,6602,Agriculture,5110,Area,2021,2021,1000 ha,28425.1539,A,
68,'250,France,6602,Agriculture,5110,Area,2022,2022,1000 ha,28388.5926,A,
68,'250,France,6602,Agriculture,5110,Area,2023,2023,1000 ha,28297.245,A,
68,'250,France,6610,Agricultural land,5110,Area,1961,1961,1000 ha,34539.0,A,
68,'250,France,6610,Agricultural land,5110,Area,1962,1962,1000 ha,34440.0,I,
68,'250,France,6610,Agricultural land,5110,Area,1963,1963,1000 ha,34354.0,A,
68,'250,France,6610,Agricultural land,5110,Area,1964,1964,1000 ha,34109.0,A,
68,'250,France,6610,Agricultural land,5110,Area,1965,1965,1000 ha,34001.0,A,
68,'250,France,6610,Agricultural land,5110,Area,1966,1966,1000 ha,33846.0,A,
68,'250,France,6610,Agricultural land,5110,Area,1967,1967,1000 ha,33629.0,A,
68,'250,France,6610,Agricultural land,5110,Area,1968,1968,1000 ha,33178.0,A,
68,'250,France,6610,Agricultural land,5110,Area,1969,1969,1000 ha,33173.0,A,
68,'250,France,6610,Agricultural land,5110,Area,1970,1970,1000 ha,32495.0,A,
68,'250,France,6610,Agricultural land,5110,Area,1971,1971,1000 ha,32623.0,A,
68,'250,France,6610,Agricultural land,5110,Area,1972,1972,1000 ha,32515.0,A,
68,'250,France,6610,Agricultural land,5110,Area,1973,1973,1000 ha,32460.0,A,
68,'250,France,6610,Agricultural land,5110,Area,1974,1974,1000 ha,32442.0,A,
68,'250,France,6610,Agricultural land,5110,Area,1975,1975,1000 ha,32357.0,A,
68,'250,France,6610,Agricultural land,5110,Area,1976,1976,1000 ha,32021.0,A,
68,'250,France,6610,Agricultural land,5110,Area,1977,1977,1000 ha,31910.0,A,
68,'250,France,6610,Agricultural land,5110,Area,1978,1978,1000 ha,31961.0,A,
68,'250,France,6610,Agricultural land,5110,Area,1979,1979,1000 ha,31834.0,A,
68,'250,France,6610,Agricultural land,5110,Area,1980,1980,1000 ha,31722.0,A,
68,'250,France,6610,Agricultural land,5110,Area,1981,1981,1000 ha,31687.0,A,
68,'250,France,6610,Agricultural land,5110,Area,1982,1982,1000 ha,31646.0,A,
68,'250,France,6610,Agricultural land,5110,Area,1983,1983,1000 ha,31565.0,A,
68,'250,France,6610,Agricultural land,5110,Area,1984,1984,1000 ha,31508.0,A,
68,'250,France,6610,Agricultural land,5110,Area,1985,1985,1000 ha,31442.0,A,
68,'250,France,6610,Agricultural land,5110,Area,1986,1986,1000 ha,31395.0,A,
68,'250,France,6610,Agricultural land,5110,Area,1987,1987,1000 ha,31353.0,A,
68,'250,France,6610,Agricultural land,5110,Area,1988,1988,1000 ha,30830.0,A,
68,'250,France,6610,Agricultural land,5110,Area,1989,1989,1000 ha,30740.9,A,
68,'250,France,6610,Agricultural land,5110,Area,1990,1990,1000 ha,30592.8,A,
68,'250,France,6610,Agricultural land,5110,Area,1991,1991,1000 ha,30484.9,A,
68,'250,France,6610,Agricultural land,5110,Area,1992,1992,1000 ha,30384.3,A,
68,'250,France,6610,Agricultural land,5110,Area,1993,1993,1000 ha,30291.3,A,
68,'250,France,6610,Agricultural land,5110,Area,1994,1994,1000 ha,30204.9,A,
68,'250,France,6610,Agricultural land,5110,Area,1995,1995,1000 ha,30150.2,A,
68,'250,France,6610,Agricultural land,5110,Area,1996,1996,1000 ha,30096.3,A,
68,'250,France,6610,Agricultural land,5110,Area,1997,1997,1000 ha,30039.6,A,
68,'250,France,6610,Agricultural land,5110,Area,1998,1998,1000 ha,29980.0,A,
68,'250,France,6610,Agricultural land,5110,Area,1999,1999,1000 ha,29929.1,A,
68,'250,France,6610,Agricultural land,5110,Area,2000,2000,1000 ha,29807.4,A,
68,'250,France,6610,Agricultural land,5110,Area,2001,2001,1000 ha,29713.3,A,
68,'250,France,6610,Agricultural land,5110,Area,2002,2002,1000 ha,29610.7,A,
68,'250,France,6610,Agricultural land,5110,Area,2003,2003,1000 ha,29534.6,A,
68,'250,France,6610,Agricultural land,5110,Area,2004,2004,1000 ha,29458.4,A,
68,'250,France,6610,Agricultural land,5110,Area,2005,2005,1000 ha,29390.4,A,
68,'250,France,6610,Agricultural land,5110,Area,2006,2006,1000 ha,29312.7,A,
68,'250,France,6610,Agricultural land,5110,Area,2007,2007,1000 ha,29206.1,A,
68,'250,France,6610,Agricultural land,5110,Area,2008,2008,1000 ha,29110.1,A,
68,'250,France,6610,Agricultural land,5110,Area,2009,2009,1000 ha,29019.9,A,
68,'250,France,6610,Agricultural land,5110,Area,2010,2010,1000 ha,28926.3,A,
68,'250,France,6610,Agricultural land,5110,Area,2011,2011,1000 ha,28878.6,A,
68,'250,France,6610,Agricultural land,5110,Area,2012,2012,1000 ha,28844.8,A,
68,'250,France,6610,Agricultural land,5110,Area,2013,2013,1000 ha,28773.7,A,
68,'250,France,6610,Agricultural land,5110,Area,2014,2014,1000 ha,28766.5,A,
68,'250,France,6610,Agricultural land,5110,Area,2015,2015,1000 ha,28726.9,A,
68,'250,France,6610,Agricultural land,5110,Area,2016,2016,1000 ha,28718.021,A,
68,'250,France,6610,Agricultural land,5110,Area,2017,2017,1000 ha,28697.499,A,
68,'250,France,6610,Agricultural land,5110,Area,2018,2018,1000 ha,28660.1,A,
68,'250,France,6610,Agricultural land,5110,Area,2019,2019,1000 ha,28518.8491,B,
68,'250,France,6610,Agricultural land,5110,Area,2020,2020,1000 ha,28418.656,B,
68,'250,France,6610,Agricultural land,5110,Area,2021,2021,1000 ha,28425.1539,A,
68,'250,France,6610,Agricultural land,5110,Area,2022,2022,1000 ha,28388.5926,A,
68,'250,France,6610,Agricultural land,5110,Area,2023,2023,1000 ha,28297.245,A,
68,'250,France,6610,Agricultural land,7209,Share in Land area,1961,1961,%,64.09,E,
68,'250,France,6610,Agricultural land,7209,Share in Land area,1962,1962,%,63.9,E,
68,'250,France,6610,Agricultural land,7209,Share in Land area,1963,1963,%,63.74,E,
68,'250,France,6610,Agricultural land,7209,Share in Land area,1964,1964,%,63.29,E,
68,'250,France,6610,Agricultural land,7209,Share in Land area,1965,1965,%,63.09,E,
68,'250,France,6610,Agricultural land,7209,Share in Land area,1966,1966,%,62.8,E,
68,'250,France,6610,Agricultural land,7209,Share in Land area,1967,1967,%,62.4,E,
68,'250,France,6610,Agricultural land,7209,Share in Land area,1968,1968,%,61.56,E,
68,'250,France,6610,Agricultural land,7209,Share in Land area,1969,1969,%,61.55,E,
68,'250,France,6610,Agricultural land,7209,Share in Land area,1970,1970,%,60.29,E,
68,'250,France,6610,Agricultural land,7209,Share in Land area,1971,1971,%,60.53,E,
68,'250,France,6610,Agricultural land,7209,Share in Land area,1972,1972,%,60.33,E,
68,'250,France,6610,Agricultural land,7209,Share in Land area,1973,1973,%,60.23,E,
68,'250,France,6610,Agricultural land,7209,Share in Land area,1974,1974,%,60.19,E,
68,'250,France,6610,Agricultural land,7209,Share in Land area,1975,1975,%,60.04,E,
68,'250,France,6610,Agricultural land,7209,Share in Land area,1976,1976,%,59.41,E,
68,'250,France,6610,Agricultural land,7209,Share in Land area,1977,1977,%,59.21,E,
68,'250,France,6610,Agricultural land,7209,Share in Land area,1978,1978,%,59.3,E,
68,'250,France,6610,Agricultural land,7209,Share in Land area,1979,1979,%,59.07,E,
68,'250,France,6610,Agricultural land,7209,Share in Land area,1980,1980,%,58.86,E,
68,'250,France,6610,Agricultural land,7209,Share in Land area,1981,1981,%,58.79,E,
68,'250,France,6610,Agricultural land,7209,Share in Land area,1982,1982,%,58.72,E,
68,'250,France,6610,Agricultural land,7209,Share in Land area,1983,1983,%,58.57,E,
68,'250,France,6610,Agricultural land,7209,Share in Land area,1984,1984,%,58.46,E,
68,'250,France,6610,Agricultural land,7209,Share in Land area,1985,1985,%,58.34,E,
68,'250,France,6610,Agricultural land,7209,Share in Land area,1986,1986,%,58.25,E,
68,'250,France,6610,Agricultural land,7209,Share in Land area,1987,1987,%,58.17,E,
68,'250,France,6610,Agricultural land,7209,Share in Land area,1988,1988,%,57.2,E,
68,'250,France,6610,Agricultural land,7209,Share in Land area,1989,1989,%,57.04,E,
68,'250,France,6610,Agricultural land,7209,Share in Land area,1990,1990,%,56.76,E,
68,'250,France,6610,Agricultural land,7209,Share in Land area,1991,1991,%,56.56,E,
68,'250,France,6610,Agricultural land,7209,Share in Land area,1992,1992,%,56.38,E,
68,'250,France,6610,Agricultural land,7209,Share in Land area,1993,1993,%,56.2,E,
68,'250,France,6610,Agricultural land,7209,Share in Land area,1994,1994,%,56.04,E,
68,'250,France,6610,Agricultural land,7209,Share in Land area,1995,1995,%,55.94,E,
68,'250,France,6610,Agricultural land,7209,Share in Land area,1996,1996,%,55.84,E,
68,'250,France,6610,Agricultural land,7209,Share in Land area,1997,1997,%,55.74,E,
68,'250,France,6610,Agricultural land,7209,Share in Land area,1998,1998,%,55.63,E,
68,'250,France,6610,Agricultural land,7209,Share in Land area,1999,1999,%,55.53,E,
68,'250,France,6610,Agricultural land,7209,Share in Land area,2000,2000,%,55.31,E,
68,'250,France,6610,Agricultural land,7209,Share in Land area,2001,2001,%,55.13,E,
68,'250,France,6610,Agricultural land,7209,Share in Land area,2002,2002,%,54.94,E,
68,'250,France,6610,Agricultural land,7209,Share in Land area,2003,2003,%,54.8,E,
68,'250,France,6610,Agricultural land,7209,Share in Land area,2004,2004,%,54.66,E,
68,'250,France,6610,Agricultural land,7209,Share in Land area,2005,2005,%,54.53,E,
68,'250,France,6610,Agricultural land,7209,Share in Land area,2006,2006,%,54.39,E,
68,'250,France,6610,Agricultural land,7209,Share in Land area,2007,2007,%,54.19,E,
68,'250,France,6610,Agricultural land,7209,Share in Land area,2008,2008,%,54.01,E,
68,'250,France,6610,Agricultural land,7209,Share in Land area,2009,2009,%,53.85,E,
68,'250,France,6610,Agricultural land,7209,Share in Land area,2010,2010,%,53.67,E,
68,'250,France,6610,Agricultural land,7209,Share in Land area,2011,2011,%,53.58,E,
68,'250,France,6610,Agricultural land,7209,Share in Land area,2012,2012,%,53.52,E,
68,'250,France,6610,Agricultural land,7209,Share in Land area,2013,2013,%,53.39,E,
68,'250,France,6610,Agricultural land,7209,Share in Land area,2014,2014,%,53.38,E,
68,'250,France,6610,Agricultural land,7209,Share in Land area,2015,2015,%,53.3,E,
68,'250,France,6610,Agricultural land,7209,Share in Land area,2016,2016,%,53.29,E,
68,'250,France,6610,Agricultural land,7209,Share in Land area,2017,2017,%,53.25,E,
68,'250,France,6610,Agricultural land,7209,Share in Land area,2018,2018,%,53.18,E,
68,'250,France,6610,Agricultural land,7209,Share in Land area,2019,2019,%,52.92,E,
68,'250,France,6610,Agricultural land,7209,Share in Land area,2020,2020,%,52.73,E,
68,'250,France,6610,Agricultural land,7209,Share in Land area,2021,2021,%,52.74,A,
68,'250,France,6610,Agricultural land,7209,Share in Land area,2022,2022,%,52.67,A,
68,'250,France,6610,Agricultural land,7209,Share in Land area,2023,2023,%,52.5,A,
68,'250,France,6610,Agricultural land,7278,Value of agricultural production (Int. $) per Area,1961,1961,USD_PPP/ha,1179.26,E,
68,'250,France,6610,Agricultural land,7278,Value of agricultural production (Int. $) per Area,1962,1962,USD_PPP/ha,1348.08,E,
68,'250,France,6610,Agricultural land,7278,Value of agricultural production (Int. $) per Area,1963,1963,USD_PPP/ha,1277.79,E,
68,'250,France,6610,Agricultural land,7278,Value of agricultural production (Int. $) per Area,1964,1964,USD_PPP/ha,1283.91,E,
68,'250,France,6610,Agricultural land,7278,Value of agricultural production (Int. $) per Area,1965,1965,USD_PPP/ha,1364.66,E,
68,'250,France,6610,Agricultural land,7278,Value of agricultural production (Int. $) per Area,1966,1966,USD_PPP/ha,1312.66,E,
68,'250,France,6610,Agricultural land,7278,Value of agricultural production (Int. $) per Area,1967,1967,USD_PPP/ha,1407.26,E,
68,'250,France,6610,Agricultural land,7278,Value of agricultural production (Int. $) per Area,1968,1968,USD_PPP/ha,1472.85,E,
68,'250,France,6610,Agricultural land,7278,Value of agricultural production (Int. $) per Area,1969,1969,USD_PPP/ha,1388.28,E,
68,'250,France,6610,Agricultural land,7278,Value of agricultural production (Int. $) per Area,1970,1970,USD_PPP/ha,1514.39,E,
68,'250,France,6610,Agricultural land,7278,Value of agricultural production (Int. $) per Area,1971,1971,USD_PPP/ha,1504.27,E,
68,'250,France,6610,Agricultural land,7278,Value of agricultural production (Int. $) per Area,1972,1972,USD_PPP/ha,1490.06,E,
68,'250,France,6610,Agricultural land,7278,Value of agricultural production (Int. $) per Area,1973,1973,USD_PPP/ha,1637.93,E,
68,'250,France,6610,Agricultural land,7278,Value of agricultural production (Int. $) per Area,1974,1974,USD_PPP/ha,1635.82,E,
68,'250,France,6610,Agricultural land,7278,Value of agricultural production (Int. $) per Area,1975,1975,USD_PPP/ha,1545.65,E,
68,'250,France,6610,Agricultural land,7278,Value of agricultural production (Int. $) per Area,1976,1976,USD_PPP/ha,1567.66,E,
68,'250,France,6610,Agricultural land,7278,Value of agricultural production (Int. $) per Area,1977,1977,USD_PPP/ha,1527.84,E,
68,'250,France,6610,Agricultural land,7278,Value of agricultural production (Int. $) per Area,1978,1978,USD_PPP/ha,1643.68,E,
68,'250,France,6610,Agricultural land,7278,Value of agricultural production (Int. $) per Area,1979,1979,USD_PPP/ha,1787.91,E,
68,'250,France,6610,Agricultural land,7278,Value of agricultural production (Int. $) per Area,1980,1980,USD_PPP/ha,1793.77,E,
68,'250,France,6610,Agricultural land,7278,Value of agricultural production (Int. $) per Area,1981,1981,USD_PPP/ha,1730.9,E,
68,'250,France,6610,Agricultural land,7278,Value of agricultural production (Int. $) per Area,1982,1982,USD_PPP/ha,1858.32,E,
68,'250,France,6610,Agricultural land,7278,Value of agricultural production (Int. $) per Area,1983,1983,USD_PPP/ha,1786.35,E,
68,'250,France,6610,Agricultural land,7278,Value of agricultural production (Int. $) per Area,1984,1984,USD_PPP/ha,1918.18,E,
68,'250,France,6610,Agricultural land,7278,Value of agricultural production (Int. $) per Area,1985,1985,USD_PPP/ha,1892.97,E,
68,'250,France,6610,Agricultural land,7278,Value of agricultural production (Int. $) per Area,1986,1986,USD_PPP/ha,1872.67,E,
68,'250,France,6610,Agricultural land,7278,Value of agricultural production (Int. $) per Area,1987,1987,USD_PPP/ha,1931.22,E,
68,'250,France,6610,Agricultural land,7278,Value of agricultural production (Int. $) per Area,1988,1988,USD_PPP/ha,1916.48,E,
68,'250,France,6610,Agricultural land,7278,Value of agricultural production (Int. $) per Area,1989,1989,USD_PPP/ha,1908.01,E,
68,'250,France,6610,Agricultural land,7278,Value of agricultural production (Int. $) per Area,1990,1990,USD_PPP/ha,1958.96,E,
68,'250,France,6610,Agricultural land,7278,Value of agricultural production (Int. $) per Area,1991,1991,USD_PPP/ha,1904.18,E,
68,'250,France,6610,Agricultural land,7278,Value of agricultural production (Int. $) per Area,1992,1992,USD_PPP/ha,1987.5,E,
68,'250,France,6610,Agricultural land,7278,Value of agricultural production (Int. $) per Area,1993,1993,USD_PPP/ha,1887.84,E,
68,'250,France,6610,Agricultural land,7278,Value of agricultural production (Int. $) per Area,1994,1994,USD_PPP/ha,1916.43,E,
68,'250,France,6610,Agricultural land,7278,Value of agricultural production (Int. $) per Area,1995,1995,USD_PPP/ha,1961.61,E,
68,'250,France,6610,Agricultural land,7278,Value of agricultural production (Int. $) per Area,1996,1996,USD_PPP/ha,2075.69,E,
68,'250,France,6610,Agricultural land,7278,Value of agricultural production (Int. $) per Area,1997,1997,USD_PPP/ha,2095.0,E,
68,'250,France,6610,Agricultural land,7278,Value of agricultural production (Int. $) per Area,1998,1998,USD_PPP/ha,2109.01,E,
68,'250,France,6610,Agricultural land,7278,Value of agricultural production (Int. $) per Area,1999,1999,USD_PPP/ha,2122.22,E,
68,'250,France,6610,Agricultural land,7278,Value of agricultural production (Int. $) per Area,2000,2000,USD_PPP/ha,2047.96,E,
68,'250,France,6610,Agricultural land,7278,Value of agricultural production (Int. $) per Area,2001,2001,USD_PPP/ha,1971.21,E,
68,'250,France,6610,Agricultural land,7278,Value of agricultural production (Int. $) per Area,2002,2002,USD_PPP/ha,2079.11,E,
68,'250,France,6610,Agricultural land,7278,Value of agricultural production (Int. $) per Area,2003,2003,USD_PPP/ha,1914.83,E,
68,'250,France,6610,Agricultural land,7278,Value of agricultural production (Int. $) per Area,2004,2004,USD_PPP/ha,2083.78,E,
68,'250,France,6610,Agricultural land,7278,Value of agricultural production (Int. $) per Area,2005,2005,USD_PPP/ha,2009.9,E,
68,'250,France,6610,Agricultural land,7278,Value of agricultural production (Int. $) per Area,2006,2006,USD_PPP/ha,1930.47,E,
68,'250,France,6610,Agricultural land,7278,Value of agricultural production (Int. $) per Area,2007,2007,USD_PPP/ha,1917.39,E,
68,'250,France,6610,Agricultural land,7278,Value of agricultural production (Int. $) per Area,2008,2008,USD_PPP/ha,2019.29,E,
68,'250,France,6610,Agricultural land,7278,Value of agricultural production (Int. $) per Area,2009,2009,USD_PPP/ha,2050.0,E,
68,'250,France,6610,Agricultural land,7278,Value of agricultural production (Int. $) per Area,2010,2010,USD_PPP/ha,2008.68,E,
68,'250,France,6610,Agricultural land,7278,Value of agricultural production (Int. $) per Area,2011,2011,USD_PPP/ha,2059.02,E,
68,'250,France,6610,Agricultural land,7278,Value of agricultural production (Int. $) per Area,2012,2012,USD_PPP/ha,1998.32,E,
68,'250,France,6610,Agricultural land,7278,Value of agricultural production (Int. $) per Area,2013,2013,USD_PPP/ha,1971.28,E,
68,'250,France,6610,Agricultural land,7278,Value of agricultural production (Int. $) per Area,2014,2014,USD_PPP/ha,2097.92,E,
68,'250,France,6610,Agricultural land,7278,Value of agricultural production (Int. $) per Area,2015,2015,USD_PPP/ha,2095.48,E,
68,'250,France,6610,Agricultural land,7278,Value of agricultural production (Int. $) per Area,2016,2016,USD_PPP/ha,1954.16,E,
68,'250,France,6610,Agricultural land,7278,Value of agricultural production (Int. $) per Area,2017,2017,USD_PPP/ha,2079.12,E,
68,'250,France,6610,Agricultural land,7278,Value of agricultural production (Int. $) per Area,2018,2018,USD_PPP/ha,1996.7,E,
68,'250,France,6610,Agricultural land,7278,Value of agricultural production (Int. $) per Area,2019,2019,USD_PPP/ha,2024.01,E,
68,'250,France,6610,Agricultural land,7278,Value of agricultural production (Int. $) per Area,2020,2020,USD_PPP/ha,1942.53,E,
68,'250,France,6610,Agricultural land,7278,Value of agricultural production (Int. $) per Area,2021,2021,USD_PPP/ha,2005.18,E,
68,'250,France,6610,Agricultural land,7278,Value of agricultural production (Int. $) per Area,2022,2022,USD_PPP/ha,1961.04,E,
68,'250,France,6610,Agricultural land,7278,Value of agricultural production (Int. $) per Area,2023,2023,USD_PPP/ha,1985.47,E,
68,'250,France,6620,Cropland,5110,Area,1961,1961,1000 ha,21405.0,A,
68,'250,France,6620,Cropland,5110,Area,1962,1962,1000 ha,21320.0,I,
68,'250,France,6620,Cropland,5110,Area,1963,1963,1000 ha,21241.0,A,
68,'250,France,6620,Cropland,5110,Area,1964,1964,1000 ha,20828.0,A,
68,'250,France,6620,Cropland,5110,Area,1965,1965,1000 ha,20542.0,A,
68,'250,France,6620,Cropland,5110,Area,1966,1966,1000 ha,20214.0,A,
68,'250,France,6620,Cropland,5110,Area,1967,1967,1000 ha,19816.0,A,
68,'250,France,6620,Cropland,5110,Area,1968,1968,1000 ha,19303.0,A,
68,'250,France,6620,Cropland,5110,Area,1969,1969,1000 ha,19265.0,A,
68,'250,France,6620,Cropland,5110,Area,1970,1970,1000 ha,19101.0,A,
68,'250,France,6620,Cropland,5110,Area,1971,1971,1000 ha,18690.0,A,
68,'250,France,6620,Cropland,5110,Area,1972,1972,1000 ha,18632.0,A,
68,'250,France,6620,Cropland,5110,Area,1973,1973,1000 ha,18701.0,A,
68,'250,France,6620,Cropland,5110,Area,1974,1974,1000 ha,18887.0,A,
68,'250,France,6620,Cropland,5110,Area,1975,1975,1000 ha,18954.0,A,
68,'250,France,6620,Cropland,5110,Area,1976,1976,1000 ha,18737.0,A,
68,'250,France,6620,Cropland,5110,Area,1977,1977,1000 ha,18836.0,A,
68,'250,France,6620,Cropland,5110,Area,1978,1978,1000 ha,18975.0,A,
68,'250,France,6620,Cropland,5110,Area,1979,1979,1000 ha,18922.0,A,
68,'250,France,6620,Cropland,5110,Area,1980,1980,1000 ha,18872.0,A,
68,'250,France,6620,Cropland,5110,Area,1981,1981,1000 ha,18916.0,A,
68,'250,France,6620,Cropland,5110,Area,1982,1982,1000 ha,19023.0,A,
68,'250,France,6620,Cropland,5110,Area,1983,1983,1000 ha,19027.0,A,
68,'250,France,6620,Cropland,5110,Area,1984,1984,1000 ha,19145.0,A,
68,'250,France,6620,Cropland,5110,Area,1985,1985,1000 ha,19242.0,A,
68,'250,France,6620,Cropland,5110,Area,1986,1986,1000 ha,19302.0,A,
68,'250,France,6620,Cropland,5110,Area,1987,1987,1000 ha,19459.0,A,
68,'250,France,6620,Cropland,5110,Area,1988,1988,1000 ha,19051.0,A,
68,'250,France,6620,Cropland,5110,Area,1989,1989,1000 ha,18928.0,A,
68,'250,France,6620,Cropland,5110,Area,1990,1990,1000 ha,18993.5,A,
68,'250,France,6620,Cropland,5110,Area,1991,1991,1000 ha,19037.3,A,
68,'250,France,6620,Cropland,5110,Area,1992,1992,1000 ha,19051.5,A,
68,'250,France,6620,Cropland,5110,Area,1993,1993,1000 ha,19229.6,A,
68,'250,France,6620,Cropland,5110,Area,1994,1994,1000 ha,19284.3,A,
68,'250,France,6620,Cropland,5110,Area,1995,1995,1000 ha,19347.8,A,
68,'250,France,6620,Cropland,5110,Area,1996,1996,1000 ha,19367.9,A,
68,'250,France,6620,Cropland,5110,Area,1997,1997,1000 ha,19420.9,A,
68,'250,France,6620,Cropland,5110,Area,1998,1998,1000 ha,19462.0,A,
68,'250,France,6620,Cropland,5110,Area,1999,1999,1000 ha,19497.0,A,
68,'250,France,6620,Cropland,5110,Area,2000,2000,1000 ha,19495.1,A,
68,'250,France,6620,Cropland,5110,Area,2001,2001,1000 ha,19480.6,A,
68,'250,France,6620,Cropland,5110,Area,2002,2002,1000 ha,19499.8,A,
68,'250,France,6620,Cropland,5110,Area,2003,2003,1000 ha,19470.8,A,
68,'250,France,6620,Cropland,5110,Area,2004,2004,1000 ha,19478.8,A,
68,'250,France,6620,Cropland,5110,Area,2005,2005,1000 ha,19488.2,A,
68,'250,France,6620,Cropland,5110,Area,2006,2006,1000 ha,19435.6,A,
68,'250,France,6620,Cropland,5110,Area,2007,2007,1000 ha,19358.3,A,
68,'250,France,6620,Cropland,5110,Area,2008,2008,1000 ha,19320.0,A,
68,'250,France,6620,Cropland,5110,Area,2009,2009,1000 ha,19283.4,A,
68,'250,France,6620,Cropland,5110,Area,2010,2010,1000 ha,19311.8,A,
68,'250,France,6620,Cropland,5110,Area,2011,2011,1000 ha,19281.6,A,
68,'250,France,6620,Cropland,5110,Area,2012,2012,1000 ha,19285.5,A,
68,'250,France,6620,Cropland,5110,Area,2013,2013,1000 ha,19302.2,A,
68,'250,France,6620,Cropland,5110,Area,2014,2014,1000 ha,19328.3,A,
68,'250,France,6620,Cropland,5110,Area,2015,2015,1000 ha,19465.0,A,
68,'250,France,6620,Cropland,5110,Area,2016,2016,1000 ha,19348.036,A,
68,'250,France,6620,Cropland,5110,Area,2017,2017,1000 ha,19463.775,I,
68,'250,France,6620,Cropland,5110,Area,2018,2018,1000 ha,19132.2,I,
68,'250,France,6620,Cropland,5110,Area,2019,2019,1000 ha,18973.0991,I,
68,'250,France,6620,Cropland,5110,Area,2020,2020,1000 ha,18021.58,B,
68,'250,France,6620,Cropland,5110,Area,2021,2021,1000 ha,18040.9049,A,
68,'250,France,6620,Cropland,5110,Area,2022,2022,1000 ha,18022.2696,A,
68,'250,France,6620,Cropland,5110,Area,2023,2023,1000 ha,17926.778,A,
68,'250,France,6620,Cropland,7208,Share in Agricultural land,1961,1961,%,61.97,A,
68,'250,France,6620,Cropland,7208,Share in Agricultural land,1962,1962,%,61.9,E,
68,'250,France,6620,Cropland,7208,Share in Agricultural land,1963,1963,%,61.83,A,
68,'250,France,6620,Cropland,7208,Share in Agricultural land,1964,1964,%,61.06,A,
68,'250,France,6620,Cropland,7208,Share in Agricultural land,1965,1965,%,60.42,A,
68,'250,France,6620,Cropland,7208,Share in Agricultural land,1966,1966,%,59.72,A,
68,'250,France,6620,Cropland,7208,Share in Agricultural land,1967,1967,%,58.93,A,
68,'250,France,6620,Cropland,7208,Share in Agricultural land,1968,1968,%,58.18,A,
68,'250,France,6620,Cropland,7208,Share in Agricultural land,1969,1969,%,58.07,A,
68,'250,France,6620,Cropland,7208,Share in Agricultural land,1970,1970,%,58.78,A,
68,'250,France,6620,Cropland,7208,Share in Agricultural land,1971,1971,%,57.29,A,
68,'250,France,6620,Cropland,7208,Share in Agricultural land,1972,1972,%,57.3,A,
68,'250,France,6620,Cropland,7208,Share in Agricultural land,1973,1973,%,57.61,A,
68,'250,France,6620,Cropland,7208,Share in Agricultural land,1974,1974,%,58.22,A,
68,'250,France,6620,Cropland,7208,Share in Agricultural land,1975,1975,%,58.58,A,
68,'250,France,6620,Cropland,7208,Share in Agricultural land,1976,1976,%,58.51,A,
68,'250,France,6620,Cropland,7208,Share in Agricultural land,1977,1977,%,59.03,A,
68,'250,France,6620,Cropland,7208,Share in Agricultural land,1978,1978,%,59.37,A,
68,'250,France,6620,Cropland,7208,Share in Agricultural land,1979,1979,%,59.44,A,
68,'250,France,6620,Cropland,7208,Share in Agricultural land,1980,1980,%,59.49,A,
68,'250,France,6620,Cropland,7208,Share in Agricultural land,1981,1981,%,59.7,A,
68,'250,France,6620,Cropland,7208,Share in Agricultural land,1982,1982,%,60.11,A,
68,'250,France,6620,Cropland,7208,Share in Agricultural land,1983,1983,%,60.28,A,
68,'250,France,6620,Cropland,7208,Share in Agricultural land,1984,1984,%,60.76,A,
68,'250,France,6620,Cropland,7208,Share in Agricultural land,1985,1985,%,61.2,A,
68,'250,France,6620,Cropland,7208,Share in Agricultural land,1986,1986,%,61.48,A,
68,'250,France,6620,Cropland,7208,Share in Agricultural land,1987,1987,%,62.06,A,
68,'250,France,6620,Cropland,7208,Share in Agricultural land,1988,1988,%,61.79,A,
68,'250,France,6620,Cropland,7208,Share in Agricultural land,1989,1989,%,61.57,A,
68,'250,France,6620,Cropland,7208,Share in Agricultural land,1990,1990,%,62.08,A,
68,'250,France,6620,Cropland,7208,Share in Agricultural land,1991,1991,%,62.45,A,
68,'250,France,6620,Cropland,7208,Share in Agricultural land,1992,1992,%,62.7,A,
68,'250,France,6620,Cropland,7208,Share in Agricultural land,1993,1993,%,63.48,A,
68,'250,France,6620,Cropland,7208,Share in Agricultural land,1994,1994,%,63.84,A,
68,'250,France,6620,Cropland,7208,Share in Agricultural land,1995,1995,%,64.17,A,
68,'250,France,6620,Cropland,7208,Share in Agricultural land,1996,1996,%,64.35,A,
68,'250,France,6620,Cropland,7208,Share in Agricultural land,1997,1997,%,64.65,A,
68,'250,France,6620,Cropland,7208,Share in Agricultural land,1998,1998,%,64.92,A,
68,'250,France,6620,Cropland,7208,Share in Agricultural land,1999,1999,%,65.14,A,
68,'250,France,6620,Cropland,7208,Share in Agricultural land,2000,2000,%,65.4,A,
68,'250,France,6620,Cropland,7208,Share in Agricultural land,2001,2001,%,65.56,A,
68,'250,France,6620,Cropland,7208,Share in Agricultural land,2002,2002,%,65.85,A,
68,'250,France,6620,Cropland,7208,Share in Agricultural land,2003,2003,%,65.93,A,
68,'250,France,6620,Cropland,7208,Share in Agricultural land,2004,2004,%,66.12,A,
68,'250,France,6620,Cropland,7208,Share in Agricultural land,2005,2005,%,66.31,A,
68,'250,France,6620,Cropland,7208,Share in Agricultural land,2006,2006,%,66.3,A,
68,'250,France,6620,Cropland,7208,Share in Agricultural land,2007,2007,%,66.28,A,
68,'250,France,6620,Cropland,7208,Share in Agricultural land,2008,2008,%,66.37,A,
68,'250,France,6620,Cropland,7208,Share in Agricultural land,2009,2009,%,66.45,A,
68,'250,France,6620,Cropland,7208,Share in Agricultural land,2010,2010,%,66.76,A,
68,'250,France,6620,Cropland,7208,Share in Agricultural land,2011,2011,%,66.77,A,
68,'250,France,6620,Cropland,7208,Share in Agricultural land,2012,2012,%,66.86,A,
68,'250,France,6620,Cropland,7208,Share in Agricultural land,2013,2013,%,67.08,A,
68,'250,France,6620,Cropland,7208,Share in Agricultural land,2014,2014,%,67.19,A,
68,'250,France,6620,Cropland,7208,Share in Agricultural land,2015,2015,%,67.76,A,
68,'250,France,6620,Cropland,7208,Share in Agricultural land,2016,2016,%,67.37,A,
68,'250,France,6620,Cropland,7208,Share in Agricultural land,2017,2017,%,67.82,E,
68,'250,France,6620,Cropland,7208,Share in Agricultural land,2018,2018,%,66.76,E,
68,'250,France,6620,Cropland,7208,Share in Agricultural land,2019,2019,%,66.53,E,
68,'250,France,6620,Cropland,7208,Share in Agricultural land,2020,2020,%,63.41,E,
68,'250,France,6620,Cropland,7208,Share in Agricultural land,2021,2021,%,63.47,A,
68,'250,France,6620,Cropland,7208,Share in Agricultural land,2022,2022,%,63.48,A,
68,'250,France,6620,Cropland,7208,Share in Agricultural land,2023,2023,%,63.35,A,
68,'250,France,6620,Cropland,7209,Share in Land area,1961,1961,%,39.72,E,
68,'250,France,6620,Cropland,7209,Share in Land area,1962,1962,%,39.56,E,
68,'250,France,6620,Cropland,7209,Share in Land area,1963,1963,%,39.41,E,
68,'250,France,6620,Cropland,7209,Share in Land area,1964,1964,%,38.65,E,
68,'250,France,6620,Cropland,7209,Share in Land area,1965,1965,%,38.11,E,
68,'250,France,6620,Cropland,7209,Share in Land area,1966,1966,%,37.51,E,
68,'250,France,6620,Cropland,7209,Share in Land area,1967,1967,%,36.77,E,
68,'250,France,6620,Cropland,7209,Share in Land area,1968,1968,%,35.82,E,
68,'250,France,6620,Cropland,7209,Share in Land area,1969,1969,%,35.75,E,
68,'250,France,6620,Cropland,7209,Share in Land area,1970,1970,%,35.44,E,
68,'250,France,6620,Cropland,7209,Share in Land area,1971,1971,%,34.68,E,
68,'250,France,6620,Cropland,7209,Share in Land area,1972,1972,%,34.57,E,
68,'250,France,6620,Cropland,7209,Share in Land area,1973,1973,%,34.7,E,
68,'250,France,6620,Cropland,7209,Share in Land area,1974,1974,%,35.04,E,
68,'250,France,6620,Cropland,7209,Share in Land area,1975,1975,%,35.17,E,
68,'250,France,6620,Cropland,7209,Share in Land area,1976,1976,%,34.77,E,
68,'250,France,6620,Cropland,7209,Share in Land area,1977,1977,%,34.95,E,
68,'250,France,6620,Cropland,7209,Share in Land area,1978,1978,%,35.21,E,
68,'250,France,6620,Cropland,7209,Share in Land area,1979,1979,%,35.11,E,
68,'250,France,6620,Cropland,7209,Share in Land area,1980,1980,%,35.02,E,
68,'250,France,6620,Cropland,7209,Share in Land area,1981,1981,%,35.1,E,
68,'250,France,6620,Cropland,7209,Share in Land area,1982,1982,%,35.3,E,
68,'250,France,6620,Cropland,7209,Share in Land area,1983,1983,%,35.3,E,
68,'250,France,6620,Cropland,7209,Share in Land area,1984,1984,%,35.52,E,
68,'250,France,6620,Cropland,7209,Share in Land area,1985,1985,%,35.7,E,
68,'250,France,6620,Cropland,7209,Share in Land area,1986,1986,%,35.81,E,
68,'250,France,6620,Cropland,7209,Share in Land area,1987,1987,%,36.11,E,
68,'250,France,6620,Cropland,7209,Share in Land area,1988,1988,%,35.35,E,
68,'250,France,6620,Cropland,7209,Share in Land area,1989,1989,%,35.12,E,
68,'250,France,6620,Cropland,7209,Share in Land area,1990,1990,%,35.24,E,
68,'250,France,6620,Cropland,7209,Share in Land area,1991,1991,%,35.32,E,
68,'250,France,6620,Cropland,7209,Share in Land area,1992,1992,%,35.35,E,
68,'250,France,6620,Cropland,7209,Share in Land area,1993,1993,%,35.68,E,
68,'250,France,6620,Cropland,7209,Share in Land area,1994,1994,%,35.78,E,
68,'250,France,6620,Cropland,7209,Share in Land area,1995,1995,%,35.9,E,
68,'250,France,6620,Cropland,7209,Share in Land area,1996,1996,%,35.94,E,
68,'250,France,6620,Cropland,7209,Share in Land area,1997,1997,%,36.03,E,
68,'250,France,6620,Cropland,7209,Share in Land area,1998,1998,%,36.11,E,
68,'250,France,6620,Cropland,7209,Share in Land area,1999,1999,%,36.18,E,
68,'250,France,6620,Cropland,7209,Share in Land area,2000,2000,%,36.17,E,
68,'250,France,6620,Cropland,7209,Share in Land area,2001,2001,%,36.15,E,
68,'250,France,6620,Cropland,7209,Share in Land area,2002,2002,%,36.18,E,
68,'250,France,6620,Cropland,7209,Share in Land area,2003,2003,%,36.13,E,
68,'250,France,6620,Cropland,7209,Share in Land area,2004,2004,%,36.14,E,
68,'250,France,6620,Cropland,7209,Share in Land area,2005,2005,%,36.16,E,
68,'250,France,6620,Cropland,7209,Share in Land area,2006,2006,%,36.06,E,
68,'250,France,6620,Cropland,7209,Share in Land area,2007,2007,%,35.92,E,
68,'250,France,6620,Cropland,7209,Share in Land area,2008,2008,%,35.85,E,
68,'250,France,6620,Cropland,7209,Share in Land area,2009,2009,%,35.78,E,
68,'250,France,6620,Cropland,7209,Share in Land area,2010,2010,%,35.83,E,
68,'250,France,6620,Cropland,7209,Share in Land area,2011,2011,%,35.78,E,
68,'250,France,6620,Cropland,7209,Share in Land area,2012,2012,%,35.78,E,
68,'250,France,6620,Cropland,7209,Share in Land area,2013,2013,%,35.81,E,
68,'250,France,6620,Cropland,7209,Share in Land area,2014,2014,%,35.86,E,
68,'250,France,6620,Cropland,7209,Share in Land area,2015,2015,%,36.12,E,
68,'250,France,6620,Cropland,7209,Share in Land area,2016,2016,%,35.9,E,
68,'250,France,6620,Cropland,7209,Share in Land area,2017,2017,%,36.11,E,
68,'250,France,6620,Cropland,7209,Share in Land area,2018,2018,%,35.5,E,
68,'250,France,6620,Cropland,7209,Share in Land area,2019,2019,%,35.2,E,
68,'250,France,6620,Cropland,7209,Share in Land area,2020,2020,%,33.44,E,
68,'250,France,6620,Cropland,7209,Share in Land area,2021,2021,%,33.47,A,
68,'250,France,6620,Cropland,7209,Share in Land area,2022,2022,%,33.44,A,
68,'250,France,6620,Cropland,7209,Share in Land area,2023,2023,%,33.26,A,
68,'250,France,6620,Cropland,7277,Area per capita,1961,1961,ha/cap,0.4565,E,
68,'250,France,6620,Cropland,7277,Area per capita,1962,1962,ha/cap,0.4502,E,
68,'250,France,6620,Cropland,7277,Area per capita,1963,1963,ha/cap,0.4442,E,
68,'250,France,6620,Cropland,7277,Area per capita,1964,1964,ha/cap,0.4311,E,
68,'250,France,6620,Cropland,7277,Area per capita,1965,1965,ha/cap,0.4212,E,
68,'250,France,6620,Cropland,7277,Area per capita,1966,1966,ha/cap,0.411,E,
68,'250,France,6620,Cropland,7277,Area per capita,1967,1967,ha/cap,0.3997,E,
68,'250,France,6620,Cropland,7277,Area per capita,1968,1968,ha/cap,0.3865,E,
68,'250,France,6620,Cropland,7277,Area per capita,1969,1969,ha/cap,0.3826,E,
68,'250,France,6620,Cropland,7277,Area per capita,1970,1970,ha/cap,0.3759,E,
68,'250,France,6620,Cropland,7277,Area per capita,1971,1971,ha/cap,0.3644,E,
68,'250,France,6620,Cropland,7277,Area per capita,1972,1972,ha/cap,0.3601,E,
68,'250,France,6620,Cropland,7277,Area per capita,1973,1973,ha/cap,0.3585,E,
68,'250,France,6620,Cropland,7277,Area per capita,1974,1974,ha/cap,0.3597,E,
68,'250,France,6620,Cropland,7277,Area per capita,1975,1975,ha/cap,0.3593,E,
68,'250,France,6620,Cropland,7277,Area per capita,1976,1976,ha/cap,0.3538,E,
68,'250,France,6620,Cropland,7277,Area per capita,1977,1977,ha/cap,0.3541,E,
68,'250,France,6620,Cropland,7277,Area per capita,1978,1978,ha/cap,0.3551,E,
68,'250,France,6620,Cropland,7277,Area per capita,1979,1979,ha/cap,0.3526,E,
68,'250,France,6620,Cropland,7277,Area per capita,1980,1980,ha/cap,0.3499,E,
68,'250,France,6620,Cropland,7277,Area per capita,1981,1981,ha/cap,0.3486,E,
68,'250,France,6620,Cropland,7277,Area per capita,1982,1982,ha/cap,0.3485,E,
68,'250,France,6620,Cropland,7277,Area per capita,1983,1983,ha/cap,0.3466,E,
68,'250,France,6620,Cropland,7277,Area per capita,1984,1984,ha/cap,0.347,E,
68,'250,France,6620,Cropland,7277,Area per capita,1985,1985,ha/cap,0.3469,E,
68,'250,France,6620,Cropland,7277,Area per capita,1986,1986,ha/cap,0.3462,E,
68,'250,France,6620,Cropland,7277,Area per capita,1987,1987,ha/cap,0.3472,E,
68,'250,France,6620,Cropland,7277,Area per capita,1988,1988,ha/cap,0.338,E,
68,'250,France,6620,Cropland,7277,Area per capita,1989,1989,ha/cap,0.3339,E,
68,'250,France,6620,Cropland,7277,Area per capita,1990,1990,ha/cap,0.3333,E,
68,'250,France,6620,Cropland,7277,Area per capita,1991,1991,ha/cap,0.3324,E,
68,'250,France,6620,Cropland,7277,Area per capita,1992,1992,ha/cap,0.331,E,
68,'250,France,6620,Cropland,7277,Area per capita,1993,1993,ha/cap,0.3327,E,
68,'250,France,6620,Cropland,7277,Area per capita,1994,1994,ha/cap,0.3325,E,
68,'250,France,6620,Cropland,7277,Area per capita,1995,1995,ha/cap,0.3325,E,
68,'250,France,6620,Cropland,7277,Area per capita,1996,1996,ha/cap,0.3318,E,
68,'250,France,6620,Cropland,7277,Area per capita,1997,1997,ha/cap,0.3316,E,
68,'250,France,6620,Cropland,7277,Area per capita,1998,1998,ha/cap,0.3311,E,
68,'250,France,6620,Cropland,7277,Area per capita,1999,1999,ha/cap,0.33,E,
68,'250,France,6620,Cropland,7277,Area per capita,2000,2000,ha/cap,0.3277,E,
68,'250,France,6620,Cropland,7277,Area per capita,2001,2001,ha/cap,0.3252,E,
68,'250,France,6620,Cropland,7277,Area per capita,2002,2002,ha/cap,0.3232,E,
68,'250,France,6620,Cropland,7277,Area per capita,2003,2003,ha/cap,0.3206,E,
68,'250,France,6620,Cropland,7277,Area per capita,2004,2004,ha/cap,0.3184,E,
68,'250,France,6620,Cropland,7277,Area per capita,2005,2005,ha/cap,0.3162,E,
68,'250,France,6620,Cropland,7277,Area per capita,2006,2006,ha/cap,0.3132,E,
68,'250,France,6620,Cropland,7277,Area per capita,2007,2007,ha/cap,0.3101,E,
68,'250,France,6620,Cropland,7277,Area per capita,2008,2008,ha/cap,0.3077,E,
68,'250,France,6620,Cropland,7277,Area per capita,2009,2009,ha/cap,0.3056,E,
68,'250,France,6620,Cropland,7277,Area per capita,2010,2010,ha/cap,0.3045,E,
68,'250,France,6620,Cropland,7277,Area per capita,2011,2011,ha/cap,0.3025,E,
68,'250,France,6620,Cropland,7277,Area per capita,2012,2012,ha/cap,0.3011,E,
68,'250,France,6620,Cropland,7277,Area per capita,2013,2013,ha/cap,0.2998,E,
68,'250,France,6620,Cropland,7277,Area per capita,2014,2014,ha/cap,0.2988,E,
68,'250,France,6620,Cropland,7277,Area per capita,2015,2015,ha/cap,0.2998,E,
68,'250,France,6620,Cropland,7277,Area per capita,2016,2016,ha/cap,0.2973,E,
68,'250,France,6620,Cropland,7277,Area per capita,2017,2017,ha/cap,0.2981,E,
68,'250,France,6620,Cropland,7277,Area per capita,2018,2018,ha/cap,0.292,E,
68,'250,France,6620,Cropland,7277,Area per capita,2019,2019,ha/cap,0.2887,E,
68,'250,France,6620,Cropland,7277,Area per capita,2020,2020,ha/cap,0.2734,E,
68,'250,France,6620,Cropland,7277,Area per capita,2021,2021,ha/cap,0.273,E,
68,'250,France,6620,Cropland,7277,Area per capita,2022,2022,ha/cap,0.2719,E,
68,'250,France,6620,Cropland,7277,Area per capita,2023,2023,ha/cap,0.2698,E,
68,'250,France,6621,Arable land,5110,Area,1961,1961,1000 ha,19606.0,A,
68,'250,France,6621,Arable land,5110,Area,1962,1962,1000 ha,19530.0,I,
68,'250,France,6621,Arable land,5110,Area,1963,1963,1000 ha,19455.0,A,
68,'250,France,6621,Arable land,5110,Area,1964,1964,1000 ha,19078.0,A,
68,'250,France,6621,Arable land,5110,Area,1965,1965,1000 ha,18796.0,A,
68,'250,France,6621,Arable land,5110,Area,1966,1966,1000 ha,18463.0,A,
68,'250,France,6621,Arable land,5110,Area,1967,1967,1000 ha,18076.0,A,
68,'250,France,6621,Arable land,5110,Area,1968,1968,1000 ha,17579.0,A,
68,'250,France,6621,Arable land,5110,Area,1969,1969,1000 ha,17565.0,A,
68,'250,France,6621,Arable land,5110,Area,1970,1970,1000 ha,17417.0,A,
68,'250,France,6621,Arable land,5110,Area,1971,1971,1000 ha,17056.0,A,
68,'250,France,6621,Arable land,5110,Area,1972,1972,1000 ha,17027.0,A,
68,'250,France,6621,Arable land,5110,Area,1973,1973,1000 ha,17096.0,A,
68,'250,France,6621,Arable land,5110,Area,1974,1974,1000 ha,17278.0,A,
68,'250,France,6621,Arable land,5110,Area,1975,1975,1000 ha,17333.0,A,
68,'250,France,6621,Arable land,5110,Area,1976,1976,1000 ha,17131.0,A,
68,'250,France,6621,Arable land,5110,Area,1977,1977,1000 ha,17265.0,A,
68,'250,France,6621,Arable land,5110,Area,1978,1978,1000 ha,17353.0,A,
68,'250,France,6621,Arable land,5110,Area,1979,1979,1000 ha,17401.0,A,
68,'250,France,6621,Arable land,5110,Area,1980,1980,1000 ha,17472.0,A,
68,'250,France,6621,Arable land,5110,Area,1981,1981,1000 ha,17526.0,A,
68,'250,France,6621,Arable land,5110,Area,1982,1982,1000 ha,17651.0,A,
68,'250,France,6621,Arable land,5110,Area,1983,1983,1000 ha,17669.0,A,
68,'250,France,6621,Arable land,5110,Area,1984,1984,1000 ha,17809.0,A,
68,'250,France,6621,Arable land,5110,Area,1985,1985,1000 ha,17923.0,A,
68,'250,France,6621,Arable land,5110,Area,1986,1986,1000 ha,17998.0,A,
68,'250,France,6621,Arable land,5110,Area,1987,1987,1000 ha,18167.0,A,
68,'250,France,6621,Arable land,5110,Area,1988,1988,1000 ha,17813.0,A,
68,'250,France,6621,Arable land,5110,Area,1989,1989,1000 ha,17709.9,A,
68,'250,France,6621,Arable land,5110,Area,1990,1990,1000 ha,17784.8,A,
68,'250,France,6621,Arable land,5110,Area,1991,1991,1000 ha,17831.3,A,
68,'250,France,6621,Arable land,5110,Area,1992,1992,1000 ha,17846.9,A,
68,'250,France,6621,Arable land,5110,Area,1993,1993,1000 ha,18033.8,A,
68,'250,France,6621,Arable land,5110,Area,1994,1994,1000 ha,18096.2,A,
68,'250,France,6621,Arable land,5110,Area,1995,1995,1000 ha,18173.1,A,
68,'250,France,6621,Arable land,5110,Area,1996,1996,1000 ha,18205.0,A,
68,'250,France,6621,Arable land,5110,Area,1997,1997,1000 ha,18270.1,A,
68,'250,France,6621,Arable land,5110,Area,1998,1998,1000 ha,18318.0,A,
68,'250,France,6621,Arable land,5110,Area,1999,1999,1000 ha,18353.1,A,
68,'250,France,6621,Arable land,5110,Area,2000,2000,1000 ha,18354.4,A,
68,'250,France,6621,Arable land,5110,Area,2001,2001,1000 ha,18345.9,A,
68,'250,France,6621,Arable land,5110,Area,2002,2002,1000 ha,18371.5,A,
68,'250,France,6621,Arable land,5110,Area,2003,2003,1000 ha,18354.8,A,
68,'250,France,6621,Arable land,5110,Area,2004,2004,1000 ha,18368.0,A,
68,'250,France,6621,Arable land,5110,Area,2005,2005,1000 ha,18377.6,A,
68,'250,France,6621,Arable land,5110,Area,2006,2006,1000 ha,18339.0,A,
68,'250,France,6621,Arable land,5110,Area,2007,2007,1000 ha,18286.2,A,
68,'250,France,6621,Arable land,5110,Area,2008,2008,1000 ha,18268.7,A,
68,'250,France,6621,Arable land,5110,Area,2009,2009,1000 ha,18256.2,A,
68,'250,France,6621,Arable land,5110,Area,2010,2010,1000 ha,18300.7,A,
68,'250,France,6621,Arable land,5110,Area,2011,2011,1000 ha,18274.4,A,
68,'250,France,6621,Arable land,5110,Area,2012,2012,1000 ha,18281.7,A,
68,'250,France,6621,Arable land,5110,Area,2013,2013,1000 ha,18305.7,A,
68,'250,France,6621,Arable land,5110,Area,2014,2014,1000 ha,18333.1,A,
68,'250,France,6621,Arable land,5110,Area,2015,2015,1000 ha,18478.7,A,
68,'250,France,6621,Arable land,5110,Area,2016,2016,1000 ha,18355.916,A,
68,'250,France,6621,Arable land,5110,Area,2017,2017,1000 ha,18464.367,I,
68,'250,France,6621,Arable land,5110,Area,2018,2018,1000 ha,18126.4,I,
68,'250,France,6621,Arable land,5110,Area,2019,2019,1000 ha,17942.7855,A,
68,'250,France,6621,Arable land,5110,Area,2020,2020,1000 ha,16984.666,B,
68,'250,France,6621,Arable land,5110,Area,2021,2021,1000 ha,17010.435,A,
68,'250,France,6621,Arable land,5110,Area,2022,2022,1000 ha,16990.355,A,
68,'250,France,6621,Arable land,5110,Area,2023,2023,1000 ha,16899.246,A,
68,'250,France,6621,Arable land,7208,Share in Agricultural land,1961,1961,%,56.76,A,
68,'250,France,6621,Arable land,7208,Share in Agricultural land,1962,1962,%,56.71,E,
68,'250,France,6621,Arable land,7208,Share in Agricultural land,1963,1963,%,56.63,A,
68,'250,France,6621,Arable land,7208,Share in Agricultural land,1964,1964,%,55.93,A,
68,'250,France,6621,Arable land,7208,Share in Agricultural land,1965,1965,%,55.28,A,
68,'250,France,6621,Arable land,7208,Share in Agricultural land,1966,1966,%,54.55,A,
68,'250,France,6621,Arable land,7208,Share in Agricultural land,1967,1967,%,53.75,A,
68,'250,France,6621,Arable land,7208,Share in Agricultural land,1968,1968,%,52.98,A,
68,'250,France,6621,Arable land,7208,Share in Agricultural land,1969,1969,%,52.95,A,
68,'250,France,6621,Arable land,7208,Share in Agricultural land,1970,1970,%,53.6,A,
68,'250,France,6621,Arable land,7208,Share in Agricultural land,1971,1971,%,52.28,A,
68,'250,France,6621,Arable land,7208,Share in Agricultural land,1972,1972,%,52.37,A,
68,'250,France,6621,Arable land,7208,Share in Agricultural land,1973,1973,%,52.67,A,
68,'250,France,6621,Arable land,7208,Share in Agricultural land,1974,1974,%,53.26,A,
68,'250,France,6621,Arable land,7208,Share in Agricultural land,1975,1975,%,53.57,A,
68,'250,France,6621,Arable land,7208,Share in Agricultural land,1976,1976,%,53.5,A,
68,'250,France,6621,Arable land,7208,Share in Agricultural land,1977,1977,%,54.11,A,
68,'250,France,6621,Arable land,7208,Share in Agricultural land,1978,1978,%,54.29,A,
68,'250,France,6621,Arable land,7208,Share in Agricultural land,1979,1979,%,54.66,A,
68,'250,France,6621,Arable land,7208,Share in Agricultural land,1980,1980,%,55.08,A,
68,'250,France,6621,Arable land,7208,Share in Agricultural land,1981,1981,%,55.31,A,
68,'250,France,6621,Arable land,7208,Share in Agricultural land,1982,1982,%,55.78,A,
68,'250,France,6621,Arable land,7208,Share in Agricultural land,1983,1983,%,55.98,A,
68,'250,France,6621,Arable land,7208,Share in Agricultural land,1984,1984,%,56.52,A,
68,'250,France,6621,Arable land,7208,Share in Agricultural land,1985,1985,%,57.0,A,
68,'250,France,6621,Arable land,7208,Share in Agricultural land,1986,1986,%,57.33,A,
68,'250,France,6621,Arable land,7208,Share in Agricultural land,1987,1987,%,57.94,A,
68,'250,France,6621,Arable land,7208,Share in Agricultural land,1988,1988,%,57.78,A,
68,'250,France,6621,Arable land,7208,Share in Agricultural land,1989,1989,%,57.61,A,
68,'250,France,6621,Arable land,7208,Share in Agricultural land,1990,1990,%,58.13,A,
68,'250,France,6621,Arable land,7208,Share in Agricultural land,1991,1991,%,58.49,A,
68,'250,France,6621,Arable land,7208,Share in Agricultural land,1992,1992,%,58.74,A,
68,'250,France,6621,Arable land,7208,Share in Agricultural land,1993,1993,%,59.53,A,
68,'250,France,6621,Arable land,7208,Share in Agricultural land,1994,1994,%,59.91,A,
68,'250,France,6621,Arable land,7208,Share in Agricultural land,1995,1995,%,60.28,A,
68,'250,France,6621,Arable land,7208,Share in Agricultural land,1996,1996,%,60.49,A,
68,'250,France,6621,Arable land,7208,Share in Agricultural land,1997,1997,%,60.82,A,
68,'250,France,6621,Arable land,7208,Share in Agricultural land,1998,1998,%,61.1,A,
68,'250,France,6621,Arable land,7208,Share in Agricultural land,1999,1999,%,61.32,A,
68,'250,France,6621,Arable land,7208,Share in Agricultural land,2000,2000,%,61.58,A,
68,'250,France,6621,Arable land,7208,Share in Agricultural land,2001,2001,%,61.74,A,
68,'250,France,6621,Arable land,7208,Share in Agricultural land,2002,2002,%,62.04,A,
68,'250,France,6621,Arable land,7208,Share in Agricultural land,2003,2003,%,62.15,A,
68,'250,France,6621,Arable land,7208,Share in Agricultural land,2004,2004,%,62.35,A,
68,'250,France,6621,Arable land,7208,Share in Agricultural land,2005,2005,%,62.53,A,
68,'250,France,6621,Arable land,7208,Share in Agricultural land,2006,2006,%,62.56,A,
68,'250,France,6621,Arable land,7208,Share in Agricultural land,2007,2007,%,62.61,A,
68,'250,France,6621,Arable land,7208,Share in Agricultural land,2008,2008,%,62.76,A,
68,'250,France,6621,Arable land,7208,Share in Agricultural land,2009,2009,%,62.91,A,
68,'250,France,6621,Arable land,7208,Share in Agricultural land,2010,2010,%,63.27,A,
68,'250,France,6621,Arable land,7208,Share in Agricultural land,2011,2011,%,63.28,A,
68,'250,France,6621,Arable land,7208,Share in Agricultural land,2012,2012,%,63.38,A,
68,'250,France,6621,Arable land,7208,Share in Agricultural land,2013,2013,%,63.62,A,
68,'250,France,6621,Arable land,7208,Share in Agricultural land,2014,2014,%,63.73,A,
68,'250,France,6621,Arable land,7208,Share in Agricultural land,2015,2015,%,64.33,A,
68,'250,France,6621,Arable land,7208,Share in Agricultural land,2016,2016,%,63.92,A,
68,'250,France,6621,Arable land,7208,Share in Agricultural land,2017,2017,%,64.34,E,
68,'250,France,6621,Arable land,7208,Share in Agricultural land,2018,2018,%,63.25,E,
68,'250,France,6621,Arable land,7208,Share in Agricultural land,2019,2019,%,62.92,E,
68,'250,France,6621,Arable land,7208,Share in Agricultural land,2020,2020,%,59.77,E,
68,'250,France,6621,Arable land,7208,Share in Agricultural land,2021,2021,%,59.84,A,
68,'250,France,6621,Arable land,7208,Share in Agricultural land,2022,2022,%,59.85,A,
68,'250,France,6621,Arable land,7208,Share in Agricultural land,2023,2023,%,59.72,A,
68,'250,France,6630,Temporary crops,5110,Area,2001,2001,1000 ha,13937.6,A,
68,'250,France,6630,Temporary crops,5110,Area,2002,2002,1000 ha,14002.2,A,
68,'250,France,6630,Temporary crops,5110,Area,2003,2003,1000 ha,13908.4,A,
68,'250,France,6630,Temporary crops,5110,Area,2004,2004,1000 ha,14062.5,A,
68,'250,France,6630,Temporary crops,5110,Area,2005,2005,1000 ha,13949.0,A,
68,'250,France,6630,Temporary crops,5110,Area,2006,2006,1000 ha,13876.1,A,
68,'250,France,6630,Temporary crops,5110,Area,2007,2007,1000 ha,13832.8,A,
68,'250,France,6630,Temporary crops,5110,Area,2008,2008,1000 ha,14236.1,A,
68,'250,France,6630,Temporary crops,5110,Area,2009,2009,1000 ha,14281.3,A,
68,'250,France,6630,Temporary crops,5110,Area,2010,2010,1000 ha,14240.3,A,
68,'250,France,6630,Temporary crops,5110,Area,2011,2011,1000 ha,14272.3,A,
68,'250,France,6630,Temporary crops,5110,Area,2012,2012,1000 ha,14348.3,A,
68,'250,France,6630,Temporary crops,5110,Area,2013,2013,1000 ha,14447.6,A,
68,'250,France,6630,Temporary crops,5110,Area,2014,2014,1000 ha,14552.7,A,
68,'250,France,6630,Temporary crops,5110,Area,2015,2015,1000 ha,14840.5,A,
68,'250,France,6630,Temporary crops,5110,Area,2016,2016,1000 ha,14650.422,A,
68,'250,France,6630,Temporary crops,5110,Area,2017,2017,1000 ha,14642.26,I,
68,'250,France,6630,Temporary crops,5110,Area,2018,2018,1000 ha,14555.3,I,
68,'250,France,6630,Temporary crops,5110,Area,2019,2019,1000 ha,15221.4428,I,
68,'250,France,6630,Temporary crops,5110,Area,2020,2020,1000 ha,14211.479,B,
68,'250,France,6630,Temporary crops,5110,Area,2021,2021,1000 ha,14212.341,A,
68,'250,France,6630,Temporary crops,5110,Area,2022,2022,1000 ha,14267.81,A,
68,'250,France,6630,Temporary crops,5110,Area,2023,2023,1000 ha,14147.532,A,
68,'250,France,6633,Temporary meadows and pastures,5110,Area,2001,2001,1000 ha,3066.0,A,
68,'250,France,6633,Temporary meadows and pastures,5110,Area,2002,2002,1000 ha,3092.2,A,
68,'250,France,6633,Temporary meadows and pastures,5110,Area,2003,2003,1000 ha,3118.4,A,
68,'250,France,6633,Temporary meadows and pastures,5110,Area,2004,2004,1000 ha,3152.6,A,
68,'250,France,6633,Temporary meadows and pastures,5110,Area,2005,2005,1000 ha,3132.0,A,
68,'250,France,6633,Temporary meadows and pastures,5110,Area,2006,2006,1000 ha,3200.5,A,
68,'250,France,6633,Temporary meadows and pastures,5110,Area,2007,2007,1000 ha,3253.6,A,
68,'250,France,6633,Temporary meadows and pastures,5110,Area,2008,2008,1000 ha,3299.6,A,
68,'250,France,6633,Temporary meadows and pastures,5110,Area,2009,2009,1000 ha,3314.2,A,
68,'250,France,6633,Temporary meadows and pastures,5110,Area,2010,2010,1000 ha,3437.2,A,
68,'250,France,6633,Temporary meadows and pastures,5110,Area,2011,2011,1000 ha,3454.8,A,
68,'250,France,6633,Temporary meadows and pastures,5110,Area,2012,2012,1000 ha,3434.5,A,
68,'250,France,6633,Temporary meadows and pastures,5110,Area,2013,2013,1000 ha,3371.5,A,
68,'250,France,6633,Temporary meadows and pastures,5110,Area,2014,2014,1000 ha,3314.0,A,
68,'250,France,6633,Temporary meadows and pastures,5110,Area,2015,2015,1000 ha,3177.1,A,
68,'250,France,6633,Temporary meadows and pastures,5110,Area,2016,2016,1000 ha,3236.627,A,
68,'250,France,6633,Temporary meadows and pastures,5110,Area,2017,2017,1000 ha,3337.069,A,
68,'250,France,6633,Temporary meadows and pastures,5110,Area,2018,2018,1000 ha,3085.6,A,
68,'250,France,6633,Temporary meadows and pastures,5110,Area,2019,2019,1000 ha,2305.4705,A,
68,'250,France,6633,Temporary meadows and pastures,5110,Area,2020,2020,1000 ha,2330.436,B,
68,'250,France,6633,Temporary meadows and pastures,5110,Area,2021,2021,1000 ha,2378.178,A,
68,'250,France,6633,Temporary meadows and pastures,5110,Area,2022,2022,1000 ha,2387.767,A,
68,'250,France,6633,Temporary meadows and pastures,5110,Area,2023,2023,1000 ha,2378.527,A,
68,'250,France,6640,Temporary fallow,5110,Area,2001,2001,1000 ha,1342.3,A,
68,'250,France,6640,Temporary fallow,5110,Area,2002,2002,1000 ha,1277.1,A,
68,'250,France,6640,Temporary fallow,5110,Area,2003,2003,1000 ha,1328.0,A,
68,'250,France,6640,Temporary fallow,5110,Area,2004,2004,1000 ha,1152.9,A,
68,'250,France,6640,Temporary fallow,5110,Area,2005,2005,1000 ha,1296.6,A,
68,'250,France,6640,Temporary fallow,5110,Area,2006,2006,1000 ha,1262.4,A,
68,'250,France,6640,Temporary fallow,5110,Area,2007,2007,1000 ha,1199.8,A,
68,'250,France,6640,Temporary fallow,5110,Area,2008,2008,1000 ha,733.0,A,
68,'250,France,6640,Temporary fallow,5110,Area,2009,2009,1000 ha,660.7,A,
68,'250,France,6640,Temporary fallow,5110,Area,2010,2010,1000 ha,623.2,A,
68,'250,France,6640,Temporary fallow,5110,Area,2011,2011,1000 ha,547.3,A,
68,'250,France,6640,Temporary fallow,5110,Area,2012,2012,1000 ha,498.9,A,
68,'250,France,6640,Temporary fallow,5110,Area,2013,2013,1000 ha,486.6,A,
68,'250,France,6640,Temporary fallow,5110,Area,2014,2014,1000 ha,466.4,A,
68,'250,France,6640,Temporary fallow,5110,Area,2015,2015,1000 ha,461.1,A,
68,'250,France,6640,Temporary fallow,5110,Area,2016,2016,1000 ha,468.867,A,
68,'250,France,6640,Temporary fallow,5110,Area,2017,2017,1000 ha,485.038,A,
68,'250,France,6640,Temporary fallow,5110,Area,2018,2018,1000 ha,485.5,A,
68,'250,France,6640,Temporary fallow,5110,Area,2019,2019,1000 ha,415.8722,A,
68,'250,France,6640,Temporary fallow,5110,Area,2020,2020,1000 ha,442.751,B,
68,'250,France,6640,Temporary fallow,5110,Area,2021,2021,1000 ha,419.916,A,
68,'250,France,6640,Temporary fallow,5110,Area,2022,2022,1000 ha,334.778,A,
68,'250,France,6640,Temporary fallow,5110,Area,2023,2023,1000 ha,373.187,A,
68,'250,France,6650,Permanent crops,5110,Area,1961,1961,1000 ha,1799.0,A,
68,'250,France,6650,Permanent crops,5110,Area,1962,1962,1000 ha,1790.0,I,
68,'250,France,6650,Permanent crops,5110,Area,1963,1963,1000 ha,1786.0,A,
68,'250,France,6650,Permanent crops,5110,Area,1964,1964,1000 ha,1750.0,A,
68,'250,France,6650,Permanent crops,5110,Area,1965,1965,1000 ha,1746.0,A,
68,'250,France,6650,Permanent crops,5110,Area,1966,1966,1000 ha,1751.0,A,
68,'250,France,6650,Permanent crops,5110,Area,1967,1967,1000 ha,1740.0,A,
68,'250,France,6650,Permanent crops,5110,Area,1968,1968,1000 ha,1724.0,A,
68,'250,France,6650,Permanent crops,5110,Area,1969,1969,1000 ha,1700.0,A,
68,'250,France,6650,Permanent crops,5110,Area,1970,1970,1000 ha,1684.0,A,
68,'250,France,6650,Permanent crops,5110,Area,1971,1971,1000 ha,1634.0,A,
68,'250,France,6650,Permanent crops,5110,Area,1972,1972,1000 ha,1605.0,A,
68,'250,France,6650,Permanent crops,5110,Area,1973,1973,1000 ha,1605.0,A,
68,'250,France,6650,Permanent crops,5110,Area,1974,1974,1000 ha,1609.0,A,
68,'250,France,6650,Permanent crops,5110,Area,1975,1975,1000 ha,1621.0,A,
68,'250,France,6650,Permanent crops,5110,Area,1976,1976,1000 ha,1606.0,A,
68,'250,France,6650,Permanent crops,5110,Area,1977,1977,1000 ha,1571.0,A,
68,'250,France,6650,Permanent crops,5110,Area,1978,1978,1000 ha,1622.0,A,
68,'250,France,6650,Permanent crops,5110,Area,1979,1979,1000 ha,1521.0,A,
68,'250,France,6650,Permanent crops,5110,Area,1980,1980,1000 ha,1400.0,A,
68,'250,France,6650,Permanent crops,5110,Area,1981,1981,1000 ha,1390.0,A,
68,'250,France,6650,Permanent crops,5110,Area,1982,1982,1000 ha,1372.0,A,
68,'250,France,6650,Permanent crops,5110,Area,1983,1983,1000 ha,1358.0,A,
68,'250,France,6650,Permanent crops,5110,Area,1984,1984,1000 ha,1336.0,A,
68,'250,France,6650,Permanent crops,5110,Area,1985,1985,1000 ha,1319.0,A,
68,'250,France,6650,Permanent crops,5110,Area,1986,1986,1000 ha,1304.0,A,
68,'250,France,6650,Permanent crops,5110,Area,1987,1987,1000 ha,1292.0,A,
68,'250,France,6650,Permanent crops,5110,Area,1988,1988,1000 ha,1238.0,A,
68,'250,France,6650,Permanent crops,5110,Area,1989,1989,1000 ha,1218.1,A,
68,'250,France,6650,Permanent crops,5110,Area,1990,1990,1000 ha,1208.7,A,
68,'250,France,6650,Permanent crops,5110,Area,1991,1991,1000 ha,1206.0,A,
68,'250,France,6650,Permanent crops,5110,Area,1992,1992,1000 ha,1204.6,A,
68,'250,France,6650,Permanent crops,5110,Area,1993,1993,1000 ha,1195.8,A,
68,'250,France,6650,Permanent crops,5110,Area,1994,1994,1000 ha,1188.1,A,
68,'250,France,6650,Permanent crops,5110,Area,1995,1995,1000 ha,1174.7,A,
68,'250,France,6650,Permanent crops,5110,Area,1996,1996,1000 ha,1162.9,A,
68,'250,France,6650,Permanent crops,5110,Area,1997,1997,1000 ha,1150.8,A,
68,'250,France,6650,Permanent crops,5110,Area,1998,1998,1000 ha,1144.0,A,
68,'250,France,6650,Permanent crops,5110,Area,1999,1999,1000 ha,1143.9,A,
68,'250,France,6650,Permanent crops,5110,Area,2000,2000,1000 ha,1140.7,A,
68,'250,France,6650,Permanent crops,5110,Area,2001,2001,1000 ha,1134.7,A,
68,'250,France,6650,Permanent crops,5110,Area,2002,2002,1000 ha,1128.3,A,
68,'250,France,6650,Permanent crops,5110,Area,2003,2003,1000 ha,1116.0,A,
68,'250,France,6650,Permanent crops,5110,Area,2004,2004,1000 ha,1110.8,A,
68,'250,France,6650,Permanent crops,5110,Area,2005,2005,1000 ha,1110.6,A,
68,'250,France,6650,Permanent crops,5110,Area,2006,2006,1000 ha,1096.6,A,
68,'250,France,6650,Permanent crops,5110,Area,2007,2007,1000 ha,1072.1,A,
68,'250,France,6650,Permanent crops,5110,Area,2008,2008,1000 ha,1051.3,A,
68,'250,France,6650,Permanent crops,5110,Area,2009,2009,1000 ha,1027.2,A,
68,'250,France,6650,Permanent crops,5110,Area,2010,2010,1000 ha,1011.1,A,
68,'250,France,6650,Permanent crops,5110,Area,2011,2011,1000 ha,1007.2,A,
68,'250,France,6650,Permanent crops,5110,Area,2012,2012,1000 ha,1003.8,A,
68,'250,France,6650,Permanent crops,5110,Area,2013,2013,1000 ha,996.5,A,
68,'250,France,6650,Permanent crops,5110,Area,2014,2014,1000 ha,995.2,A,
68,'250,France,6650,Permanent crops,5110,Area,2015,2015,1000 ha,986.3,A,
68,'250,France,6650,Permanent crops,5110,Area,2016,2016,1000 ha,992.12,A,
68,'250,France,6650,Permanent crops,5110,Area,2017,2017,1000 ha,999.408,A,
68,'250,France,6650,Permanent crops,5110,Area,2018,2018,1000 ha,1005.8,A,
68,'250,France,6650,Permanent crops,5110,Area,2019,2019,1000 ha,1030.3136,B,
68,'250,France,6650,Permanent crops,5110,Area,2020,2020,1000 ha,1036.914,A,
68,'250,France,6650,Permanent crops,5110,Area,2021,2021,1000 ha,1030.4699,A,
68,'250,France,6650,Permanent crops,5110,Area,2022,2022,1000 ha,1031.9146,A,
68,'250,France,6650,Permanent crops,5110,Area,2023,2023,1000 ha,1027.532,A,
68,'250,France,6650,Permanent crops,7208,Share in Agricultural land,1961,1961,%,5.21,A,
68,'250,France,6650,Permanent crops,7208,Share in Agricultural land,1962,1962,%,5.2,E,
68,'250,France,6650,Permanent crops,7208,Share in Agricultural land,1963,1963,%,5.2,A,
68,'250,France,6650,Permanent crops,7208,Share in Agricultural land,1964,1964,%,5.13,A,
68,'250,France,6650,Permanent crops,7208,Share in Agricultural land,1965,1965,%,5.14,A,
68,'250,France,6650,Permanent crops,7208,Share in Agricultural land,1966,1966,%,5.17,A,
68,'250,France,6650,Permanent crops,7208,Share in Agricultural land,1967,1967,%,5.17,A,
68,'250,France,6650,Permanent crops,7208,Share in Agricultural land,1968,1968,%,5.2,A,
68,'250,France,6650,Permanent crops,7208,Share in Agricultural land,1969,1969,%,5.12,A,
68,'250,France,6650,Permanent crops,7208,Share in Agricultural land,1970,1970,%,5.18,A,
68,'250,France,6650,Permanent crops,7208,Share in Agricultural land,1971,1971,%,5.01,A,
68,'250,France,6650,Permanent crops,7208,Share in Agricultural land,1972,1972,%,4.94,A,
68,'250,France,6650,Permanent crops,7208,Share in Agricultural land,1973,1973,%,4.94,A,
68,'250,France,6650,Permanent crops,7208,Share in Agricultural land,1974,1974,%,4.96,A,
68,'250,France,6650,Permanent crops,7208,Share in Agricultural land,1975,1975,%,5.01,A,
68,'250,France,6650,Permanent crops,7208,Share in Agricultural land,1976,1976,%,5.02,A,
68,'250,France,6650,Permanent crops,7208,Share in Agricultural land,1977,1977,%,4.92,A,
68,'250,France,6650,Permanent crops,7208,Share in Agricultural land,1978,1978,%,5.07,A,
68,'250,France,6650,Permanent crops,7208,Share in Agricultural land,1979,1979,%,4.78,A,
68,'250,France,6650,Permanent crops,7208,Share in Agricultural land,1980,1980,%,4.41,A,
68,'250,France,6650,Permanent crops,7208,Share in Agricultural land,1981,1981,%,4.39,A,
68,'250,France,6650,Permanent crops,7208,Share in Agricultural land,1982,1982,%,4.34,A,
68,'250,France,6650,Permanent crops,7208,Share in Agricultural land,1983,1983,%,4.3,A,
68,'250,France,6650,Permanent crops,7208,Share in Agricultural land,1984,1984,%,4.24,A,
68,'250,France,6650,Permanent crops,7208,Share in Agricultural land,1985,1985,%,4.2,A,
68,'250,France,6650,Permanent crops,7208,Share in Agricultural land,1986,1986,%,4.15,A,
68,'250,France,6650,Permanent crops,7208,Share in Agricultural land,1987,1987,%,4.12,A,
68,'250,France,6650,Permanent crops,7208,Share in Agricultural land,1988,1988,%,4.02,A,
68,'250,France,6650,Permanent crops,7208,Share in Agricultural land,1989,1989,%,3.96,A,
68,'250,France,6650,Permanent crops,7208,Share in Agricultural land,1990,1990,%,3.95,A,
68,'250,France,6650,Permanent crops,7208,Share in Agricultural land,1991,1991,%,3.96,A,
68,'250,France,6650,Permanent crops,7208,Share in Agricultural land,1992,1992,%,3.96,A,
68,'250,France,6650,Permanent crops,7208,Share in Agricultural land,1993,1993,%,3.95,A,
68,'250,France,6650,Permanent crops,7208,Share in Agricultural land,1994,1994,%,3.93,A,
68,'250,France,6650,Permanent crops,7208,Share in Agricultural land,1995,1995,%,3.9,A,
68,'250,France,6650,Permanent crops,7208,Share in Agricultural land,1996,1996,%,3.86,A,
68,'250,France,6650,Permanent crops,7208,Share in Agricultural land,1997,1997,%,3.83,A,
68,'250,France,6650,Permanent crops,7208,Share in Agricultural land,1998,1998,%,3.82,A,
68,'250,France,6650,Permanent crops,7208,Share in Agricultural land,1999,1999,%,3.82,A,
68,'250,France,6650,Permanent crops,7208,Share in Agricultural land,2000,2000,%,3.83,A,
68,'250,France,6650,Permanent crops,7208,Share in Agricultural land,2001,2001,%,3.82,A,
68,'250,France,6650,Permanent crops,7208,Share in Agricultural land,2002,2002,%,3.81,A,
68,'250,France,6650,Permanent crops,7208,Share in Agricultural land,2003,2003,%,3.78,A,
68,'250,France,6650,Permanent crops,7208,Share in Agricultural land,2004,2004,%,3.77,A,
68,'250,France,6650,Permanent crops,7208,Share in Agricultural land,2005,2005,%,3.78,A,
68,'250,France,6650,Permanent crops,7208,Share in Agricultural land,2006,2006,%,3.74,A,
68,'250,France,6650,Permanent crops,7208,Share in Agricultural land,2007,2007,%,3.67,A,
68,'250,France,6650,Permanent crops,7208,Share in Agricultural land,2008,2008,%,3.61,A,
68,'250,France,6650,Permanent crops,7208,Share in Agricultural land,2009,2009,%,3.54,A,
68,'250,France,6650,Permanent crops,7208,Share in Agricultural land,2010,2010,%,3.5,A,
68,'250,France,6650,Permanent crops,7208,Share in Agricultural land,2011,2011,%,3.49,A,
68,'250,France,6650,Permanent crops,7208,Share in Agricultural land,2012,2012,%,3.48,A,
68,'250,France,6650,Permanent crops,7208,Share in Agricultural land,2013,2013,%,3.46,A,
68,'250,France,6650,Permanent crops,7208,Share in Agricultural land,2014,2014,%,3.46,A,
68,'250,France,6650,Permanent crops,7208,Share in Agricultural land,2015,2015,%,3.43,A,
68,'250,France,6650,Permanent crops,7208,Share in Agricultural land,2016,2016,%,3.45,A,
68,'250,France,6650,Permanent crops,7208,Share in Agricultural land,2017,2017,%,3.48,A,
68,'250,France,6650,Permanent crops,7208,Share in Agricultural land,2018,2018,%,3.51,A,
68,'250,France,6650,Permanent crops,7208,Share in Agricultural land,2019,2019,%,3.61,E,
68,'250,France,6650,Permanent crops,7208,Share in Agricultural land,2020,2020,%,3.65,E,
68,'250,France,6650,Permanent crops,7208,Share in Agricultural land,2021,2021,%,3.63,A,
68,'250,France,6650,Permanent crops,7208,Share in Agricultural land,2022,2022,%,3.63,A,
68,'250,France,6650,Permanent crops,7208,Share in Agricultural land,2023,2023,%,3.63,A,
68,'250,France,6655,Permanent meadows and pastures,5110,Area,1961,1961,1000 ha,13134.0,A,
68,'250,France,6655,Permanent meadows and pastures,5110,Area,1962,1962,1000 ha,13120.0,I,
68,'250,France,6655,Permanent meadows and pastures,5110,Area,1963,1963,1000 ha,13113.0,A,
68,'250,France,6655,Permanent meadows and pastures,5110,Area,1964,1964,1000 ha,13281.0,A,
68,'250,France,6655,Permanent meadows and pastures,5110,Area,1965,1965,1000 ha,13459.0,A,
68,'250,France,6655,Permanent meadows and pastures,5110,Area,1966,1966,1000 ha,13632.0,A,
68,'250,France,6655,Permanent meadows and pastures,5110,Area,1967,1967,1000 ha,13813.0,A,
68,'250,France,6655,Permanent meadows and pastures,5110,Area,1968,1968,1000 ha,13875.0,A,
68,'250,France,6655,Permanent meadows and pastures,5110,Area,1969,1969,1000 ha,13908.0,A,
68,'250,France,6655,Permanent meadows and pastures,5110,Area,1970,1970,1000 ha,13394.0,A,
68,'250,France,6655,Permanent meadows and pastures,5110,Area,1971,1971,1000 ha,13933.0,A,
68,'250,France,6655,Permanent meadows and pastures,5110,Area,1972,1972,1000 ha,13883.0,A,
68,'250,France,6655,Permanent meadows and pastures,5110,Area,1973,1973,1000 ha,13759.0,A,
68,'250,France,6655,Permanent meadows and pastures,5110,Area,1974,1974,1000 ha,13555.0,A,
68,'250,France,6655,Permanent meadows and pastures,5110,Area,1975,1975,1000 ha,13403.0,A,
68,'250,France,6655,Permanent meadows and pastures,5110,Area,1976,1976,1000 ha,13284.0,A,
68,'250,France,6655,Permanent meadows and pastures,5110,Area,1977,1977,1000 ha,13074.0,A,
68,'250,France,6655,Permanent meadows and pastures,5110,Area,1978,1978,1000 ha,12986.0,A,
68,'250,France,6655,Permanent meadows and pastures,5110,Area,1979,1979,1000 ha,12912.0,A,
68,'250,France,6655,Permanent meadows and pastures,5110,Area,1980,1980,1000 ha,12850.0,A,
68,'250,France,6655,Permanent meadows and pastures,5110,Area,1981,1981,1000 ha,12771.0,A,
68,'250,France,6655,Permanent meadows and pastures,5110,Area,1982,1982,1000 ha,12623.0,A,
68,'250,France,6655,Permanent meadows and pastures,5110,Area,1983,1983,1000 ha,12538.0,A,
68,'250,France,6655,Permanent meadows and pastures,5110,Area,1984,1984,1000 ha,12363.0,A,
68,'250,France,6655,Permanent meadows and pastures,5110,Area,1985,1985,1000 ha,12200.0,A,
68,'250,France,6655,Permanent meadows and pastures,5110,Area,1986,1986,1000 ha,12093.0,A,
68,'250,France,6655,Permanent meadows and pastures,5110,Area,1987,1987,1000 ha,11894.0,A,
68,'250,France,6655,Permanent meadows and pastures,5110,Area,1988,1988,1000 ha,11779.0,A,
68,'250,France,6655,Permanent meadows and pastures,5110,Area,1989,1989,1000 ha,11812.9,A,
68,'250,France,6655,Permanent meadows and pastures,5110,Area,1990,1990,1000 ha,11599.3,A,
68,'250,France,6655,Permanent meadows and pastures,5110,Area,1991,1991,1000 ha,11447.6,A,
68,'250,France,6655,Permanent meadows and pastures,5110,Area,1992,1992,1000 ha,11332.8,A,
68,'250,France,6655,Permanent meadows and pastures,5110,Area,1993,1993,1000 ha,11061.7,A,
68,'250,France,6655,Permanent meadows and pastures,5110,Area,1994,1994,1000 ha,10920.6,A,
68,'250,France,6655,Permanent meadows and pastures,5110,Area,1995,1995,1000 ha,10802.4,A,
68,'250,France,6655,Permanent meadows and pastures,5110,Area,1996,1996,1000 ha,10728.4,A,
68,'250,France,6655,Permanent meadows and pastures,5110,Area,1997,1997,1000 ha,10618.7,A,
68,'250,France,6655,Permanent meadows and pastures,5110,Area,1998,1998,1000 ha,10518.0,A,
68,'250,France,6655,Permanent meadows and pastures,5110,Area,1999,1999,1000 ha,10432.1,A,
68,'250,France,6655,Permanent meadows and pastures,5110,Area,2000,2000,1000 ha,10312.3,A,
68,'250,France,6655,Permanent meadows and pastures,5110,Area,2001,2001,1000 ha,10232.7,A,
68,'250,France,6655,Permanent meadows and pastures,5110,Area,2002,2002,1000 ha,10110.9,A,
68,'250,France,6655,Permanent meadows and pastures,5110,Area,2003,2003,1000 ha,10063.8,A,
68,'250,France,6655,Permanent meadows and pastures,5110,Area,2004,2004,1000 ha,9979.6,A,
68,'250,France,6655,Permanent meadows and pastures,5110,Area,2005,2005,1000 ha,9902.2,A,
68,'250,France,6655,Permanent meadows and pastures,5110,Area,2006,2006,1000 ha,9877.1,A,
68,'250,France,6655,Permanent meadows and pastures,5110,Area,2007,2007,1000 ha,9847.8,A,
68,'250,France,6655,Permanent meadows and pastures,5110,Area,2008,2008,1000 ha,9790.1,A,
68,'250,France,6655,Permanent meadows and pastures,5110,Area,2009,2009,1000 ha,9736.5,A,
68,'250,France,6655,Permanent meadows and pastures,5110,Area,2010,2010,1000 ha,9614.5,A,
68,'250,France,6655,Permanent meadows and pastures,5110,Area,2011,2011,1000 ha,9597.0,A,
68,'250,France,6655,Permanent meadows and pastures,5110,Area,2012,2012,1000 ha,9559.3,A,
68,'250,France,6655,Permanent meadows and pastures,5110,Area,2013,2013,1000 ha,9471.5,A,
68,'250,France,6655,Permanent meadows and pastures,5110,Area,2014,2014,1000 ha,9438.2,A,
68,'250,France,6655,Permanent meadows and pastures,5110,Area,2015,2015,1000 ha,9261.9,A,
68,'250,France,6655,Permanent meadows and pastures,5110,Area,2016,2016,1000 ha,9369.985,A,
68,'250,France,6655,Permanent meadows and pastures,5110,Area,2017,2017,1000 ha,9233.724,A,
68,'250,France,6655,Permanent meadows and pastures,5110,Area,2018,2018,1000 ha,9527.9,A,
68,'250,France,6655,Permanent meadows and pastures,5110,Area,2019,2019,1000 ha,9545.75,A,
68,'250,France,6655,Permanent meadows and pastures,5110,Area,2020,2020,1000 ha,10397.076,A,
68,'250,France,6655,Permanent meadows and pastures,5110,Area,2021,2021,1000 ha,10384.249,A,
68,'250,France,6655,Permanent meadows and pastures,5110,Area,2022,2022,1000 ha,10366.323,A,
68,'250,France,6655,Permanent meadows and pastures,5110,Area,2023,2023,1000 ha,10370.467,A,
68,'250,France,6655,Permanent meadows and pastures,7208,Share in Agricultural land,1961,1961,%,38.03,A,
68,'250,France,6655,Permanent meadows and pastures,7208,Share in Agricultural land,1962,1962,%,38.1,E,
68,'250,France,6655,Permanent meadows and pastures,7208,Share in Agricultural land,1963,1963,%,38.17,A,
68,'250,France,6655,Permanent meadows and pastures,7208,Share in Agricultural land,1964,1964,%,38.94,A,
68,'250,France,6655,Permanent meadows and pastures,7208,Share in Agricultural land,1965,1965,%,39.58,A,
68,'250,France,6655,Permanent meadows and pastures,7208,Share in Agricultural land,1966,1966,%,40.28,A,
68,'250,France,6655,Permanent meadows and pastures,7208,Share in Agricultural land,1967,1967,%,41.07,A,
68,'250,France,6655,Permanent meadows and pastures,7208,Share in Agricultural land,1968,1968,%,41.82,A,
68,'250,France,6655,Permanent meadows and pastures,7208,Share in Agricultural land,1969,1969,%,41.93,A,
68,'250,France,6655,Permanent meadows and pastures,7208,Share in Agricultural land,1970,1970,%,41.22,A,
68,'250,France,6655,Permanent meadows and pastures,7208,Share in Agricultural land,1971,1971,%,42.71,A,
68,'250,France,6655,Permanent meadows and pastures,7208,Share in Agricultural land,1972,1972,%,42.7,A,
68,'250,France,6655,Permanent meadows and pastures,7208,Share in Agricultural land,1973,1973,%,42.39,A,
68,'250,France,6655,Permanent meadows and pastures,7208,Share in Agricultural land,1974,1974,%,41.78,A,
68,'250,France,6655,Permanent meadows and pastures,7208,Share in Agricultural land,1975,1975,%,41.42,A,
68,'250,France,6655,Permanent meadows and pastures,7208,Share in Agricultural land,1976,1976,%,41.49,A,
68,'250,France,6655,Permanent meadows and pastures,7208,Share in Agricultural land,1977,1977,%,40.97,A,
68,'250,France,6655,Permanent meadows and pastures,7208,Share in Agricultural land,1978,1978,%,40.63,A,
68,'250,France,6655,Permanent meadows and pastures,7208,Share in Agricultural land,1979,1979,%,40.56,A,
68,'250,France,6655,Permanent meadows and pastures,7208,Share in Agricultural land,1980,1980,%,40.51,A,
68,'250,France,6655,Permanent meadows and pastures,7208,Share in Agricultural land,1981,1981,%,40.3,A,
68,'250,France,6655,Permanent meadows and pastures,7208,Share in Agricultural land,1982,1982,%,39.89,A,
68,'250,France,6655,Permanent meadows and pastures,7208,Share in Agricultural land,1983,1983,%,39.72,A,
68,'250,France,6655,Permanent meadows and pastures,7208,Share in Agricultural land,1984,1984,%,39.24,A,
68,'250,France,6655,Permanent meadows and pastures,7208,Share in Agricultural land,1985,1985,%,38.8,A,
68,'250,France,6655,Permanent meadows and pastures,7208,Share in Agricultural land,1986,1986,%,38.52,A,
68,'250,France,6655,Permanent meadows and pastures,7208,Share in Agricultural land,1987,1987,%,37.94,A,
68,'250,France,6655,Permanent meadows and pastures,7208,Share in Agricultural land,1988,1988,%,38.21,A,
68,'250,France,6655,Permanent meadows and pastures,7208,Share in Agricultural land,1989,1989,%,38.43,A,
68,'250,France,6655,Permanent meadows and pastures,7208,Share in Agricultural land,1990,1990,%,37.92,A,
68,'250,France,6655,Permanent meadows and pastures,7208,Share in Agricultural land,1991,1991,%,37.55,A,
68,'250,France,6655,Permanent meadows and pastures,7208,Share in Agricultural land,1992,1992,%,37.3,A,
68,'250,France,6655,Permanent meadows and pastures,7208,Share in Agricultural land,1993,1993,%,36.52,A,
68,'250,France,6655,Permanent meadows and pastures,7208,Share in Agricultural land,1994,1994,%,36.16,A,
68,'250,France,6655,Permanent meadows and pastures,7208,Share in Agricultural land,1995,1995,%,35.83,A,
68,'250,France,6655,Permanent meadows and pastures,7208,Share in Agricultural land,1996,1996,%,35.65,A,
68,'250,France,6655,Permanent meadows and pastures,7208,Share in Agricultural land,1997,1997,%,35.35,A,
68,'250,France,6655,Permanent meadows and pastures,7208,Share in Agricultural land,1998,1998,%,35.08,A,
68,'250,France,6655,Permanent meadows and pastures,7208,Share in Agricultural land,1999,1999,%,34.86,A,
68,'250,France,6655,Permanent meadows and pastures,7208,Share in Agricultural land,2000,2000,%,34.6,A,
68,'250,France,6655,Permanent meadows and pastures,7208,Share in Agricultural land,2001,2001,%,34.44,A,
68,'250,France,6655,Permanent meadows and pastures,7208,Share in Agricultural land,2002,2002,%,34.15,A,
68,'250,France,6655,Permanent meadows and pastures,7208,Share in Agricultural land,2003,2003,%,34.07,A,
68,'250,France,6655,Permanent meadows and pastures,7208,Share in Agricultural land,2004,2004,%,33.88,A,
68,'250,France,6655,Permanent meadows and pastures,7208,Share in Agricultural land,2005,2005,%,33.69,A,
68,'250,France,6655,Permanent meadows and pastures,7208,Share in Agricultural land,2006,2006,%,33.7,A,
68,'250,France,6655,Permanent meadows and pastures,7208,Share in Agricultural land,2007,2007,%,33.72,A,
68,'250,France,6655,Permanent meadows and pastures,7208,Share in Agricultural land,2008,2008,%,33.63,A,
68,'250,France,6655,Permanent meadows and pastures,7208,Share in Agricultural land,2009,2009,%,33.55,A,
68,'250,France,6655,Permanent meadows and pastures,7208,Share in Agricultural land,2010,2010,%,33.24,A,
68,'250,France,6655,Permanent meadows and pastures,7208,Share in Agricultural land,2011,2011,%,33.23,A,
68,'250,France,6655,Permanent meadows and pastures,7208,Share in Agricultural land,2012,2012,%,33.14,A,
68,'250,France,6655,Permanent meadows and pastures,7208,Share in Agricultural land,2013,2013,%,32.92,A,
68,'250,France,6655,Permanent meadows and pastures,7208,Share in Agricultural land,2014,2014,%,32.81,A,
68,'250,France,6655,Permanent meadows and pastures,7208,Share in Agricultural land,2015,2015,%,32.24,A,
68,'250,France,6655,Permanent meadows and pastures,7208,Share in Agricultural land,2016,2016,%,32.63,A,
68,'250,France,6655,Permanent meadows and pastures,7208,Share in Agricultural land,2017,2017,%,32.18,A,
68,'250,France,6655,Permanent meadows and pastures,7208,Share in Agricultural land,2018,2018,%,33.24,A,
68,'250,France,6655,Permanent meadows and pastures,7208,Share in Agricultural land,2019,2019,%,33.47,E,
68,'250,France,6655,Permanent meadows and pastures,7208,Share in Agricultural land,2020,2020,%,36.59,E,
68,'250,France,6655,Permanent meadows and pastures,7208,Share in Agricultural land,2021,2021,%,36.53,A,
68,'250,France,6655,Permanent meadows and pastures,7208,Share in Agricultural land,2022,2022,%,36.52,A,
68,'250,France,6655,Permanent meadows and pastures,7208,Share in Agricultural land,2023,2023,%,36.65,A,
68,'250,France,6655,Permanent meadows and pastures,7209,Share in Land area,1961,1961,%,24.37,E,
68,'250,France,6655,Permanent meadows and pastures,7209,Share in Land area,1962,1962,%,24.34,E,
68,'250,France,6655,Permanent meadows and pastures,7209,Share in Land area,1963,1963,%,24.33,E,
68,'250,France,6655,Permanent meadows and pastures,7209,Share in Land area,1964,1964,%,24.64,E,
68,'250,France,6655,Permanent meadows and pastures,7209,Share in Land area,1965,1965,%,24.97,E,
68,'250,France,6655,Permanent meadows and pastures,7209,Share in Land area,1966,1966,%,25.29,E,
68,'250,France,6655,Permanent meadows and pastures,7209,Share in Land area,1967,1967,%,25.63,E,
68,'250,France,6655,Permanent meadows and pastures,7209,Share in Land area,1968,1968,%,25.74,E,
68,'250,France,6655,Permanent meadows and pastures,7209,Share in Land area,1969,1969,%,25.81,E,
68,'250,France,6655,Permanent meadows and pastures,7209,Share in Land area,1970,1970,%,24.85,E,
68,'250,France,6655,Permanent meadows and pastures,7209,Share in Land area,1971,1971,%,25.85,E,
68,'250,France,6655,Permanent meadows and pastures,7209,Share in Land area,1972,1972,%,25.76,E,
68,'250,France,6655,Permanent meadows and pastures,7209,Share in Land area,1973,1973,%,25.53,E,
68,'250,France,6655,Permanent meadows and pastures,7209,Share in Land area,1974,1974,%,25.15,E,
68,'250,France,6655,Permanent meadows and pastures,7209,Share in Land area,1975,1975,%,24.87,E,
68,'250,France,6655,Permanent meadows and pastures,7209,Share in Land area,1976,1976,%,24.65,E,
68,'250,France,6655,Permanent meadows and pastures,7209,Share in Land area,1977,1977,%,24.26,E,
68,'250,France,6655,Permanent meadows and pastures,7209,Share in Land area,1978,1978,%,24.09,E,
68,'250,France,6655,Permanent meadows and pastures,7209,Share in Land area,1979,1979,%,23.96,E,
68,'250,France,6655,Permanent meadows and pastures,7209,Share in Land area,1980,1980,%,23.84,E,
68,'250,France,6655,Permanent meadows and pastures,7209,Share in Land area,1981,1981,%,23.7,E,
68,'250,France,6655,Permanent meadows and pastures,7209,Share in Land area,1982,1982,%,23.42,E,
68,'250,France,6655,Permanent meadows and pastures,7209,Share in Land area,1983,1983,%,23.26,E,
68,'250,France,6655,Permanent meadows and pastures,7209,Share in Land area,1984,1984,%,22.94,E,
68,'250,France,6655,Permanent meadows and pastures,7209,Share in Land area,1985,1985,%,22.64,E,
68,'250,France,6655,Permanent meadows and pastures,7209,Share in Land area,1986,1986,%,22.44,E,
68,'250,France,6655,Permanent meadows and pastures,7209,Share in Land area,1987,1987,%,22.07,E,
68,'250,France,6655,Permanent meadows and pastures,7209,Share in Land area,1988,1988,%,21.86,E,
68,'250,France,6655,Permanent meadows and pastures,7209,Share in Land area,1989,1989,%,21.92,E,
68,'250,France,6655,Permanent meadows and pastures,7209,Share in Land area,1990,1990,%,21.52,E,
68,'250,France,6655,Permanent meadows and pastures,7209,Share in Land area,1991,1991,%,21.24,E,
68,'250,France,6655,Permanent meadows and pastures,7209,Share in Land area,1992,1992,%,21.03,E,
68,'250,France,6655,Permanent meadows and pastures,7209,Share in Land area,1993,1993,%,20.52,E,
68,'250,France,6655,Permanent meadows and pastures,7209,Share in Land area,1994,1994,%,20.26,E,
68,'250,France,6655,Permanent meadows and pastures,7209,Share in Land area,1995,1995,%,20.04,E,
68,'250,France,6655,Permanent meadows and pastures,7209,Share in Land area,1996,1996,%,19.91,E,
68,'250,France,6655,Permanent meadows and pastures,7209,Share in Land area,1997,1997,%,19.7,E,
68,'250,France,6655,Permanent meadows and pastures,7209,Share in Land area,1998,1998,%,19.52,E,
68,'250,France,6655,Permanent meadows and pastures,7209,Share in Land area,1999,1999,%,19.36,E,
68,'250,France,6655,Permanent meadows and pastures,7209,Share in Land area,2000,2000,%,19.13,E,
68,'250,France,6655,Permanent meadows and pastures,7209,Share in Land area,2001,2001,%,18.99,E,
68,'250,France,6655,Permanent meadows and pastures,7209,Share in Land area,2002,2002,%,18.76,E,
68,'250,France,6655,Permanent meadows and pastures,7209,Share in Land area,2003,2003,%,18.67,E,
68,'250,France,6655,Permanent meadows and pastures,7209,Share in Land area,2004,2004,%,18.52,E,
68,'250,France,6655,Permanent meadows and pastures,7209,Share in Land area,2005,2005,%,18.37,E,
68,'250,France,6655,Permanent meadows and pastures,7209,Share in Land area,2006,2006,%,18.33,E,
68,'250,France,6655,Permanent meadows and pastures,7209,Share in Land area,2007,2007,%,18.27,E,
68,'250,France,6655,Permanent meadows and pastures,7209,Share in Land area,2008,2008,%,18.17,E,
68,'250,France,6655,Permanent meadows and pastures,7209,Share in Land area,2009,2009,%,18.07,E,
68,'250,France,6655,Permanent meadows and pastures,7209,Share in Land area,2010,2010,%,17.84,E,
68,'250,France,6655,Permanent meadows and pastures,7209,Share in Land area,2011,2011,%,17.81,E,
68,'250,France,6655,Permanent meadows and pastures,7209,Share in Land area,2012,2012,%,17.74,E,
68,'250,France,6655,Permanent meadows and pastures,7209,Share in Land area,2013,2013,%,17.57,E,
68,'250,France,6655,Permanent meadows and pastures,7209,Share in Land area,2014,2014,%,17.51,E,
68,'250,France,6655,Permanent meadows and pastures,7209,Share in Land area,2015,2015,%,17.19,E,
68,'250,France,6655,Permanent meadows and pastures,7209,Share in Land area,2016,2016,%,17.39,E,
68,'250,France,6655,Permanent meadows and pastures,7209,Share in Land area,2017,2017,%,17.13,E,
68,'250,France,6655,Permanent meadows and pastures,7209,Share in Land area,2018,2018,%,17.68,E,
68,'250,France,6655,Permanent meadows and pastures,7209,Share in Land area,2019,2019,%,17.71,E,
68,'250,France,6655,Permanent meadows and pastures,7209,Share in Land area,2020,2020,%,19.29,A,
68,'250,France,6655,Permanent meadows and pastures,7209,Share in Land area,2021,2021,%,19.27,A,
68,'250,France,6655,Permanent meadows and pastures,7209,Share in Land area,2022,2022,%,19.23,A,
68,'250,France,6655,Permanent meadows and pastures,7209,Share in Land area,2023,2023,%,19.24,A,
68,'250,France,6656,Perm. meadows & pastures - Cultivated,5110,Area,2020,2020,1000 ha,8700.688,A,
68,'250,France,6656,Perm. meadows & pastures - Cultivated,5110,Area,2021,2021,1000 ha,8666.332,A,
68,'250,France,6656,Perm. meadows & pastures - Cultivated,5110,Area,2022,2022,1000 ha,8635.642,A,
68,'250,France,6656,Perm. meadows & pastures - Cultivated,5110,Area,2023,2023,1000 ha,8605.27,A,
68,'250,France,6659,Perm. meadows & pastures - Nat. growing,5110,Area,2020,2020,1000 ha,1696.388,A,
68,'250,France,6659,Perm. meadows & pastures - Nat. growing,5110,Area,2021,2021,1000 ha,1717.917,A,
68,'250,France,6659,Perm. meadows & pastures - Nat. growing,5110,Area,2022,2022,1000 ha,1730.681,A,
68,'250,France,6659,Perm. meadows & pastures - Nat. growing,5110,Area,2023,2023,1000 ha,1765.197,A,
68,'250,France,6646,Forest land,5110,Area,1990,1990,1000 ha,14436.0,X,
68,'250,France,6646,Forest land,5110,Area,1991,1991,1000 ha,14521.2,I,
68,'250,France,6646,Forest land,5110,Area,1992,1992,1000 ha,14606.4,I,
68,'250,France,6646,Forest land,5110,Area,1993,1993,1000 ha,14691.6,I,
68,'250,France,6646,Forest land,5110,Area,1994,1994,1000 ha,14776.8,I,
68,'250,France,6646,Forest land,5110,Area,1995,1995,1000 ha,14862.0,I,
68,'250,France,6646,Forest land,5110,Area,1996,1996,1000 ha,14947.2,I,
68,'250,France,6646,Forest land,5110,Area,1997,1997,1000 ha,15032.4,I,
68,'250,France,6646,Forest land,5110,Area,1998,1998,1000 ha,15117.6,I,
68,'250,France,6646,Forest land,5110,Area,1999,1999,1000 ha,15202.8,I,
68,'250,France,6646,Forest land,5110,Area,2000,2000,1000 ha,15288.0,X,
68,'250,France,6646,Forest land,5110,Area,2001,2001,1000 ha,15401.1,I,
68,'250,France,6646,Forest land,5110,Area,2002,2002,1000 ha,15514.2,I,
68,'250,France,6646,Forest land,5110,Area,2003,2003,1000 ha,15627.3,I,
68,'250,France,6646,Forest land,5110,Area,2004,2004,1000 ha,15740.4,I,
68,'250,France,6646,Forest land,5110,Area,2005,2005,1000 ha,15853.5,I,
68,'250,France,6646,Forest land,5110,Area,2006,2006,1000 ha,15966.6,I,
68,'250,France,6646,Forest land,5110,Area,2007,2007,1000 ha,16079.7,I,
68,'250,France,6646,Forest land,5110,Area,2008,2008,1000 ha,16192.8,I,
68,'250,France,6646,Forest land,5110,Area,2009,2009,1000 ha,16305.9,I,
68,'250,France,6646,Forest land,5110,Area,2010,2010,1000 ha,16419.0,X,
68,'250,France,6646,Forest land,5110,Area,2011,2011,1000 ha,16502.4,I,
68,'250,France,6646,Forest land,5110,Area,2012,2012,1000 ha,16585.8,I,
68,'250,France,6646,Forest land,5110,Area,2013,2013,1000 ha,16669.2,I,
68,'250,France,6646,Forest land,5110,Area,2014,2014,1000 ha,16752.6,I,
68,'250,France,6646,Forest land,5110,Area,2015,2015,1000 ha,16836.0,X,
68,'250,France,6646,Forest land,5110,Area,2016,2016,1000 ha,16938.4,I,
68,'250,France,6646,Forest land,5110,Area,2017,2017,1000 ha,17040.8,I,
68,'250,France,6646,Forest land,5110,Area,2018,2018,1000 ha,17143.2,I,
68,'250,France,6646,Forest land,5110,Area,2019,2019,1000 ha,17245.6,I,
68,'250,France,6646,Forest land,5110,Area,2020,2020,1000 ha,17348.0,X,
68,'250,France,6646,Forest land,5110,Area,2021,2021,1000 ha,17437.4,I,
68,'250,France,6646,Forest land,5110,Area,2022,2022,1000 ha,17526.8,I,
68,'250,France,6646,Forest land,5110,Area,2023,2023,1000 ha,17616.2,I,
68,'250,France,6646,Forest land,5110,Area,2024,2024,1000 ha,17705.6,I,
68,'250,France,6646,Forest land,5110,Area,2025,2025,1000 ha,17795.0,X,
68,'250,France,6646,Forest land,72151,Carbon stock in living biomass,1990,1990,million t,965.0,X,
68,'250,France,6646,Forest land,72151,Carbon stock in living biomass,1991,1991,million t,973.4,I,
68,'250,France,6646,Forest land,72151,Carbon stock in living biomass,1992,1992,million t,981.8,I,
68,'250,France,6646,Forest land,72151,Carbon stock in living biomass,1993,1993,million t,990.2,I,
68,'250,France,6646,Forest land,72151,Carbon stock in living biomass,1994,1994,million t,998.6,I,
68,'250,France,6646,Forest land,72151,Carbon stock in living biomass,1995,1995,million t,1007.0,I,
68,'250,France,6646,Forest land,72151,Carbon stock in living biomass,1996,1996,million t,1015.4,I,
68,'250,France,6646,Forest land,72151,Carbon stock in living biomass,1997,1997,million t,1023.8,I,
68,'250,France,6646,Forest land,72151,Carbon stock in living biomass,1998,1998,million t,1032.2,I,
68,'250,France,6646,Forest land,72151,Carbon stock in living biomass,1999,1999,million t,1040.6,I,
68,'250,France,6646,Forest land,72151,Carbon stock in living biomass,2000,2000,million t,1049.0,X,
68,'250,France,6646,Forest land,72151,Carbon stock in living biomass,2001,2001,million t,1068.4,I,
68,'250,France,6646,Forest land,72151,Carbon stock in living biomass,2002,2002,million t,1087.8,I,
68,'250,France,6646,Forest land,72151,Carbon stock in living biomass,2003,2003,million t,1107.2,I,
68,'250,France,6646,Forest land,72151,Carbon stock in living biomass,2004,2004,million t,1126.6,I,
68,'250,France,6646,Forest land,72151,Carbon stock in living biomass,2005,2005,million t,1146.0,I,
68,'250,France,6646,Forest land,72151,Carbon stock in living biomass,2006,2006,million t,1165.4,I,
68,'250,France,6646,Forest land,72151,Carbon stock in living biomass,2007,2007,million t,1184.8,I,
68,'250,France,6646,Forest land,72151,Carbon stock in living biomass,2008,2008,million t,1204.2,I,
68,'250,France,6646,Forest land,72151,Carbon stock in living biomass,2009,2009,million t,1223.6,I,
68,'250,France,6646,Forest land,72151,Carbon stock in living biomass,2010,2010,million t,1243.0,X,
68,'250,France,6646,Forest land,72151,Carbon stock in living biomass,2011,2011,million t,1261.082,I,
68,'250,France,6646,Forest land,72151,Carbon stock in living biomass,2012,2012,million t,1279.164,I,
68,'250,France,6646,Forest land,72151,Carbon stock in living biomass,2013,2013,million t,1297.246,I,
68,'250,France,6646,Forest land,72151,Carbon stock in living biomass,2014,2014,million t,1315.328,I,
68,'250,France,6646,Forest land,72151,Carbon stock in living biomass,2015,2015,million t,1333.41,X,
68,'250,France,6646,Forest land,72151,Carbon stock in living biomass,2016,2016,million t,1342.134,I,
68,'250,France,6646,Forest land,72151,Carbon stock in living biomass,2017,2017,million t,1350.858,I,
68,'250,France,6646,Forest land,72151,Carbon stock in living biomass,2018,2018,million t,1359.582,I,
68,'250,France,6646,Forest land,72151,Carbon stock in living biomass,2019,2019,million t,1368.306,I,
68,'250,France,6646,Forest land,72151,Carbon stock in living biomass,2020,2020,million t,1377.03,X,
68,'250,France,6646,Forest land,72151,Carbon stock in living biomass,2021,2021,million t,1385.754,I,
68,'250,France,6646,Forest land,72151,Carbon stock in living biomass,2022,2022,million t,1394.478,I,
68,'250,France,6646,Forest land,72151,Carbon stock in living biomass,2023,2023,million t,1403.202,I,
68,'250,France,6646,Forest land,72151,Carbon stock in living biomass,2024,2024,million t,1411.926,I,
68,'250,France,6646,Forest land,72151,Carbon stock in living biomass,2025,2025,million t,1420.65,X,
68,'250,France,6646,Forest land,7209,Share in Land area,1990,1990,%,26.79,E,
68,'250,France,6646,Forest land,7209,Share in Land area,1991,1991,%,26.94,E,
68,'250,France,6646,Forest land,7209,Share in Land area,1992,1992,%,27.1,E,
68,'250,France,6646,Forest land,7209,Share in Land area,1993,1993,%,27.26,E,
68,'250,France,6646,Forest land,7209,Share in Land area,1994,1994,%,27.42,E,
68,'250,France,6646,Forest land,7209,Share in Land area,1995,1995,%,27.58,E,
68,'250,France,6646,Forest land,7209,Share in Land area,1996,1996,%,27.73,E,
68,'250,France,6646,Forest land,7209,Share in Land area,1997,1997,%,27.89,E,
68,'250,France,6646,Forest land,7209,Share in Land area,1998,1998,%,28.05,E,
68,'250,France,6646,Forest land,7209,Share in Land area,1999,1999,%,28.21,E,
68,'250,France,6646,Forest land,7209,Share in Land area,2000,2000,%,28.37,E,
68,'250,France,6646,Forest land,7209,Share in Land area,2001,2001,%,28.58,E,
68,'250,France,6646,Forest land,7209,Share in Land area,2002,2002,%,28.79,E,
68,'250,France,6646,Forest land,7209,Share in Land area,2003,2003,%,29.0,E,
68,'250,France,6646,Forest land,7209,Share in Land area,2004,2004,%,29.21,E,
68,'250,France,6646,Forest land,7209,Share in Land area,2005,2005,%,29.42,E,
68,'250,France,6646,Forest land,7209,Share in Land area,2006,2006,%,29.63,E,
68,'250,France,6646,Forest land,7209,Share in Land area,2007,2007,%,29.84,E,
68,'250,France,6646,Forest land,7209,Share in Land area,2008,2008,%,30.05,E,
68,'250,France,6646,Forest land,7209,Share in Land area,2009,2009,%,30.25,E,
68,'250,France,6646,Forest land,7209,Share in Land area,2010,2010,%,30.46,E,
68,'250,France,6646,Forest land,7209,Share in Land area,2011,2011,%,30.62,E,
68,'250,France,6646,Forest land,7209,Share in Land area,2012,2012,%,30.77,E,
68,'250,France,6646,Forest land,7209,Share in Land area,2013,2013,%,30.93,E,
68,'250,France,6646,Forest land,7209,Share in Land area,2014,2014,%,31.08,E,
68,'250,France,6646,Forest land,7209,Share in Land area,2015,2015,%,31.24,E,
68,'250,France,6646,Forest land,7209,Share in Land area,2016,2016,%,31.43,E,
68,'250,France,6646,Forest land,7209,Share in Land area,2017,2017,%,31.62,E,
68,'250,France,6646,Forest land,7209,Share in Land area,2018,2018,%,31.81,E,
68,'250,France,6646,Forest land,7209,Share in Land area,2019,2019,%,32.0,E,
68,'250,France,6646,Forest land,7209,Share in Land area,2020,2020,%,32.19,E,
68,'250,France,6646,Forest land,7209,Share in Land area,2021,2021,%,32.35,E,
68,'250,France,6646,Forest land,7209,Share in Land area,2022,2022,%,32.52,E,
68,'250,France,6646,Forest land,7209,Share in Land area,2023,2023,%,32.69,E,
68,'250,France,6717,Naturally regenerating forest,5110,Area,1990,1990,1000 ha,12908.0,X,
68,'250,France,6717,Naturally regenerating forest,5110,Area,1991,1991,1000 ha,12987.4,I,
68,'250,France,6717,Naturally regenerating forest,5110,Area,1992,1992,1000 ha,13066.8,I,
68,'250,France,6717,Naturally regenerating forest,5110,Area,1993,1993,1000 ha,13146.2,I,
68,'250,France,6717,Naturally regenerating forest,5110,Area,1994,1994,1000 ha,13225.6,I,
68,'250,France,6717,Naturally regenerating forest,5110,Area,1995,1995,1000 ha,13305.0,I,
68,'250,France,6717,Naturally regenerating forest,5110,Area,1996,1996,1000 ha,13384.4,I,
68,'250,France,6717,Naturally regenerating forest,5110,Area,1997,1997,1000 ha,13463.8,I,
68,'250,France,6717,Naturally regenerating forest,5110,Area,1998,1998,1000 ha,13543.2,I,
68,'250,France,6717,Naturally regenerating forest,5110,Area,1999,1999,1000 ha,13622.6,I,
68,'250,France,6717,Naturally regenerating forest,5110,Area,2000,2000,1000 ha,13702.0,X,
68,'250,France,6717,Naturally regenerating forest,5110,Area,2001,2001,1000 ha,13766.4,I,
68,'250,France,6717,Naturally regenerating forest,5110,Area,2002,2002,1000 ha,13830.8,I,
68,'250,France,6717,Naturally regenerating forest,5110,Area,2003,2003,1000 ha,13895.2,I,
68,'250,France,6717,Naturally regenerating forest,5110,Area,2004,2004,1000 ha,13959.6,I,
68,'250,France,6717,Naturally regenerating forest,5110,Area,2005,2005,1000 ha,14024.0,I,
68,'250,France,6717,Naturally regenerating forest,5110,Area,2006,2006,1000 ha,14088.4,I,
68,'250,France,6717,Naturally regenerating forest,5110,Area,2007,2007,1000 ha,14152.8,I,
68,'250,France,6717,Naturally regenerating forest,5110,Area,2008,2008,1000 ha,14217.2,I,
68,'250,France,6717,Naturally regenerating forest,5110,Area,2009,2009,1000 ha,14281.6,I,
68,'250,France,6717,Naturally regenerating forest,5110,Area,2010,2010,1000 ha,14346.0,X,
68,'250,France,6717,Naturally regenerating forest,5110,Area,2011,2011,1000 ha,14397.6,I,
68,'250,France,6717,Naturally regenerating forest,5110,Area,2012,2012,1000 ha,14449.2,I,
68,'250,France,6717,Naturally regenerating forest,5110,Area,2013,2013,1000 ha,14500.8,I,
68,'250,France,6717,Naturally regenerating forest,5110,Area,2014,2014,1000 ha,14552.4,I,
68,'250,France,6717,Naturally regenerating forest,5110,Area,2015,2015,1000 ha,14604.0,X,
68,'250,France,6717,Naturally regenerating forest,5110,Area,2016,2016,1000 ha,14694.0,I,
68,'250,France,6717,Naturally regenerating forest,5110,Area,2017,2017,1000 ha,14784.0,I,
68,'250,France,6717,Naturally regenerating forest,5110,Area,2018,2018,1000 ha,14874.0,I,
68,'250,France,6717,Naturally regenerating forest,5110,Area,2019,2019,1000 ha,14964.0,I,
68,'250,France,6717,Naturally regenerating forest,5110,Area,2020,2020,1000 ha,15054.0,X,
68,'250,France,6717,Naturally regenerating forest,5110,Area,2021,2021,1000 ha,15131.0,I,
68,'250,France,6717,Naturally regenerating forest,5110,Area,2022,2022,1000 ha,15208.0,I,
68,'250,France,6717,Naturally regenerating forest,5110,Area,2023,2023,1000 ha,15285.0,I,
68,'250,France,6717,Naturally regenerating forest,5110,Area,2024,2024,1000 ha,15362.0,I,
68,'250,France,6717,Naturally regenerating forest,5110,Area,2025,2025,1000 ha,15439.0,X,
68,'250,France,6717,Naturally regenerating forest,7210,Share in Forest land,1990,1990,%,89.42,X,
68,'250,France,6717,Naturally regenerating forest,7210,Share in Forest land,1991,1991,%,89.44,E,
68,'250,France,6717,Naturally regenerating forest,7210,Share in Forest land,1992,1992,%,89.46,E,
68,'250,France,6717,Naturally regenerating forest,7210,Share in Forest land,1993,1993,%,89.48,E,
68,'250,France,6717,Naturally regenerating forest,7210,Share in Forest land,1994,1994,%,89.5,E,
68,'250,France,6717,Naturally regenerating forest,7210,Share in Forest land,1995,1995,%,89.52,E,
68,'250,France,6717,Naturally regenerating forest,7210,Share in Forest land,1996,1996,%,89.54,E,
68,'250,France,6717,Naturally regenerating forest,7210,Share in Forest land,1997,1997,%,89.57,E,
68,'250,France,6717,Naturally regenerating forest,7210,Share in Forest land,1998,1998,%,89.59,E,
68,'250,France,6717,Naturally regenerating forest,7210,Share in Forest land,1999,1999,%,89.61,E,
68,'250,France,6717,Naturally regenerating forest,7210,Share in Forest land,2000,2000,%,89.63,X,
68,'250,France,6717,Naturally regenerating forest,7210,Share in Forest land,2001,2001,%,89.39,E,
68,'250,France,6717,Naturally regenerating forest,7210,Share in Forest land,2002,2002,%,89.15,E,
68,'250,France,6717,Naturally regenerating forest,7210,Share in Forest land,2003,2003,%,88.92,E,
68,'250,France,6717,Naturally regenerating forest,7210,Share in Forest land,2004,2004,%,88.69,E,
68,'250,France,6717,Naturally regenerating forest,7210,Share in Forest land,2005,2005,%,88.46,E,
68,'250,France,6717,Naturally regenerating forest,7210,Share in Forest land,2006,2006,%,88.24,E,
68,'250,France,6717,Naturally regenerating forest,7210,Share in Forest land,2007,2007,%,88.02,E,
68,'250,France,6717,Naturally regenerating forest,7210,Share in Forest land,2008,2008,%,87.8,E,
68,'250,France,6717,Naturally regenerating forest,7210,Share in Forest land,2009,2009,%,87.59,E,
68,'250,France,6717,Naturally regenerating forest,7210,Share in Forest land,2010,2010,%,87.37,X,
68,'250,France,6717,Naturally regenerating forest,7210,Share in Forest land,2011,2011,%,87.25,E,
68,'250,France,6717,Naturally regenerating forest,7210,Share in Forest land,2012,2012,%,87.12,E,
68,'250,France,6717,Naturally regenerating forest,7210,Share in Forest land,2013,2013,%,86.99,E,
68,'250,France,6717,Naturally regenerating forest,7210,Share in Forest land,2014,2014,%,86.87,E,
68,'250,France,6717,Naturally regenerating forest,7210,Share in Forest land,2015,2015,%,86.74,X,
68,'250,France,6717,Naturally regenerating forest,7210,Share in Forest land,2016,2016,%,86.75,E,
68,'250,France,6717,Naturally regenerating forest,7210,Share in Forest land,2017,2017,%,86.76,E,
68,'250,France,6717,Naturally regenerating forest,7210,Share in Forest land,2018,2018,%,86.76,E,
68,'250,France,6717,Naturally regenerating forest,7210,Share in Forest land,2019,2019,%,86.77,E,
68,'250,France,6717,Naturally regenerating forest,7210,Share in Forest land,2020,2020,%,86.78,X,
68,'250,France,6717,Naturally regenerating forest,7210,Share in Forest land,2021,2021,%,86.77,E,
68,'250,France,6717,Naturally regenerating forest,7210,Share in Forest land,2022,2022,%,86.77,E,
68,'250,France,6717,Naturally regenerating forest,7210,Share in Forest land,2023,2023,%,86.77,E,
68,'250,France,6717,Naturally regenerating forest,7210,Share in Forest land,2024,2024,%,86.76,E,
68,'250,France,6717,Naturally regenerating forest,7210,Share in Forest land,2025,2025,%,86.76,X,
68,'250,France,6716,Planted Forest,5110,Area,1990,1990,1000 ha,1528.0,X,
68,'250,France,6716,Planted Forest,5110,Area,1991,1991,1000 ha,1533.8,I,
68,'250,France,6716,Planted Forest,5110,Area,1992,1992,1000 ha,1539.6,I,
68,'250,France,6716,Planted Forest,5110,Area,1993,1993,1000 ha,1545.4,I,
68,'250,France,6716,Planted Forest,5110,Area,1994,1994,1000 ha,1551.2,I,
68,'250,France,6716,Planted Forest,5110,Area,1995,1995,1000 ha,1557.0,I,
68,'250,France,6716,Planted Forest,5110,Area,1996,1996,1000 ha,1562.8,I,
68,'250,France,6716,Planted Forest,5110,Area,1997,1997,1000 ha,1568.6,I,
68,'250,France,6716,Planted Forest,5110,Area,1998,1998,1000 ha,1574.4,I,
68,'250,France,6716,Planted Forest,5110,Area,1999,1999,1000 ha,1580.2,I,
68,'250,France,6716,Planted Forest,5110,Area,2000,2000,1000 ha,1586.0,X,
68,'250,France,6716,Planted Forest,5110,Area,2001,2001,1000 ha,1634.7,I,
68,'250,France,6716,Planted Forest,5110,Area,2002,2002,1000 ha,1683.4,I,
68,'250,France,6716,Planted Forest,5110,Area,2003,2003,1000 ha,1732.1,I,
68,'250,France,6716,Planted Forest,5110,Area,2004,2004,1000 ha,1780.8,I,
68,'250,France,6716,Planted Forest,5110,Area,2005,2005,1000 ha,1829.5,I,
68,'250,France,6716,Planted Forest,5110,Area,2006,2006,1000 ha,1878.2,I,
68,'250,France,6716,Planted Forest,5110,Area,2007,2007,1000 ha,1926.9,I,
68,'250,France,6716,Planted Forest,5110,Area,2008,2008,1000 ha,1975.6,I,
68,'250,France,6716,Planted Forest,5110,Area,2009,2009,1000 ha,2024.3,I,
68,'250,France,6716,Planted Forest,5110,Area,2010,2010,1000 ha,2073.0,X,
68,'250,France,6716,Planted Forest,5110,Area,2011,2011,1000 ha,2104.8,I,
68,'250,France,6716,Planted Forest,5110,Area,2012,2012,1000 ha,2136.6,I,
68,'250,France,6716,Planted Forest,5110,Area,2013,2013,1000 ha,2168.4,I,
68,'250,France,6716,Planted Forest,5110,Area,2014,2014,1000 ha,2200.2,I,
68,'250,France,6716,Planted Forest,5110,Area,2015,2015,1000 ha,2232.0,X,
68,'250,France,6716,Planted Forest,5110,Area,2016,2016,1000 ha,2244.4,I,
68,'250,France,6716,Planted Forest,5110,Area,2017,2017,1000 ha,2256.8,I,
68,'250,France,6716,Planted Forest,5110,Area,2018,2018,1000 ha,2269.2,I,
68,'250,France,6716,Planted Forest,5110,Area,2019,2019,1000 ha,2281.6,I,
68,'250,France,6716,Planted Forest,5110,Area,2020,2020,1000 ha,2294.0,X,
68,'250,France,6716,Planted Forest,5110,Area,2021,2021,1000 ha,2306.4,I,
68,'250,France,6716,Planted Forest,5110,Area,2022,2022,1000 ha,2318.8,I,
68,'250,France,6716,Planted Forest,5110,Area,2023,2023,1000 ha,2331.2,I,
68,'250,France,6716,Planted Forest,5110,Area,2024,2024,1000 ha,2343.6,I,
68,'250,France,6716,Planted Forest,5110,Area,2025,2025,1000 ha,2356.0,X,
68,'250,France,6716,Planted Forest,7210,Share in Forest land,1990,1990,%,10.58,X,
68,'250,France,6716,Planted Forest,7210,Share in Forest land,1991,1991,%,10.56,E,
68,'250,France,6716,Planted Forest,7210,Share in Forest land,1992,1992,%,10.54,E,
68,'250,France,6716,Planted Forest,7210,Share in Forest land,1993,1993,%,10.52,E,
68,'250,France,6716,Planted Forest,7210,Share in Forest land,1994,1994,%,10.5,E,
68,'250,France,6716,Planted Forest,7210,Share in Forest land,1995,1995,%,10.48,E,
68,'250,France,6716,Planted Forest,7210,Share in Forest land,1996,1996,%,10.46,E,
68,'250,France,6716,Planted Forest,7210,Share in Forest land,1997,1997,%,10.43,E,
68,'250,France,6716,Planted Forest,7210,Share in Forest land,1998,1998,%,10.41,E,
68,'250,France,6716,Planted Forest,7210,Share in Forest land,1999,1999,%,10.39,E,
68,'250,France,6716,Planted Forest,7210,Share in Forest land,2000,2000,%,10.37,X,
68,'250,France,6716,Planted Forest,7210,Share in Forest land,2001,2001,%,10.61,E,
68,'250,France,6716,Planted Forest,7210,Share in Forest land,2002,2002,%,10.85,E,
68,'250,France,6716,Planted Forest,7210,Share in Forest land,2003,2003,%,11.08,E,
68,'250,France,6716,Planted Forest,7210,Share in Forest land,2004,2004,%,11.31,E,
68,'250,France,6716,Planted Forest,7210,Share in Forest land,2005,2005,%,11.54,E,
68,'250,France,6716,Planted Forest,7210,Share in Forest land,2006,2006,%,11.76,E,
68,'250,France,6716,Planted Forest,7210,Share in Forest land,2007,2007,%,11.98,E,
68,'250,France,6716,Planted Forest,7210,Share in Forest land,2008,2008,%,12.2,E,
68,'250,France,6716,Planted Forest,7210,Share in Forest land,2009,2009,%,12.41,E,
68,'250,France,6716,Planted Forest,7210,Share in Forest land,2010,2010,%,12.63,X,
68,'250,France,6716,Planted Forest,7210,Share in Forest land,2011,2011,%,12.75,E,
68,'250,France,6716,Planted Forest,7210,Share in Forest land,2012,2012,%,12.88,E,
68,'250,France,6716,Planted Forest,7210,Share in Forest land,2013,2013,%,13.01,E,
68,'250,France,6716,Planted Forest,7210,Share in Forest land,2014,2014,%,13.13,E,
68,'250,France,6716,Planted Forest,7210,Share in Forest land,2015,2015,%,13.26,X,
68,'250,France,6716,Planted Forest,7210,Share in Forest land,2016,2016,%,13.25,E,
68,'250,France,6716,Planted Forest,7210,Share in Forest land,2017,2017,%,13.24,E,
68,'250,France,6716,Planted Forest,7210,Share in Forest land,2018,2018,%,13.24,E,
68,'250,France,6716,Planted Forest,7210,Share in Forest land,2019,2019,%,13.23,E,
68,'250,France,6716,Planted Forest,7210,Share in Forest land,2020,2020,%,13.22,X,
68,'250,France,6716,Planted Forest,7210,Share in Forest land,2021,2021,%,13.23,E,
68,'250,France,6716,Planted Forest,7210,Share in Forest land,2022,2022,%,13.23,E,
68,'250,France,6716,Planted Forest,7210,Share in Forest land,2023,2023,%,13.23,E,
68,'250,France,6716,Planted Forest,7210,Share in Forest land,2024,2024,%,13.24,E,
68,'250,France,6716,Planted Forest,7210,Share in Forest land,2025,2025,%,13.24,X,
68,'250,France,6670,Other land,5110,Area,1990,1990,1000 ha,8866.2,I,
68,'250,France,6670,Other land,5110,Area,1991,1991,1000 ha,8888.9,I,
68,'250,France,6670,Other land,5110,Area,1992,1992,1000 ha,8904.3,I,
68,'250,France,6670,Other land,5110,Area,1993,1993,1000 ha,8912.1,I,
68,'250,France,6670,Other land,5110,Area,1994,1994,1000 ha,8913.3,I,
68,'250,France,6670,Other land,5110,Area,1995,1995,1000 ha,8882.8,I,
68,'250,France,6670,Other land,5110,Area,1996,1996,1000 ha,8851.5,I,
68,'250,France,6670,Other land,5110,Area,1997,1997,1000 ha,8823.0,I,
68,'250,France,6670,Other land,5110,Area,1998,1998,1000 ha,8797.4,I,
68,'250,France,6670,Other land,5110,Area,1999,1999,1000 ha,8763.1,I,
68,'250,France,6670,Other land,5110,Area,2000,2000,1000 ha,8799.6,I,
68,'250,France,6670,Other land,5110,Area,2001,2001,1000 ha,8780.6,I,
68,'250,France,6670,Other land,5110,Area,2002,2002,1000 ha,8770.1,I,
68,'250,France,6670,Other land,5110,Area,2003,2003,1000 ha,8733.1,I,
68,'250,France,6670,Other land,5110,Area,2004,2004,1000 ha,8696.2,I,
68,'250,France,6670,Other land,5110,Area,2005,2005,1000 ha,8651.1,I,
68,'250,France,6670,Other land,5110,Area,2006,2006,1000 ha,8615.7,I,
68,'250,France,6670,Other land,5110,Area,2007,2007,1000 ha,8609.2,I,
68,'250,France,6670,Other land,5110,Area,2008,2008,1000 ha,8592.1,I,
68,'250,France,6670,Other land,5110,Area,2009,2009,1000 ha,8569.2,I,
68,'250,France,6670,Other land,5110,Area,2010,2010,1000 ha,8549.7,I,
68,'250,France,6670,Other land,5110,Area,2011,2011,1000 ha,8514.0,I,
68,'250,France,6670,Other land,5110,Area,2012,2012,1000 ha,8464.4,I,
68,'250,France,6670,Other land,5110,Area,2013,2013,1000 ha,8452.1,I,
68,'250,France,6670,Other land,5110,Area,2014,2014,1000 ha,8375.9,I,
68,'250,France,6670,Other land,5110,Area,2015,2015,1000 ha,8332.1,I,
68,'250,France,6670,Other land,5110,Area,2016,2016,1000 ha,8238.579,I,
68,'250,France,6670,Other land,5110,Area,2017,2017,1000 ha,8156.701,I,
68,'250,France,6670,Other land,5110,Area,2018,2018,1000 ha,8091.7,I,
68,'250,France,6670,Other land,5110,Area,2019,2019,1000 ha,8130.5509,I,
68,'250,France,6670,Other land,5110,Area,2020,2020,1000 ha,7970.735,A,
68,'250,France,6670,Other land,5110,Area,2021,2021,1000 ha,7956.1851,A,
68,'250,France,6670,Other land,5110,Area,2022,2022,1000 ha,7990.6094,A,
68,'250,France,6670,Other land,5110,Area,2023,2023,1000 ha,8076.471,A,
68,'250,France,6680,Inland waters,5110,Area,1961,1961,1000 ha,1024.0,I,
68,'250,France,6680,Inland waters,5110,Area,1962,1962,1000 ha,1024.0,I,
68,'250,France,6680,Inland waters,5110,Area,1963,1963,1000 ha,1024.0,I,
68,'250,France,6680,Inland waters,5110,Area,1964,1964,1000 ha,1024.0,I,
68,'250,France,6680,Inland waters,5110,Area,1965,1965,1000 ha,1024.0,I,
68,'250,France,6680,Inland waters,5110,Area,1966,1966,1000 ha,1024.0,I,
68,'250,France,6680,Inland waters,5110,Area,1967,1967,1000 ha,1024.0,I,
68,'250,France,6680,Inland waters,5110,Area,1968,1968,1000 ha,1024.0,I,
68,'250,France,6680,Inland waters,5110,Area,1969,1969,1000 ha,1024.0,I,
68,'250,France,6680,Inland waters,5110,Area,1970,1970,1000 ha,1024.0,I,
68,'250,France,6680,Inland waters,5110,Area,1971,1971,1000 ha,1024.0,I,
68,'250,France,6680,Inland waters,5110,Area,1972,1972,1000 ha,1024.0,I,
68,'250,France,6680,Inland waters,5110,Area,1973,1973,1000 ha,1024.0,I,
68,'250,France,6680,Inland waters,5110,Area,1974,1974,1000 ha,1024.0,I,
68,'250,France,6680,Inland waters,5110,Area,1975,1975,1000 ha,1024.0,I,
68,'250,France,6680,Inland waters,5110,Area,1976,1976,1000 ha,1024.0,I,
68,'250,France,6680,Inland waters,5110,Area,1977,1977,1000 ha,1024.0,I,
68,'250,France,6680,Inland waters,5110,Area,1978,1978,1000 ha,1024.0,I,
68,'250,France,6680,Inland waters,5110,Area,1979,1979,1000 ha,1024.0,I,
68,'250,France,6680,Inland waters,5110,Area,1980,1980,1000 ha,1024.0,I,
68,'250,France,6680,Inland waters,5110,Area,1981,1981,1000 ha,1024.0,I,
68,'250,France,6680,Inland waters,5110,Area,1982,1982,1000 ha,1024.0,I,
68,'250,France,6680,Inland waters,5110,Area,1983,1983,1000 ha,1024.0,I,
68,'250,France,6680,Inland waters,5110,Area,1984,1984,1000 ha,1024.0,I,
68,'250,France,6680,Inland waters,5110,Area,1985,1985,1000 ha,1024.0,I,
68,'250,France,6680,Inland waters,5110,Area,1986,1986,1000 ha,1024.0,I,
68,'250,France,6680,Inland waters,5110,Area,1987,1987,1000 ha,1024.0,I,
68,'250,France,6680,Inland waters,5110,Area,1988,1988,1000 ha,1024.0,I,
68,'250,France,6680,Inland waters,5110,Area,1989,1989,1000 ha,1024.0,I,
68,'250,France,6680,Inland waters,5110,Area,1990,1990,1000 ha,1024.0,I,
68,'250,France,6680,Inland waters,5110,Area,1991,1991,1000 ha,1024.0,I,
68,'250,France,6680,Inland waters,5110,Area,1992,1992,1000 ha,1024.0,I,
68,'250,France,6680,Inland waters,5110,Area,1993,1993,1000 ha,1024.0,I,
68,'250,France,6680,Inland waters,5110,Area,1994,1994,1000 ha,1024.0,I,
68,'250,France,6680,Inland waters,5110,Area,1995,1995,1000 ha,1024.0,I,
68,'250,France,6680,Inland waters,5110,Area,1996,1996,1000 ha,1024.0,I,
68,'250,France,6680,Inland waters,5110,Area,1997,1997,1000 ha,1024.0,I,
68,'250,France,6680,Inland waters,5110,Area,1998,1998,1000 ha,1024.0,I,
68,'250,France,6680,Inland waters,5110,Area,1999,1999,1000 ha,1024.0,I,
68,'250,France,6680,Inland waters,5110,Area,2000,2000,1000 ha,1024.0,I,
68,'250,France,6680,Inland waters,5110,Area,2001,2001,1000 ha,1024.0,I,
68,'250,France,6680,Inland waters,5110,Area,2002,2002,1000 ha,1024.0,I,
68,'250,France,6680,Inland waters,5110,Area,2003,2003,1000 ha,1024.0,I,
68,'250,France,6680,Inland waters,5110,Area,2004,2004,1000 ha,1024.0,I,
68,'250,France,6680,Inland waters,5110,Area,2005,2005,1000 ha,1024.0,I,
68,'250,France,6680,Inland waters,5110,Area,2006,2006,1000 ha,1024.0,I,
68,'250,France,6680,Inland waters,5110,Area,2007,2007,1000 ha,1024.0,I,
68,'250,France,6680,Inland waters,5110,Area,2008,2008,1000 ha,1024.0,I,
68,'250,France,6680,Inland waters,5110,Area,2009,2009,1000 ha,1024.0,I,
68,'250,France,6680,Inland waters,5110,Area,2010,2010,1000 ha,1024.0,I,
68,'250,France,6680,Inland waters,5110,Area,2011,2011,1000 ha,1024.0,I,
68,'250,France,6680,Inland waters,5110,Area,2012,2012,1000 ha,1024.0,I,
68,'250,France,6680,Inland waters,5110,Area,2013,2013,1000 ha,1024.0,I,
68,'250,France,6680,Inland waters,5110,Area,2014,2014,1000 ha,1024.0,I,
68,'250,France,6680,Inland waters,5110,Area,2015,2015,1000 ha,1024.0,I,
68,'250,France,6680,Inland waters,5110,Area,2016,2016,1000 ha,1024.0,I,
68,'250,France,6680,Inland waters,5110,Area,2017,2017,1000 ha,1024.0,I,
68,'250,France,6680,Inland waters,5110,Area,2018,2018,1000 ha,1024.0,I,
68,'250,France,6680,Inland waters,5110,Area,2019,2019,1000 ha,1024.0,I,
68,'250,France,6680,Inland waters,5110,Area,2020,2020,1000 ha,1024.0,A,
68,'250,France,6680,Inland waters,5110,Area,2021,2021,1000 ha,1024.0,A,
68,'250,France,6680,Inland waters,5110,Area,2022,2022,1000 ha,1024.0,A,
68,'250,France,6680,Inland waters,5110,Area,2023,2023,1000 ha,1024.0,A,
68,'250,France,6773,Coastal waters,5110,Area,1961,1961,1000 ha,5722.0,I,
68,'250,France,6773,Coastal waters,5110,Area,1962,1962,1000 ha,5722.0,I,
68,'250,France,6773,Coastal waters,5110,Area,1963,1963,1000 ha,5722.0,I,
68,'250,France,6773,Coastal waters,5110,Area,1964,1964,1000 ha,5722.0,I,
68,'250,France,6773,Coastal waters,5110,Area,1965,1965,1000 ha,5722.0,I,
68,'250,France,6773,Coastal waters,5110,Area,1966,1966,1000 ha,5722.0,I,
68,'250,France,6773,Coastal waters,5110,Area,1967,1967,1000 ha,5722.0,I,
68,'250,France,6773,Coastal waters,5110,Area,1968,1968,1000 ha,5722.0,I,
68,'250,France,6773,Coastal waters,5110,Area,1969,1969,1000 ha,5722.0,I,
68,'250,France,6773,Coastal waters,5110,Area,1970,1970,1000 ha,5722.0,I,
68,'250,France,6773,Coastal waters,5110,Area,1971,1971,1000 ha,5722.0,I,
68,'250,France,6773,Coastal waters,5110,Area,1972,1972,1000 ha,5722.0,I,
68,'250,France,6773,Coastal waters,5110,Area,1973,1973,1000 ha,5722.0,I,
68,'250,France,6773,Coastal waters,5110,Area,1974,1974,1000 ha,5722.0,I,
68,'250,France,6773,Coastal waters,5110,Area,1975,1975,1000 ha,5722.0,I,
68,'250,France,6773,Coastal waters,5110,Area,1976,1976,1000 ha,5722.0,I,
68,'250,France,6773,Coastal waters,5110,Area,1977,1977,1000 ha,5722.0,I,
68,'250,France,6773,Coastal waters,5110,Area,1978,1978,1000 ha,5722.0,I,
68,'250,France,6773,Coastal waters,5110,Area,1979,1979,1000 ha,5722.0,I,
68,'250,France,6773,Coastal waters,5110,Area,1980,1980,1000 ha,5722.0,I,
68,'250,France,6773,Coastal waters,5110,Area,1981,1981,1000 ha,5722.0,I,
68,'250,France,6773,Coastal waters,5110,Area,1982,1982,1000 ha,5722.0,I,
68,'250,France,6773,Coastal waters,5110,Area,1983,1983,1000 ha,5722.0,I,
68,'250,France,6773,Coastal waters,5110,Area,1984,1984,1000 ha,5722.0,I,
68,'250,France,6773,Coastal waters,5110,Area,1985,1985,1000 ha,5722.0,I,
68,'250,France,6773,Coastal waters,5110,Area,1986,1986,1000 ha,5722.0,I,
68,'250,France,6773,Coastal waters,5110,Area,1987,1987,1000 ha,5722.0,I,
68,'250,France,6773,Coastal waters,5110,Area,1988,1988,1000 ha,5722.0,I,
68,'250,France,6773,Coastal waters,5110,Area,1989,1989,1000 ha,5722.0,I,
68,'250,France,6773,Coastal waters,5110,Area,1990,1990,1000 ha,5722.0,I,
68,'250,France,6773,Coastal waters,5110,Area,1991,1991,1000 ha,5722.0,I,
68,'250,France,6773,Coastal waters,5110,Area,1992,1992,1000 ha,5722.0,I,
68,'250,France,6773,Coastal waters,5110,Area,1993,1993,1000 ha,5722.0,I,
68,'250,France,6773,Coastal waters,5110,Area,1994,1994,1000 ha,5722.0,I,
68,'250,France,6773,Coastal waters,5110,Area,1995,1995,1000 ha,5722.0,I,
68,'250,France,6773,Coastal waters,5110,Area,1996,1996,1000 ha,5722.0,I,
68,'250,France,6773,Coastal waters,5110,Area,1997,1997,1000 ha,5722.0,I,
68,'250,France,6773,Coastal waters,5110,Area,1998,1998,1000 ha,5722.0,I,
68,'250,France,6773,Coastal waters,5110,Area,1999,1999,1000 ha,5722.0,I,
68,'250,France,6773,Coastal waters,5110,Area,2000,2000,1000 ha,5722.0,I,
68,'250,France,6773,Coastal waters,5110,Area,2001,2001,1000 ha,5722.0,I,
68,'250,France,6773,Coastal waters,5110,Area,2002,2002,1000 ha,5722.0,I,
68,'250,France,6773,Coastal waters,5110,Area,2003,2003,1000 ha,5722.0,I,
68,'250,France,6773,Coastal waters,5110,Area,2004,2004,1000 ha,5722.0,I,
68,'250,France,6773,Coastal waters,5110,Area,2005,2005,1000 ha,5722.0,I,
68,'250,France,6773,Coastal waters,5110,Area,2006,2006,1000 ha,5722.0,I,
68,'250,France,6773,Coastal waters,5110,Area,2007,2007,1000 ha,5722.0,I,
68,'250,France,6773,Coastal waters,5110,Area,2008,2008,1000 ha,5722.0,I,
68,'250,France,6773,Coastal waters,5110,Area,2009,2009,1000 ha,5722.0,I,
68,'250,France,6773,Coastal waters,5110,Area,2010,2010,1000 ha,5722.0,I,
68,'250,France,6773,Coastal waters,5110,Area,2011,2011,1000 ha,5722.0,I,
68,'250,France,6773,Coastal waters,5110,Area,2012,2012,1000 ha,5722.0,I,
68,'250,France,6773,Coastal waters,5110,Area,2013,2013,1000 ha,5722.0,I,
68,'250,France,6773,Coastal waters,5110,Area,2014,2014,1000 ha,5722.0,I,
68,'250,France,6773,Coastal waters,5110,Area,2015,2015,1000 ha,5722.0,I,
68,'250,France,6773,Coastal waters,5110,Area,2016,2016,1000 ha,5722.0,I,
68,'250,France,6773,Coastal waters,5110,Area,2017,2017,1000 ha,5722.0,I,
68,'250,France,6773,Coastal waters,5110,Area,2018,2018,1000 ha,5722.0,I,
68,'250,France,6773,Coastal waters,5110,Area,2019,2019,1000 ha,5722.0,I,
68,'250,France,6773,Coastal waters,5110,Area,2020,2020,1000 ha,5722.0,A,
68,'250,France,6773,Coastal waters,5110,Area,2021,2021,1000 ha,5722.0,A,
68,'250,France,6773,Coastal waters,5110,Area,2022,2022,1000 ha,5722.0,A,
68,'250,France,6773,Coastal waters,5110,Area,2023,2023,1000 ha,5722.0,A,
68,'250,France,6643,Exclusive Economic Zone (EEZ),5110,Area,2020,2020,1000 ha,29712.0,A,
68,'250,France,6643,Exclusive Economic Zone (EEZ),5110,Area,2021,2021,1000 ha,29712.0,A,
68,'250,France,6643,Exclusive Economic Zone (EEZ),5110,Area,2022,2022,1000 ha,29712.0,A,
68,'250,France,6643,Exclusive Economic Zone (EEZ),5110,Area,2023,2023,1000 ha,29712.0,A,
68,'250,France,6690,Land area equipped for irrigation,5110,Area,1961,1961,1000 ha,504.0,I,
68,'250,France,6690,Land area equipped for irrigation,5110,Area,1962,1962,1000 ha,532.0,I,
68,'250,France,6690,Land area equipped for irrigation,5110,Area,1963,1963,1000 ha,560.0,I,
68,'250,France,6690,Land area equipped for irrigation,5110,Area,1964,1964,1000 ha,588.0,I,
68,'250,France,6690,Land area equipped for irrigation,5110,Area,1965,1965,1000 ha,616.0,I,
68,'250,France,6690,Land area equipped for irrigation,5110,Area,1966,1966,1000 ha,644.0,I,
68,'250,France,6690,Land area equipped for irrigation,5110,Area,1967,1967,1000 ha,672.0,I,
68,'250,France,6690,Land area equipped for irrigation,5110,Area,1968,1968,1000 ha,700.0,I,
68,'250,France,6690,Land area equipped for irrigation,5110,Area,1969,1969,1000 ha,728.0,I,
68,'250,France,6690,Land area equipped for irrigation,5110,Area,1970,1970,1000 ha,767.0,A,
68,'250,France,6690,Land area equipped for irrigation,5110,Area,1971,1971,1000 ha,840.0,I,
68,'250,France,6690,Land area equipped for irrigation,5110,Area,1972,1972,1000 ha,885.0,I,
68,'250,France,6690,Land area equipped for irrigation,5110,Area,1973,1973,1000 ha,992.0,I,
68,'250,France,6690,Land area equipped for irrigation,5110,Area,1974,1974,1000 ha,1040.0,I,
68,'250,France,6690,Land area equipped for irrigation,5110,Area,1975,1975,1000 ha,1088.0,I,
68,'250,France,6690,Land area equipped for irrigation,5110,Area,1976,1976,1000 ha,1136.0,I,
68,'250,France,6690,Land area equipped for irrigation,5110,Area,1977,1977,1000 ha,1184.0,I,
68,'250,France,6690,Land area equipped for irrigation,5110,Area,1978,1978,1000 ha,1232.0,I,
68,'250,France,6690,Land area equipped for irrigation,5110,Area,1979,1979,1000 ha,1325.0,A,
68,'250,France,6690,Land area equipped for irrigation,5110,Area,1980,1980,1000 ha,1370.0,I,
68,'250,France,6690,Land area equipped for irrigation,5110,Area,1981,1981,1000 ha,1413.0,A,
68,'250,France,6690,Land area equipped for irrigation,5110,Area,1982,1982,1000 ha,1461.0,A,
68,'250,France,6690,Land area equipped for irrigation,5110,Area,1983,1983,1000 ha,1505.0,A,
68,'250,France,6690,Land area equipped for irrigation,5110,Area,1984,1984,1000 ha,1544.0,A,
68,'250,France,6690,Land area equipped for irrigation,5110,Area,1985,1985,1000 ha,1589.0,A,
68,'250,France,6690,Land area equipped for irrigation,5110,Area,1986,1986,1000 ha,1646.0,A,
68,'250,France,6690,Land area equipped for irrigation,5110,Area,1987,1987,1000 ha,1703.0,A,
68,'250,France,6690,Land area equipped for irrigation,5110,Area,1988,1988,1000 ha,1712.0,A,
68,'250,France,6690,Land area equipped for irrigation,5110,Area,1989,1989,1000 ha,1870.0,I,
68,'250,France,6690,Land area equipped for irrigation,5110,Area,1990,1990,1000 ha,1970.0,I,
68,'250,France,6690,Land area equipped for irrigation,5110,Area,1991,1991,1000 ha,2100.0,I,
68,'250,France,6690,Land area equipped for irrigation,5110,Area,1992,1992,1000 ha,2250.0,I,
68,'250,France,6690,Land area equipped for irrigation,5110,Area,1993,1993,1000 ha,2417.0,A,
68,'250,France,6690,Land area equipped for irrigation,5110,Area,1994,1994,1000 ha,2465.0,I,
68,'250,France,6690,Land area equipped for irrigation,5110,Area,1995,1995,1000 ha,2510.0,A,
68,'250,France,6690,Land area equipped for irrigation,5110,Area,1996,1996,1000 ha,2605.0,I,
68,'250,France,6690,Land area equipped for irrigation,5110,Area,1997,1997,1000 ha,2699.0,A,
68,'250,France,6690,Land area equipped for irrigation,5110,Area,1998,1998,1000 ha,2680.0,I,
68,'250,France,6690,Land area equipped for irrigation,5110,Area,1999,1999,1000 ha,2665.0,I,
68,'250,France,6690,Land area equipped for irrigation,5110,Area,2000,2000,1000 ha,2634.0,A,
68,'250,France,6690,Land area equipped for irrigation,5110,Area,2001,2001,1000 ha,2655.0,I,
68,'250,France,6690,Land area equipped for irrigation,5110,Area,2002,2002,1000 ha,2675.0,I,
68,'250,France,6690,Land area equipped for irrigation,5110,Area,2003,2003,1000 ha,2696.0,I,
68,'250,France,6690,Land area equipped for irrigation,5110,Area,2004,2004,1000 ha,2687.0,I,
68,'250,France,6690,Land area equipped for irrigation,5110,Area,2005,2005,1000 ha,2678.0,A,
68,'250,France,6690,Land area equipped for irrigation,5110,Area,2006,2006,1000 ha,2675.0,I,
68,'250,France,6690,Land area equipped for irrigation,5110,Area,2007,2007,1000 ha,2670.0,A,
68,'250,France,6690,Land area equipped for irrigation,5110,Area,2008,2008,1000 ha,2671.0,I,
68,'250,France,6690,Land area equipped for irrigation,5110,Area,2009,2009,1000 ha,2699.0,I,
68,'250,France,6690,Land area equipped for irrigation,5110,Area,2010,2010,1000 ha,2727.0,I,
68,'250,France,6690,Land area equipped for irrigation,5110,Area,2011,2011,1000 ha,2755.0,I,
68,'250,France,6690,Land area equipped for irrigation,5110,Area,2012,2012,1000 ha,2783.0,I,
68,'250,France,6690,Land area equipped for irrigation,5110,Area,2013,2013,1000 ha,2811.0,A,
68,'250,France,6690,Land area equipped for irrigation,5110,Area,2014,2014,1000 ha,2771.0,I,
68,'250,France,6690,Land area equipped for irrigation,5110,Area,2015,2015,1000 ha,2731.0,I,
68,'250,France,6690,Land area equipped for irrigation,5110,Area,2016,2016,1000 ha,2691.0,A,
68,'250,France,6690,Land area equipped for irrigation,5110,Area,2017,2017,1000 ha,2690.689,A,
68,'250,France,6690,Land area equipped for irrigation,5110,Area,2018,2018,1000 ha,2690.689,A,
68,'250,France,6690,Land area equipped for irrigation,5110,Area,2019,2019,1000 ha,2690.689,A,
68,'250,France,6690,Land area equipped for irrigation,5110,Area,2020,2020,1000 ha,2867.0,A,
68,'250,France,6690,Land area equipped for irrigation,5110,Area,2021,2021,1000 ha,2867.0,I,
68,'250,France,6690,Land area equipped for irrigation,5110,Area,2022,2022,1000 ha,2867.0,I,
68,'250,France,6690,Land area equipped for irrigation,5110,Area,2023,2023,1000 ha,2867.0,I,
68,'250,France,6690,Land area equipped for irrigation,7252,Share in Cropland,1961,1961,%,2.35,E,
68,'250,France,6690,Land area equipped for irrigation,7252,Share in Cropland,1962,1962,%,2.5,E,
68,'250,France,6690,Land area equipped for irrigation,7252,Share in Cropland,1963,1963,%,2.64,E,
68,'250,France,6690,Land area equipped for irrigation,7252,Share in Cropland,1964,1964,%,2.82,E,
68,'250,France,6690,Land area equipped for irrigation,7252,Share in Cropland,1965,1965,%,3.0,E,
68,'250,France,6690,Land area equipped for irrigation,7252,Share in Cropland,1966,1966,%,3.19,E,
68,'250,France,6690,Land area equipped for irrigation,7252,Share in Cropland,1967,1967,%,3.39,E,
68,'250,France,6690,Land area equipped for irrigation,7252,Share in Cropland,1968,1968,%,3.63,E,
68,'250,France,6690,Land area equipped for irrigation,7252,Share in Cropland,1969,1969,%,3.78,E,
68,'250,France,6690,Land area equipped for irrigation,7252,Share in Cropland,1970,1970,%,4.02,A,
68,'250,France,6690,Land area equipped for irrigation,7252,Share in Cropland,1971,1971,%,4.49,E,
68,'250,France,6690,Land area equipped for irrigation,7252,Share in Cropland,1972,1972,%,4.75,E,
68,'250,France,6690,Land area equipped for irrigation,7252,Share in Cropland,1973,1973,%,5.3,E,
68,'250,France,6690,Land area equipped for irrigation,7252,Share in Cropland,1974,1974,%,5.51,E,
68,'250,France,6690,Land area equipped for irrigation,7252,Share in Cropland,1975,1975,%,5.74,E,
68,'250,France,6690,Land area equipped for irrigation,7252,Share in Cropland,1976,1976,%,6.06,E,
68,'250,France,6690,Land area equipped for irrigation,7252,Share in Cropland,1977,1977,%,6.29,E,
68,'250,France,6690,Land area equipped for irrigation,7252,Share in Cropland,1978,1978,%,6.49,E,
68,'250,France,6690,Land area equipped for irrigation,7252,Share in Cropland,1979,1979,%,7.0,A,
68,'250,France,6690,Land area equipped for irrigation,7252,Share in Cropland,1980,1980,%,7.26,E,
68,'250,France,6690,Land area equipped for irrigation,7252,Share in Cropland,1981,1981,%,7.47,A,
68,'250,France,6690,Land area equipped for irrigation,7252,Share in Cropland,1982,1982,%,7.68,A,
68,'250,France,6690,Land area equipped for irrigation,7252,Share in Cropland,1983,1983,%,7.91,A,
68,'250,France,6690,Land area equipped for irrigation,7252,Share in Cropland,1984,1984,%,8.06,A,
68,'250,France,6690,Land area equipped for irrigation,7252,Share in Cropland,1985,1985,%,8.26,A,
68,'250,France,6690,Land area equipped for irrigation,7252,Share in Cropland,1986,1986,%,8.53,A,
68,'250,France,6690,Land area equipped for irrigation,7252,Share in Cropland,1987,1987,%,8.75,A,
68,'250,France,6690,Land area equipped for irrigation,7252,Share in Cropland,1988,1988,%,8.99,A,
68,'250,France,6690,Land area equipped for irrigation,7252,Share in Cropland,1989,1989,%,9.88,E,
68,'250,France,6690,Land area equipped for irrigation,7252,Share in Cropland,1990,1990,%,10.37,E,
68,'250,France,6690,Land area equipped for irrigation,7252,Share in Cropland,1991,1991,%,11.03,E,
68,'250,France,6690,Land area equipped for irrigation,7252,Share in Cropland,1992,1992,%,11.81,E,
68,'250,France,6690,Land area equipped for irrigation,7252,Share in Cropland,1993,1993,%,12.57,A,
68,'250,France,6690,Land area equipped for irrigation,7252,Share in Cropland,1994,1994,%,12.78,E,
68,'250,France,6690,Land area equipped for irrigation,7252,Share in Cropland,1995,1995,%,12.97,A,
68,'250,France,6690,Land area equipped for irrigation,7252,Share in Cropland,1996,1996,%,13.45,E,
68,'250,France,6690,Land area equipped for irrigation,7252,Share in Cropland,1997,1997,%,13.9,A,
68,'250,France,6690,Land area equipped for irrigation,7252,Share in Cropland,1998,1998,%,13.77,E,
68,'250,France,6690,Land area equipped for irrigation,7252,Share in Cropland,1999,1999,%,13.67,E,
68,'250,France,6690,Land area equipped for irrigation,7252,Share in Cropland,2000,2000,%,13.51,A,
68,'250,France,6690,Land area equipped for irrigation,7252,Share in Cropland,2001,2001,%,13.63,E,
68,'250,France,6690,Land area equipped for irrigation,7252,Share in Cropland,2002,2002,%,13.72,E,
68,'250,France,6690,Land area equipped for irrigation,7252,Share in Cropland,2003,2003,%,13.85,E,
68,'250,France,6690,Land area equipped for irrigation,7252,Share in Cropland,2004,2004,%,13.79,E,
68,'250,France,6690,Land area equipped for irrigation,7252,Share in Cropland,2005,2005,%,13.74,A,
68,'250,France,6690,Land area equipped for irrigation,7252,Share in Cropland,2006,2006,%,13.76,E,
68,'250,France,6690,Land area equipped for irrigation,7252,Share in Cropland,2007,2007,%,13.79,A,
68,'250,France,6690,Land area equipped for irrigation,7252,Share in Cropland,2008,2008,%,13.83,E,
68,'250,France,6690,Land area equipped for irrigation,7252,Share in Cropland,2009,2009,%,14.0,E,
68,'250,France,6690,Land area equipped for irrigation,7252,Share in Cropland,2010,2010,%,14.12,E,
68,'250,France,6690,Land area equipped for irrigation,7252,Share in Cropland,2011,2011,%,14.29,E,
68,'250,France,6690,Land area equipped for irrigation,7252,Share in Cropland,2012,2012,%,14.43,E,
68,'250,France,6690,Land area equipped for irrigation,7252,Share in Cropland,2013,2013,%,14.56,A,
68,'250,France,6690,Land area equipped for irrigation,7252,Share in Cropland,2014,2014,%,14.34,E,
68,'250,France,6690,Land area equipped for irrigation,7252,Share in Cropland,2015,2015,%,14.03,E,
68,'250,France,6690,Land area equipped for irrigation,7252,Share in Cropland,2016,2016,%,13.91,A,
68,'250,France,6690,Land area equipped for irrigation,7252,Share in Cropland,2017,2017,%,13.82,E,
68,'250,France,6690,Land area equipped for irrigation,7252,Share in Cropland,2018,2018,%,14.06,E,
68,'250,France,6690,Land area equipped for irrigation,7252,Share in Cropland,2019,2019,%,14.18,E,
68,'250,France,6690,Land area equipped for irrigation,7252,Share in Cropland,2020,2020,%,15.91,E,
68,'250,France,6690,Land area equipped for irrigation,7252,Share in Cropland,2021,2021,%,15.89,E,
68,'250,France,6690,Land area equipped for irrigation,7252,Share in Cropland,2022,2022,%,15.91,E,
68,'250,France,6690,Land area equipped for irrigation,7252,Share in Cropland,2023,2023,%,15.99,E,
68,'250,France,6694,Cropland area actually irrigated,5110,Area,2020,2020,1000 ha,1772.0,A,
68,'250,France,6694,Cropland area actually irrigated,5110,Area,2021,2021,1000 ha,1772.0,I,
68,'250,France,6694,Cropland area actually irrigated,5110,Area,2022,2022,1000 ha,1772.0,I,
68,'250,France,6694,Cropland area actually irrigated,5110,Area,2023,2023,1000 ha,1772.0,I,
68,'250,France,6657,Perm. meadows & pastures area actually irrig.,5110,Area,2020,2020,1000 ha,54.0,A,
68,'250,France,6671,Agriculture area under organic agric.,5110,Area,2004,2004,1000 ha,534.1,A,
68,'250,France,6671,Agriculture area under organic agric.,5110,Area,2005,2005,1000 ha,550.5,A,
68,'250,France,6671,Agriculture area under organic agric.,5110,Area,2006,2006,1000 ha,552.8,A,
68,'250,France,6671,Agriculture area under organic agric.,5110,Area,2007,2007,1000 ha,557.1,A,
68,'250,France,6671,Agriculture area under organic agric.,5110,Area,2008,2008,1000 ha,583.3,A,
68,'250,France,6671,Agriculture area under organic agric.,5110,Area,2009,2009,1000 ha,676.4,A,
68,'250,France,6671,Agriculture area under organic agric.,5110,Area,2010,2010,1000 ha,845.4,A,
68,'250,France,6671,Agriculture area under organic agric.,5110,Area,2011,2011,1000 ha,971.8,A,
68,'250,France,6671,Agriculture area under organic agric.,5110,Area,2012,2012,1000 ha,1029.5,A,
68,'250,France,6671,Agriculture area under organic agric.,5110,Area,2013,2013,1000 ha,1061.0,A,
68,'250,France,6671,Agriculture area under organic agric.,5110,Area,2014,2014,1000 ha,1119.0,A,
68,'250,France,6671,Agriculture area under organic agric.,5110,Area,2015,2015,1000 ha,1323.0,A,
68,'250,France,6671,Agriculture area under organic agric.,5110,Area,2016,2016,1000 ha,1537.0,A,
68,'250,France,6671,Agriculture area under organic agric.,5110,Area,2017,2017,1000 ha,1744.4,A,
68,'250,France,6671,Agriculture area under organic agric.,5110,Area,2018,2018,1000 ha,2035.0,A,
68,'250,France,6671,Agriculture area under organic agric.,5110,Area,2019,2019,1000 ha,2241.0,A,
68,'250,France,6671,Agriculture area under organic agric.,5110,Area,2020,2020,1000 ha,2518.0948,B,
68,'250,France,6671,Agriculture area under organic agric.,5110,Area,2021,2021,1000 ha,2744.2023,A,
68,'250,France,6671,Agriculture area under organic agric.,5110,Area,2022,2022,1000 ha,2822.012,A,
68,'250,France,6671,Agriculture area under organic agric.,5110,Area,2023,2023,1000 ha,2767.828,A,
68,'250,France,6671,Agriculture area under organic agric.,7208,Share in Agricultural land,2004,2004,%,1.81,A,
68,'250,France,6671,Agriculture area under organic agric.,7208,Share in Agricultural land,2005,2005,%,1.87,A,
68,'250,France,6671,Agriculture area under organic agric.,7208,Share in Agricultural land,2006,2006,%,1.89,A,
68,'250,France,6671,Agriculture area under organic agric.,7208,Share in Agricultural land,2007,2007,%,1.91,A,
68,'250,France,6671,Agriculture area under organic agric.,7208,Share in Agricultural land,2008,2008,%,2.0,A,
68,'250,France,6671,Agriculture area under organic agric.,7208,Share in Agricultural land,2009,2009,%,2.33,A,
68,'250,France,6671,Agriculture area under organic agric.,7208,Share in Agricultural land,2010,2010,%,2.92,A,
68,'250,France,6671,Agriculture area under organic agric.,7208,Share in Agricultural land,2011,2011,%,3.37,A,
68,'250,France,6671,Agriculture area under organic agric.,7208,Share in Agricultural land,2012,2012,%,3.57,A,
68,'250,France,6671,Agriculture area under organic agric.,7208,Share in Agricultural land,2013,2013,%,3.69,A,
68,'250,France,6671,Agriculture area under organic agric.,7208,Share in Agricultural land,2014,2014,%,3.89,A,
68,'250,France,6671,Agriculture area under organic agric.,7208,Share in Agricultural land,2015,2015,%,4.61,A,
68,'250,France,6671,Agriculture area under organic agric.,7208,Share in Agricultural land,2016,2016,%,5.35,A,
68,'250,France,6671,Agriculture area under organic agric.,7208,Share in Agricultural land,2017,2017,%,6.08,A,
68,'250,France,6671,Agriculture area under organic agric.,7208,Share in Agricultural land,2018,2018,%,7.1,A,
68,'250,France,6671,Agriculture area under organic agric.,7208,Share in Agricultural land,2019,2019,%,7.86,E,
68,'250,France,6671,Agriculture area under organic agric.,7208,Share in Agricultural land,2020,2020,%,8.86,E,
68,'250,France,6671,Agriculture area under organic agric.,7208,Share in Agricultural land,2021,2021,%,9.65,A,
68,'250,France,6671,Agriculture area under organic agric.,7208,Share in Agricultural land,2022,2022,%,9.94,A,
68,'250,France,6671,Agriculture area under organic agric.,7208,Share in Agricultural land,2023,2023,%,9.78,A,
68,'250,France,6672,Agriculture area certified organic,5110,Area,2004,2004,1000 ha,468.5,A,
68,'250,France,6672,Agriculture area certified organic,5110,Area,2005,2005,1000 ha,504.5,A,
68,'250,France,6672,Agriculture area certified organic,5110,Area,2006,2006,1000 ha,499.6,A,
68,'250,France,6672,Agriculture area certified organic,5110,Area,2007,2007,1000 ha,497.3,A,
68,'250,France,6672,Agriculture area certified organic,5110,Area,2008,2008,1000 ha,501.7,A,
68,'250,France,6672,Agriculture area certified organic,5110,Area,2009,2009,1000 ha,524.5,A,
68,'250,France,6672,Agriculture area certified organic,5110,Area,2010,2010,1000 ha,571.8,A,
68,'250,France,6672,Agriculture area certified organic,5110,Area,2011,2011,1000 ha,696.5,A,
68,'250,France,6672,Agriculture area certified organic,5110,Area,2012,2012,1000 ha,852.8,A,
68,'250,France,6672,Agriculture area certified organic,5110,Area,2013,2013,1000 ha,931.0,A,
68,'250,France,6672,Agriculture area certified organic,5110,Area,2014,2014,1000 ha,970.0,A,
68,'250,France,6672,Agriculture area certified organic,5110,Area,2015,2015,1000 ha,1014.0,A,
68,'250,France,6672,Agriculture area certified organic,5110,Area,2016,2016,1000 ha,1054.0,A,
68,'250,France,6672,Agriculture area certified organic,5110,Area,2017,2017,1000 ha,1233.8,A,
68,'250,France,6672,Agriculture area certified organic,5110,Area,2018,2018,1000 ha,1502.6,A,
68,'250,France,6672,Agriculture area certified organic,5110,Area,2019,2019,1000 ha,1675.771,A,
68,'250,France,6672,Agriculture area certified organic,5110,Area,2020,2020,1000 ha,1933.9022,A,
68,'250,France,6672,Agriculture area certified organic,5110,Area,2021,2021,1000 ha,2168.9817,A,
68,'250,France,6672,Agriculture area certified organic,5110,Area,2022,2022,1000 ha,2385.206,A,
68,'250,France,6672,Agriculture area certified organic,5110,Area,2023,2023,1000 ha,2462.1584,A,
68,'250,France,6668,Cropland area under organic agric.,5110,Area,2013,2013,1000 ha,672.0,A,
68,'250,France,6668,Cropland area under organic agric.,5110,Area,2014,2014,1000 ha,708.0,A,
68,'250,France,6668,Cropland area under organic agric.,5110,Area,2015,2015,1000 ha,817.0,A,
68,'250,France,6668,Cropland area under organic agric.,5110,Area,2016,2016,1000 ha,935.026,A,
68,'250,France,6668,Cropland area under organic agric.,5110,Area,2017,2017,1000 ha,1065.4,A,
68,'250,France,6668,Cropland area under organic agric.,5110,Area,2018,2018,1000 ha,1306.5,A,
68,'250,France,6668,Cropland area under organic agric.,5110,Area,2019,2019,1000 ha,1422.613,A,
68,'250,France,6668,Cropland area under organic agric.,5110,Area,2020,2020,1000 ha,1640.6557,A,
68,'250,France,6668,Cropland area under organic agric.,5110,Area,2021,2021,1000 ha,1799.7098,A,
68,'250,France,6668,Cropland area under organic agric.,5110,Area,2022,2022,1000 ha,1854.1294,A,
68,'250,France,6668,Cropland area under organic agric.,5110,Area,2023,2023,1000 ha,1753.2006,A,
68,'250,France,6669,Cropland area certified organic,5110,Area,2013,2013,1000 ha,577.0,A,
68,'250,France,6669,Cropland area certified organic,5110,Area,2014,2014,1000 ha,602.0,A,
68,'250,France,6669,Cropland area certified organic,5110,Area,2015,2015,1000 ha,613.0,A,
68,'250,France,6669,Cropland area certified organic,5110,Area,2016,2016,1000 ha,627.733,A,
68,'250,France,6669,Cropland area certified organic,5110,Area,2017,2017,1000 ha,729.2,A,
68,'250,France,6669,Cropland area certified organic,5110,Area,2018,2018,1000 ha,911.4,A,
68,'250,France,6669,Cropland area certified organic,5110,Area,2019,2019,1000 ha,1016.446,A,
68,'250,France,6669,Cropland area certified organic,5110,Area,2020,2020,1000 ha,1192.3955,A,
68,'250,France,6669,Cropland area certified organic,5110,Area,2021,2021,1000 ha,1369.9334,A,
68,'250,France,6669,Cropland area certified organic,5110,Area,2022,2022,1000 ha,1541.7669,A,
68,'250,France,6669,Cropland area certified organic,5110,Area,2023,2023,1000 ha,1556.7981,A,
68,'250,France,6681,Perm. meadows & pastures area under organic agric.,5110,Area,2013,2013,1000 ha,389.0,A,
68,'250,France,6681,Perm. meadows & pastures area under organic agric.,5110,Area,2014,2014,1000 ha,411.0,A,
68,'250,France,6681,Perm. meadows & pastures area under organic agric.,5110,Area,2015,2015,1000 ha,506.0,A,
68,'250,France,6681,Perm. meadows & pastures area under organic agric.,5110,Area,2016,2016,1000 ha,601.974,A,
68,'250,France,6681,Perm. meadows & pastures area under organic agric.,5110,Area,2017,2017,1000 ha,679.0,A,
68,'250,France,6681,Perm. meadows & pastures area under organic agric.,5110,Area,2018,2018,1000 ha,728.5,A,
68,'250,France,6681,Perm. meadows & pastures area under organic agric.,5110,Area,2019,2019,1000 ha,818.387,A,
68,'250,France,6681,Perm. meadows & pastures area under organic agric.,5110,Area,2020,2020,1000 ha,877.4391,A,
68,'250,France,6681,Perm. meadows & pastures area under organic agric.,5110,Area,2021,2021,1000 ha,944.4924,A,
68,'250,France,6681,Perm. meadows & pastures area under organic agric.,5110,Area,2022,2022,1000 ha,967.8826,A,
68,'250,France,6681,Perm. meadows & pastures area under organic agric.,5110,Area,2023,2023,1000 ha,1014.6275,A,
68,'250,France,6682,Perm. meadows & pastures area certified organic,5110,Area,2013,2013,1000 ha,354.0,A,
68,'250,France,6682,Perm. meadows & pastures area certified organic,5110,Area,2014,2014,1000 ha,368.0,A,
68,'250,France,6682,Perm. meadows & pastures area certified organic,5110,Area,2015,2015,1000 ha,401.0,A,
68,'250,France,6682,Perm. meadows & pastures area certified organic,5110,Area,2016,2016,1000 ha,426.267,A,
68,'250,France,6682,Perm. meadows & pastures area certified organic,5110,Area,2017,2017,1000 ha,504.6,A,
68,'250,France,6682,Perm. meadows & pastures area certified organic,5110,Area,2018,2018,1000 ha,591.2,A,
68,'250,France,6682,Perm. meadows & pastures area certified organic,5110,Area,2019,2019,1000 ha,659.325,A,
68,'250,France,6682,Perm. meadows & pastures area certified organic,5110,Area,2020,2020,1000 ha,741.5067,A,
68,'250,France,6682,Perm. meadows & pastures area certified organic,5110,Area,2021,2021,1000 ha,799.0483,A,
68,'250,France,6682,Perm. meadows & pastures area certified organic,5110,Area,2022,2022,1000 ha,843.4391,A,
68,'250,France,6682,Perm. meadows & pastures area certified organic,5110,Area,2023,2023,1000 ha,905.3604,A,
68,'250,France,6664,Cropland area under conventional tillage,5110,Area,2013,2013,1000 ha,8991.0,A,
68,'250,France,6664,Cropland area under conventional tillage,5110,Area,2014,2014,1000 ha,8991.0,A,
68,'250,France,6664,Cropland area under conventional tillage,5110,Area,2015,2015,1000 ha,8991.0,A,
68,'250,France,6664,Cropland area under conventional tillage,5110,Area,2016,2016,1000 ha,8991.0,A,
68,'250,France,6664,Cropland area under conventional tillage,5110,Area,2020,2020,1000 ha,2087.0,A,
68,'250,France,6665,Cropland area under conservation tillage,5110,Area,2013,2013,1000 ha,4620.0,A,
68,'250,France,6665,Cropland area under conservation tillage,5110,Area,2014,2014,1000 ha,4620.0,A,
68,'250,France,6665,Cropland area under conservation tillage,5110,Area,2015,2015,1000 ha,4620.0,A,
68,'250,France,6665,Cropland area under conservation tillage,5110,Area,2016,2016,1000 ha,4620.0,A,
68,'250,France,6665,Cropland area under conservation tillage,5110,Area,2020,2020,1000 ha,1765.0,A,
68,'250,France,6666,Cropland area under zero or no tillage,5110,Area,2013,2013,1000 ha,529.0,A,
68,'250,France,6666,Cropland area under zero or no tillage,5110,Area,2014,2014,1000 ha,529.0,A,
68,'250,France,6666,Cropland area under zero or no tillage,5110,Area,2015,2015,1000 ha,529.0,A,
68,'250,France,6666,Cropland area under zero or no tillage,5110,Area,2016,2016,1000 ha,529.0,A,
68,'250,France,6666,Cropland area under zero or no tillage,5110,Area,2020,2020,1000 ha,271.0,A,
68,'250,France,6774,Cropland area under protective cover,5110,Area,2010,2010,1000 ha,4.647,A,
68,'250,France,6774,Cropland area under protective cover,5110,Area,2011,2011,1000 ha,4.785,A,
68,'250,France,6774,Cropland area under protective cover,5110,Area,2012,2012,1000 ha,4.904,A,
68,'250,France,6774,Cropland area under protective cover,5110,Area,2013,2013,1000 ha,4.96,A,
68,'250,France,6774,Cropland area under protective cover,5110,Area,2014,2014,1000 ha,4.957,A,
68,'250,France,6774,Cropland area under protective cover,5110,Area,2015,2015,1000 ha,5.073,A,
68,'250,France,6774,Cropland area under protective cover,5110,Area,2016,2016,1000 ha,5.143,A,
68,'250,France,6774,Cropland area under protective cover,5110,Area,2017,2017,1000 ha,5.179,A,
68,'250,France,6774,Cropland area under protective cover,5110,Area,2018,2018,1000 ha,5.273,A,
68,'250,France,6774,Cropland area under protective cover,5110,Area,2019,2019,1000 ha,5.401,A,
68,'250,France,6774,Cropland area under protective cover,5110,Area,2020,2020,1000 ha,5.489,A,
68,'250,France,6774,Cropland area under protective cover,5110,Area,2021,2021,1000 ha,5.463,A,
68,'250,France,6774,Cropland area under protective cover,5110,Area,2022,2022,1000 ha,5.401,A,
68,'250,France,6774,Cropland area under protective cover,5110,Area,2023,2023,1000 ha,5.435,A,
79,'276,Germany,6600,Country area,5110,Area,1961,1961,1000 ha,35697.0,I,
79,'276,Germany,6600,Country area,5110,Area,1962,1962,1000 ha,35697.0,I,
79,'276,Germany,6600,Country area,5110,Area,1963,1963,1000 ha,35697.0,I,
79,'276,Germany,6600,Country area,5110,Area,1964,1964,1000 ha,35697.0,I,
79,'276,Germany,6600,Country area,5110,Area,1965,1965,1000 ha,35697.0,I,
79,'276,Germany,6600,Country area,5110,Area,1966,1966,1000 ha,35697.0,I,
79,'276,Germany,6600,Country area,5110,Area,1967,1967,1000 ha,35697.0,I,
79,'276,Germany,6600,Country area,5110,Area,1968,1968,1000 ha,35697.0,I,
79,'276,Germany,6600,Country area,5110,Area,1969,1969,1000 ha,35697.0,I,
79,'276,Germany,6600,Country area,5110,Area,1970,1970,1000 ha,35697.0,I,
79,'276,Germany,6600,Country area,5110,Area,1971,1971,1000 ha,35697.0,I,
79,'276,Germany,6600,Country area,5110,Area,1972,1972,1000 ha,35697.0,I,
79,'276,Germany,6600,Country area,5110,Area,1973,1973,1000 ha,35697.0,I,
79,'276,Germany,6600,Country area,5110,Area,1974,1974,1000 ha,35697.0,I,
79,'276,Germany,6600,Country area,5110,Area,1975,1975,1000 ha,35697.0,I,
79,'276,Germany,6600,Country area,5110,Area,1976,1976,1000 ha,35697.0,I,
79,'276,Germany,6600,Country area,5110,Area,1977,1977,1000 ha,35697.0,I,
79,'276,Germany,6600,Country area,5110,Area,1978,1978,1000 ha,35697.0,I,
79,'276,Germany,6600,Country area,5110,Area,1979,1979,1000 ha,35697.0,I,
79,'276,Germany,6600,Country area,5110,Area,1980,1980,1000 ha,35697.0,I,
79,'276,Germany,6600,Country area,5110,Area,1981,1981,1000 ha,35697.0,I,
79,'276,Germany,6600,Country area,5110,Area,1982,1982,1000 ha,35697.0,I,
79,'276,Germany,6600,Country area,5110,Area,1983,1983,1000 ha,35697.0,I,
79,'276,Germany,6600,Country area,5110,Area,1984,1984,1000 ha,35697.0,I,
79,'276,Germany,6600,Country area,5110,Area,1985,1985,1000 ha,35697.0,I,
79,'276,Germany,6600,Country area,5110,Area,1986,1986,1000 ha,35697.0,I,
79,'276,Germany,6600,Country area,5110,Area,1987,1987,1000 ha,35697.0,I,
79,'276,Germany,6600,Country area,5110,Area,1988,1988,1000 ha,35697.0,I,
79,'276,Germany,6600,Country area,5110,Area,1989,1989,1000 ha,35697.0,I,
79,'276,Germany,6600,Country area,5110,Area,1990,1990,1000 ha,35697.0,I,
79,'276,Germany,6600,Country area,5110,Area,1991,1991,1000 ha,35697.0,I,
79,'276,Germany,6600,Country area,5110,Area,1992,1992,1000 ha,35697.0,A,
79,'276,Germany,6600,Country area,5110,Area,1993,1993,1000 ha,35699.0,A,
79,'276,Germany,6600,Country area,5110,Area,1994,1994,1000 ha,35700.0,A,
79,'276,Germany,6600,Country area,5110,Area,1995,1995,1000 ha,35702.0,A,
79,'276,Germany,6600,Country area,5110,Area,1996,1996,1000 ha,35703.0,A,
79,'276,Germany,6600,Country area,5110,Area,1997,1997,1000 ha,35703.0,A,
79,'276,Germany,6600,Country area,5110,Area,1998,1998,1000 ha,35703.0,A,
79,'276,Germany,6600,Country area,5110,Area,1999,1999,1000 ha,35703.0,A,
79,'276,Germany,6600,Country area,5110,Area,2000,2000,1000 ha,35703.0,A,
79,'276,Germany,6600,Country area,5110,Area,2001,2001,1000 ha,35703.0,A,
79,'276,Germany,6600,Country area,5110,Area,2002,2002,1000 ha,35704.0,A,
79,'276,Germany,6600,Country area,5110,Area,2003,2003,1000 ha,35704.0,A,
79,'276,Germany,6600,Country area,5110,Area,2004,2004,1000 ha,35705.0,A,
79,'276,Germany,6600,Country area,5110,Area,2005,2005,1000 ha,35709.0,A,
79,'276,Germany,6600,Country area,5110,Area,2006,2006,1000 ha,35710.0,A,
79,'276,Germany,6600,Country area,5110,Area,2007,2007,1000 ha,35710.0,A,
79,'276,Germany,6600,Country area,5110,Area,2008,2008,1000 ha,35711.0,A,
79,'276,Germany,6600,Country area,5110,Area,2009,2009,1000 ha,35712.0,A,
79,'276,Germany,6600,Country area,5110,Area,2010,2010,1000 ha,35713.0,A,
79,'276,Germany,6600,Country area,5110,Area,2011,2011,1000 ha,35714.0,A,
79,'276,Germany,6600,Country area,5110,Area,2012,2012,1000 ha,35717.0,A,
79,'276,Germany,6600,Country area,5110,Area,2013,2013,1000 ha,35734.0,A,
79,'276,Germany,6600,Country area,5110,Area,2014,2014,1000 ha,35738.0,A,
79,'276,Germany,6600,Country area,5110,Area,2015,2015,1000 ha,35741.0,A,
79,'276,Germany,6600,Country area,5110,Area,2016,2016,1000 ha,35758.0,A,
79,'276,Germany,6600,Country area,5110,Area,2017,2017,1000 ha,35758.0,A,
79,'276,Germany,6600,Country area,5110,Area,2018,2018,1000 ha,35758.0,A,
79,'276,Germany,6600,Country area,5110,Area,2019,2019,1000 ha,35758.0,A,
79,'276,Germany,6600,Country area,5110,Area,2020,2020,1000 ha,35759.0,A,
79,'276,Germany,6600,Country area,5110,Area,2021,2021,1000 ha,35759.0,A,
79,'276,Germany,6600,Country area,5110,Area,2022,2022,1000 ha,35760.0,A,
79,'276,Germany,6600,Country area,5110,Area,2023,2023,1000 ha,35768.0,A,
79,'276,Germany,6601,Land area,5110,Area,1961,1961,1000 ha,34913.0,I,
79,'276,Germany,6601,Land area,5110,Area,1962,1962,1000 ha,34913.0,I,
79,'276,Germany,6601,Land area,5110,Area,1963,1963,1000 ha,34913.0,I,
79,'276,Germany,6601,Land area,5110,Area,1964,1964,1000 ha,34913.0,I,
79,'276,Germany,6601,Land area,5110,Area,1965,1965,1000 ha,34913.0,I,
79,'276,Germany,6601,Land area,5110,Area,1966,1966,1000 ha,34913.0,I,
79,'276,Germany,6601,Land area,5110,Area,1967,1967,1000 ha,34913.0,I,
79,'276,Germany,6601,Land area,5110,Area,1968,1968,1000 ha,34913.0,I,
79,'276,Germany,6601,Land area,5110,Area,1969,1969,1000 ha,34913.0,I,
79,'276,Germany,6601,Land area,5110,Area,1970,1970,1000 ha,34913.0,I,
79,'276,Germany,6601,Land area,5110,Area,1971,1971,1000 ha,34913.0,I,
79,'276,Germany,6601,Land area,5110,Area,1972,1972,1000 ha,34913.0,I,
79,'276,Germany,6601,Land area,5110,Area,1973,1973,1000 ha,34913.0,I,
79,'276,Germany,6601,Land area,5110,Area,1974,1974,1000 ha,34913.0,I,
79,'276,Germany,6601,Land area,5110,Area,1975,1975,1000 ha,34913.0,I,
79,'276,Germany,6601,Land area,5110,Area,1976,1976,1000 ha,34913.0,I,
79,'276,Germany,6601,Land area,5110,Area,1977,1977,1000 ha,34913.0,I,
79,'276,Germany,6601,Land area,5110,Area,1978,1978,1000 ha,34913.0,I,
79,'276,Germany,6601,Land area,5110,Area,1979,1979,1000 ha,34913.0,I,
79,'276,Germany,6601,Land area,5110,Area,1980,1980,1000 ha,34913.0,I,
79,'276,Germany,6601,Land area,5110,Area,1981,1981,1000 ha,34913.0,I,
79,'276,Germany,6601,Land area,5110,Area,1982,1982,1000 ha,34913.0,I,
79,'276,Germany,6601,Land area,5110,Area,1983,1983,1000 ha,34913.0,I,
79,'276,Germany,6601,Land area,5110,Area,1984,1984,1000 ha,34913.0,I,
79,'276,Germany,6601,Land area,5110,Area,1985,1985,1000 ha,34913.0,I,
79,'276,Germany,6601,Land area,5110,Area,1986,1986,1000 ha,34913.0,I,
79,'276,Germany,6601,Land area,5110,Area,1987,1987,1000 ha,34913.0,I,
79,'276,Germany,6601,Land area,5110,Area,1988,1988,1000 ha,34913.0,I,
79,'276,Germany,6601,Land area,5110,Area,1989,1989,1000 ha,34913.0,I,
79,'276,Germany,6601,Land area,5110,Area,1990,1990,1000 ha,34913.0,I,
79,'276,Germany,6601,Land area,5110,Area,1991,1991,1000 ha,34913.0,I,
79,'276,Germany,6601,Land area,5110,Area,1992,1992,1000 ha,34913.0,A,
79,'276,Germany,6601,Land area,5110,Area,1993,1993,1000 ha,34912.0,A,
79,'276,Germany,6601,Land area,5110,Area,1994,1994,1000 ha,34911.0,A,
79,'276,Germany,6601,Land area,5110,Area,1995,1995,1000 ha,34910.0,A,
79,'276,Germany,6601,Land area,5110,Area,1996,1996,1000 ha,34909.0,A,
79,'276,Germany,6601,Land area,5110,Area,1997,1997,1000 ha,34905.0,A,
79,'276,Germany,6601,Land area,5110,Area,1998,1998,1000 ha,34902.0,A,
79,'276,Germany,6601,Land area,5110,Area,1999,1999,1000 ha,34898.0,A,
79,'276,Germany,6601,Land area,5110,Area,2000,2000,1000 ha,34895.0,A,
79,'276,Germany,6601,Land area,5110,Area,2001,2001,1000 ha,34890.0,A,
79,'276,Germany,6601,Land area,5110,Area,2002,2002,1000 ha,34886.0,A,
79,'276,Germany,6601,Land area,5110,Area,2003,2003,1000 ha,34881.0,A,
79,'276,Germany,6601,Land area,5110,Area,2004,2004,1000 ha,34877.0,A,
79,'276,Germany,6601,Land area,5110,Area,2005,2005,1000 ha,34876.0,A,
79,'276,Germany,6601,Land area,5110,Area,2006,2006,1000 ha,34872.0,A,
79,'276,Germany,6601,Land area,5110,Area,2007,2007,1000 ha,34867.0,A,
79,'276,Germany,6601,Land area,5110,Area,2008,2008,1000 ha,34863.0,A,
79,'276,Germany,6601,Land area,5110,Area,2009,2009,1000 ha,34861.0,A,
79,'276,Germany,6601,Land area,5110,Area,2010,2010,1000 ha,34857.0,A,
79,'276,Germany,6601,Land area,5110,Area,2011,2011,1000 ha,34856.0,A,
79,'276,Germany,6601,Land area,5110,Area,2012,2012,1000 ha,34854.0,A,
79,'276,Germany,6601,Land area,5110,Area,2013,2013,1000 ha,34888.0,A,
79,'276,Germany,6601,Land area,5110,Area,2014,2014,1000 ha,34890.0,A,
79,'276,Germany,6601,Land area,5110,Area,2015,2015,1000 ha,34886.0,A,
79,'276,Germany,6601,Land area,5110,Area,2016,2016,1000 ha,34936.0,A,
79,'276,Germany,6601,Land area,5110,Area,2017,2017,1000 ha,34937.0,A,
79,'276,Germany,6601,Land area,5110,Area,2018,2018,1000 ha,34938.0,A,
79,'276,Germany,6601,Land area,5110,Area,2019,2019,1000 ha,34939.0,A,
79,'276,Germany,6601,Land area,5110,Area,2020,2020,1000 ha,34939.0,A,
79,'276,Germany,6601,Land area,5110,Area,2021,2021,1000 ha,34939.0,A,
79,'276,Germany,6601,Land area,5110,Area,2022,2022,1000 ha,34936.0,A,
79,'276,Germany,6601,Land area,5110,Area,2023,2023,1000 ha,34943.0,A,
79,'276,Germany,6602,Agriculture,5110,Area,1961,1961,1000 ha,19375.0,I,
79,'276,Germany,6602,Agriculture,5110,Area,1962,1962,1000 ha,19393.0,I,
79,'276,Germany,6602,Agriculture,5110,Area,1963,1963,1000 ha,19402.0,I,
79,'276,Germany,6602,Agriculture,5110,Area,1964,1964,1000 ha,19458.0,I,
79,'276,Germany,6602,Agriculture,5110,Area,1965,1965,1000 ha,19534.0,I,
79,'276,Germany,6602,Agriculture,5110,Area,1966,1966,1000 ha,19531.0,I,
79,'276,Germany,6602,Agriculture,5110,Area,1967,1967,1000 ha,19412.0,I,
79,'276,Germany,6602,Agriculture,5110,Area,1968,1968,1000 ha,19285.0,I,
79,'276,Germany,6602,Agriculture,5110,Area,1969,1969,1000 ha,19254.0,I,
79,'276,Germany,6602,Agriculture,5110,Area,1970,1970,1000 ha,19023.0,I,
79,'276,Germany,6602,Agriculture,5110,Area,1971,1971,1000 ha,18952.0,I,
79,'276,Germany,6602,Agriculture,5110,Area,1972,1972,1000 ha,18949.0,I,
79,'276,Germany,6602,Agriculture,5110,Area,1973,1973,1000 ha,18897.0,I,
79,'276,Germany,6602,Agriculture,5110,Area,1974,1974,1000 ha,18821.0,I,
79,'276,Germany,6602,Agriculture,5110,Area,1975,1975,1000 ha,18792.0,I,
79,'276,Germany,6602,Agriculture,5110,Area,1976,1976,1000 ha,18758.0,I,
79,'276,Germany,6602,Agriculture,5110,Area,1977,1977,1000 ha,18709.0,I,
79,'276,Germany,6602,Agriculture,5110,Area,1978,1978,1000 ha,18659.0,I,
79,'276,Germany,6602,Agriculture,5110,Area,1979,1979,1000 ha,18594.0,I,
79,'276,Germany,6602,Agriculture,5110,Area,1980,1980,1000 ha,18519.0,I,
79,'276,Germany,6602,Agriculture,5110,Area,1981,1981,1000 ha,18461.0,I,
79,'276,Germany,6602,Agriculture,5110,Area,1982,1982,1000 ha,18396.0,I,
79,'276,Germany,6602,Agriculture,5110,Area,1983,1983,1000 ha,18330.0,I,
79,'276,Germany,6602,Agriculture,5110,Area,1984,1984,1000 ha,18284.0,I,
79,'276,Germany,6602,Agriculture,5110,Area,1985,1985,1000 ha,18244.0,I,
79,'276,Germany,6602,Agriculture,5110,Area,1986,1986,1000 ha,18208.0,I,
79,'276,Germany,6602,Agriculture,5110,Area,1987,1987,1000 ha,18125.0,I,
79,'276,Germany,6602,Agriculture,5110,Area,1988,1988,1000 ha,18097.0,I,
79,'276,Germany,6602,Agriculture,5110,Area,1989,1989,1000 ha,18056.0,I,
79,'276,Germany,6602,Agriculture,5110,Area,1990,1990,1000 ha,18032.0,I,
79,'276,Germany,6602,Agriculture,5110,Area,1991,1991,1000 ha,17136.0,I,
79,'276,Germany,6602,Agriculture,5110,Area,1992,1992,1000 ha,16951.0,I,
79,'276,Germany,6602,Agriculture,5110,Area,1993,1993,1000 ha,17162.0,I,
79,'276,Germany,6602,Agriculture,5110,Area,1994,1994,1000 ha,17308.0,I,
79,'276,Germany,6602,Agriculture,5110,Area,1995,1995,1000 ha,17343.0,I,
79,'276,Germany,6602,Agriculture,5110,Area,1996,1996,1000 ha,17337.0,I,
79,'276,Germany,6602,Agriculture,5110,Area,1997,1997,1000 ha,17327.0,I,
79,'276,Germany,6602,Agriculture,5110,Area,1998,1998,1000 ha,17373.0,I,
79,'276,Germany,6602,Agriculture,5110,Area,1999,1999,1000 ha,17152.0,I,
79,'276,Germany,6602,Agriculture,5110,Area,2000,2000,1000 ha,17068.0,I,
79,'276,Germany,6602,Agriculture,5110,Area,2001,2001,1000 ha,17034.0,I,
79,'276,Germany,6602,Agriculture,5110,Area,2002,2002,1000 ha,16967.0,I,
79,'276,Germany,6602,Agriculture,5110,Area,2003,2003,1000 ha,17001.0,I,
79,'276,Germany,6602,Agriculture,5110,Area,2004,2004,1000 ha,17013.0,I,
79,'276,Germany,6602,Agriculture,5110,Area,2005,2005,1000 ha,17031.0,I,
79,'276,Germany,6602,Agriculture,5110,Area,2006,2006,1000 ha,16946.0,I,
79,'276,Germany,6602,Agriculture,5110,Area,2007,2007,1000 ha,16950.0,I,
79,'276,Germany,6602,Agriculture,5110,Area,2008,2008,1000 ha,16921.0,I,
79,'276,Germany,6602,Agriculture,5110,Area,2009,2009,1000 ha,16886.0,I,
79,'276,Germany,6602,Agriculture,5110,Area,2010,2010,1000 ha,16700.0,I,
79,'276,Germany,6602,Agriculture,5110,Area,2011,2011,1000 ha,16719.0,I,
79,'276,Germany,6602,Agriculture,5110,Area,2012,2012,1000 ha,16664.0,I,
79,'276,Germany,6602,Agriculture,5110,Area,2013,2013,1000 ha,16697.0,I,
79,'276,Germany,6602,Agriculture,5110,Area,2014,2014,1000 ha,18333.0,A,
79,'276,Germany,6602,Agriculture,5110,Area,2015,2015,1000 ha,18424.0,A,
79,'276,Germany,6602,Agriculture,5110,Area,2016,2016,1000 ha,18342.0,A,
79,'276,Germany,6602,Agriculture,5110,Area,2017,2017,1000 ha,18097.0,A,
79,'276,Germany,6602,Agriculture,5110,Area,2018,2018,1000 ha,18295.0,A,
79,'276,Germany,6602,Agriculture,5110,Area,2019,2019,1000 ha,18311.0,A,
79,'276,Germany,6602,Agriculture,5110,Area,2020,2020,1000 ha,18314.0,A,
79,'276,Germany,6602,Agriculture,5110,Area,2021,2021,1000 ha,18240.0,A,
79,'276,Germany,6602,Agriculture,5110,Area,2022,2022,1000 ha,18433.0,A,
79,'276,Germany,6602,Agriculture,5110,Area,2023,2023,1000 ha,18234.0,A,
79,'276,Germany,6610,Agricultural land,5110,Area,1961,1961,1000 ha,19375.0,I,
79,'276,Germany,6610,Agricultural land,5110,Area,1962,1962,1000 ha,19393.0,I,
79,'276,Germany,6610,Agricultural land,5110,Area,1963,1963,1000 ha,19402.0,I,
79,'276,Germany,6610,Agricultural land,5110,Area,1964,1964,1000 ha,19458.0,I,
79,'276,Germany,6610,Agricultural land,5110,Area,1965,1965,1000 ha,19534.0,I,
79,'276,Germany,6610,Agricultural land,5110,Area,1966,1966,1000 ha,19531.0,I,
79,'276,Germany,6610,Agricultural land,5110,Area,1967,1967,1000 ha,19412.0,I,
79,'276,Germany,6610,Agricultural land,5110,Area,1968,1968,1000 ha,19285.0,I,
79,'276,Germany,6610,Agricultural land,5110,Area,1969,1969,1000 ha,19254.0,I,
79,'276,Germany,6610,Agricultural land,5110,Area,1970,1970,1000 ha,19023.0,I,
79,'276,Germany,6610,Agricultural land,5110,Area,1971,1971,1000 ha,18952.0,I,
79,'276,Germany,6610,Agricultural land,5110,Area,1972,1972,1000 ha,18949.0,I,
79,'276,Germany,6610,Agricultural land,5110,Area,1973,1973,1000 ha,18897.0,I,
79,'276,Germany,6610,Agricultural land,5110,Area,1974,1974,1000 ha,18821.0,I,
79,'276,Germany,6610,Agricultural land,5110,Area,1975,1975,1000 ha,18792.0,I,
79,'276,Germany,6610,Agricultural land,5110,Area,1976,1976,1000 ha,18758.0,I,
79,'276,Germany,6610,Agricultural land,5110,Area,1977,1977,1000 ha,18709.0,I,
79,'276,Germany,6610,Agricultural land,5110,Area,1978,1978,1000 ha,18659.0,I,
79,'276,Germany,6610,Agricultural land,5110,Area,1979,1979,1000 ha,18594.0,A,
79,'276,Germany,6610,Agricultural land,5110,Area,1980,1980,1000 ha,18519.0,A,
79,'276,Germany,6610,Agricultural land,5110,Area,1981,1981,1000 ha,18461.0,A,
79,'276,Germany,6610,Agricultural land,5110,Area,1982,1982,1000 ha,18396.0,A,
79,'276,Germany,6610,Agricultural land,5110,Area,1983,1983,1000 ha,18330.0,A,
79,'276,Germany,6610,Agricultural land,5110,Area,1984,1984,1000 ha,18284.0,A,
79,'276,Germany,6610,Agricultural land,5110,Area,1985,1985,1000 ha,18244.0,A,
79,'276,Germany,6610,Agricultural land,5110,Area,1986,1986,1000 ha,18208.0,A,
79,'276,Germany,6610,Agricultural land,5110,Area,1987,1987,1000 ha,18125.0,A,
79,'276,Germany,6610,Agricultural land,5110,Area,1988,1988,1000 ha,18097.0,A,
79,'276,Germany,6610,Agricultural land,5110,Area,1989,1989,1000 ha,18056.0,A,
79,'276,Germany,6610,Agricultural land,5110,Area,1990,1990,1000 ha,18032.0,A,
79,'276,Germany,6610,Agricultural land,5110,Area,1991,1991,1000 ha,17136.0,A,
79,'276,Germany,6610,Agricultural land,5110,Area,1992,1992,1000 ha,16951.0,A,
79,'276,Germany,6610,Agricultural land,5110,Area,1993,1993,1000 ha,17162.0,A,
79,'276,Germany,6610,Agricultural land,5110,Area,1994,1994,1000 ha,17308.0,A,
79,'276,Germany,6610,Agricultural land,5110,Area,1995,1995,1000 ha,17343.0,A,
79,'276,Germany,6610,Agricultural land,5110,Area,1996,1996,1000 ha,17337.0,A,
79,'276,Germany,6610,Agricultural land,5110,Area,1997,1997,1000 ha,17327.0,A,
79,'276,Germany,6610,Agricultural land,5110,Area,1998,1998,1000 ha,17373.0,A,
79,'276,Germany,6610,Agricultural land,5110,Area,1999,1999,1000 ha,17152.0,A,
79,'276,Germany,6610,Agricultural land,5110,Area,2000,2000,1000 ha,17068.0,A,
79,'276,Germany,6610,Agricultural land,5110,Area,2001,2001,1000 ha,17034.0,A,
79,'276,Germany,6610,Agricultural land,5110,Area,2002,2002,1000 ha,16967.0,A,
79,'276,Germany,6610,Agricultural land,5110,Area,2003,2003,1000 ha,17001.0,A,
79,'276,Germany,6610,Agricultural land,5110,Area,2004,2004,1000 ha,17013.0,A,
79,'276,Germany,6610,Agricultural land,5110,Area,2005,2005,1000 ha,17031.0,A,
79,'276,Germany,6610,Agricultural land,5110,Area,2006,2006,1000 ha,16946.0,A,
79,'276,Germany,6610,Agricultural land,5110,Area,2007,2007,1000 ha,16950.0,A,
79,'276,Germany,6610,Agricultural land,5110,Area,2008,2008,1000 ha,16921.0,A,
79,'276,Germany,6610,Agricultural land,5110,Area,2009,2009,1000 ha,16886.0,A,
79,'276,Germany,6610,Agricultural land,5110,Area,2010,2010,1000 ha,16700.0,A,
79,'276,Germany,6610,Agricultural land,5110,Area,2011,2011,1000 ha,16719.0,A,
79,'276,Germany,6610,Agricultural land,5110,Area,2012,2012,1000 ha,16664.0,A,
79,'276,Germany,6610,Agricultural land,5110,Area,2013,2013,1000 ha,16697.0,A,
79,'276,Germany,6610,Agricultural land,5110,Area,2014,2014,1000 ha,16725.0,A,
79,'276,Germany,6610,Agricultural land,5110,Area,2015,2015,1000 ha,16731.0,A,
79,'276,Germany,6610,Agricultural land,5110,Area,2016,2016,1000 ha,16659.0,A,
79,'276,Germany,6610,Agricultural land,5110,Area,2017,2017,1000 ha,16687.0,A,
79,'276,Germany,6610,Agricultural land,5110,Area,2018,2018,1000 ha,16645.0,A,
79,'276,Germany,6610,Agricultural land,5110,Area,2019,2019,1000 ha,16666.0,A,
79,'276,Germany,6610,Agricultural land,5110,Area,2020,2020,1000 ha,16595.0,A,
79,'276,Germany,6610,Agricultural land,5110,Area,2021,2021,1000 ha,16591.0,A,
79,'276,Germany,6610,Agricultural land,5110,Area,2022,2022,1000 ha,16595.0,A,
79,'276,Germany,6610,Agricultural land,5110,Area,2023,2023,1000 ha,16586.0,A,
79,'276,Germany,6610,Agricultural land,7209,Share in Land area,1961,1961,%,55.5,E,
79,'276,Germany,6610,Agricultural land,7209,Share in Land area,1962,1962,%,55.55,E,
79,'276,Germany,6610,Agricultural land,7209,Share in Land area,1963,1963,%,55.57,E,
79,'276,Germany,6610,Agricultural land,7209,Share in Land area,1964,1964,%,55.73,E,
79,'276,Germany,6610,Agricultural land,7209,Share in Land area,1965,1965,%,55.95,E,
79,'276,Germany,6610,Agricultural land,7209,Share in Land area,1966,1966,%,55.94,E,
79,'276,Germany,6610,Agricultural land,7209,Share in Land area,1967,1967,%,55.6,E,
79,'276,Germany,6610,Agricultural land,7209,Share in Land area,1968,1968,%,55.24,E,
79,'276,Germany,6610,Agricultural land,7209,Share in Land area,1969,1969,%,55.15,E,
79,'276,Germany,6610,Agricultural land,7209,Share in Land area,1970,1970,%,54.49,E,
79,'276,Germany,6610,Agricultural land,7209,Share in Land area,1971,1971,%,54.28,E,
79,'276,Germany,6610,Agricultural land,7209,Share in Land area,1972,1972,%,54.27,E,
79,'276,Germany,6610,Agricultural land,7209,Share in Land area,1973,1973,%,54.13,E,
79,'276,Germany,6610,Agricultural land,7209,Share in Land area,1974,1974,%,53.91,E,
79,'276,Germany,6610,Agricultural land,7209,Share in Land area,1975,1975,%,53.83,E,
79,'276,Germany,6610,Agricultural land,7209,Share in Land area,1976,1976,%,53.73,E,
79,'276,Germany,6610,Agricultural land,7209,Share in Land area,1977,1977,%,53.59,E,
79,'276,Germany,6610,Agricultural land,7209,Share in Land area,1978,1978,%,53.44,E,
79,'276,Germany,6610,Agricultural land,7209,Share in Land area,1979,1979,%,53.26,E,
79,'276,Germany,6610,Agricultural land,7209,Share in Land area,1980,1980,%,53.04,E,
79,'276,Germany,6610,Agricultural land,7209,Share in Land area,1981,1981,%,52.88,E,
79,'276,Germany,6610,Agricultural land,7209,Share in Land area,1982,1982,%,52.69,E,
79,'276,Germany,6610,Agricultural land,7209,Share in Land area,1983,1983,%,52.5,E,
79,'276,Germany,6610,Agricultural land,7209,Share in Land area,1984,1984,%,52.37,E,
79,'276,Germany,6610,Agricultural land,7209,Share in Land area,1985,1985,%,52.26,E,
79,'276,Germany,6610,Agricultural land,7209,Share in Land area,1986,1986,%,52.15,E,
79,'276,Germany,6610,Agricultural land,7209,Share in Land area,1987,1987,%,51.91,E,
79,'276,Germany,6610,Agricultural land,7209,Share in Land area,1988,1988,%,51.83,E,
79,'276,Germany,6610,Agricultural land,7209,Share in Land area,1989,1989,%,51.72,E,
79,'276,Germany,6610,Agricultural land,7209,Share in Land area,1990,1990,%,51.65,E,
79,'276,Germany,6610,Agricultural land,7209,Share in Land area,1991,1991,%,49.08,E,
79,'276,Germany,6610,Agricultural land,7209,Share in Land area,1992,1992,%,48.55,A,
79,'276,Germany,6610,Agricultural land,7209,Share in Land area,1993,1993,%,49.16,A,
79,'276,Germany,6610,Agricultural land,7209,Share in Land area,1994,1994,%,49.58,A,
79,'276,Germany,6610,Agricultural land,7209,Share in Land area,1995,1995,%,49.68,A,
79,'276,Germany,6610,Agricultural land,7209,Share in Land area,1996,1996,%,49.66,A,
79,'276,Germany,6610,Agricultural land,7209,Share in Land area,1997,1997,%,49.64,A,
79,'276,Germany,6610,Agricultural land,7209,Share in Land area,1998,1998,%,49.78,A,
79,'276,Germany,6610,Agricultural land,7209,Share in Land area,1999,1999,%,49.15,A,
79,'276,Germany,6610,Agricultural land,7209,Share in Land area,2000,2000,%,48.91,A,
79,'276,Germany,6610,Agricultural land,7209,Share in Land area,2001,2001,%,48.82,A,
79,'276,Germany,6610,Agricultural land,7209,Share in Land area,2002,2002,%,48.64,A,
79,'276,Germany,6610,Agricultural land,7209,Share in Land area,2003,2003,%,48.74,A,
79,'276,Germany,6610,Agricultural land,7209,Share in Land area,2004,2004,%,48.78,A,
79,'276,Germany,6610,Agricultural land,7209,Share in Land area,2005,2005,%,48.83,A,
79,'276,Germany,6610,Agricultural land,7209,Share in Land area,2006,2006,%,48.59,A,
79,'276,Germany,6610,Agricultural land,7209,Share in Land area,2007,2007,%,48.61,A,
79,'276,Germany,6610,Agricultural land,7209,Share in Land area,2008,2008,%,48.54,A,
79,'276,Germany,6610,Agricultural land,7209,Share in Land area,2009,2009,%,48.44,A,
79,'276,Germany,6610,Agricultural land,7209,Share in Land area,2010,2010,%,47.91,A,
79,'276,Germany,6610,Agricultural land,7209,Share in Land area,2011,2011,%,47.97,A,
79,'276,Germany,6610,Agricultural land,7209,Share in Land area,2012,2012,%,47.81,A,
79,'276,Germany,6610,Agricultural land,7209,Share in Land area,2013,2013,%,47.86,A,
79,'276,Germany,6610,Agricultural land,7209,Share in Land area,2014,2014,%,47.94,A,
79,'276,Germany,6610,Agricultural land,7209,Share in Land area,2015,2015,%,47.96,A,
79,'276,Germany,6610,Agricultural land,7209,Share in Land area,2016,2016,%,47.68,A,
79,'276,Germany,6610,Agricultural land,7209,Share in Land area,2017,2017,%,47.76,A,
79,'276,Germany,6610,Agricultural land,7209,Share in Land area,2018,2018,%,47.64,A,
79,'276,Germany,6610,Agricultural land,7209,Share in Land area,2019,2019,%,47.7,A,
79,'276,Germany,6610,Agricultural land,7209,Share in Land area,2020,2020,%,47.5,A,
79,'276,Germany,6610,Agricultural land,7209,Share in Land area,2021,2021,%,47.49,A,
79,'276,Germany,6610,Agricultural land,7209,Share in Land area,2022,2022,%,47.5,A,
79,'276,Germany,6610,Agricultural land,7209,Share in Land area,2023,2023,%,47.47,A,
79,'276,Germany,6610,Agricultural land,7278,Value of agricultural production (Int. $) per Area,1961,1961,USD_PPP/ha,1990.2,E,
79,'276,Germany,6610,Agricultural land,7278,Value of agricultural production (Int. $) per Area,1962,1962,USD_PPP/ha,2177.02,E,
79,'276,Germany,6610,Agricultural land,7278,Value of agricultural production (Int. $) per Area,1963,1963,USD_PPP/ha,2272.03,E,
79,'276,Germany,6610,Agricultural land,7278,Value of agricultural production (Int. $) per Area,1964,1964,USD_PPP/ha,2222.87,E,
79,'276,Germany,6610,Agricultural land,7278,Value of agricultural production (Int. $) per Area,1965,1965,USD_PPP/ha,2138.49,E,
79,'276,Germany,6610,Agricultural land,7278,Value of agricultural production (Int. $) per Area,1966,1966,USD_PPP/ha,2237.82,E,
79,'276,Germany,6610,Agricultural land,7278,Value of agricultural production (Int. $) per Area,1967,1967,USD_PPP/ha,2415.85,E,
79,'276,Germany,6610,Agricultural land,7278,Value of agricultural production (Int. $) per Area,1968,1968,USD_PPP/ha,2463.81,E,
79,'276,Germany,6610,Agricultural land,7278,Value of agricultural production (Int. $) per Area,1969,1969,USD_PPP/ha,2369.37,E,
79,'276,Germany,6610,Agricultural land,7278,Value of agricultural production (Int. $) per Area,1970,1970,USD_PPP/ha,2479.28,E,
79,'276,Germany,6610,Agricultural land,7278,Value of agricultural production (Int. $) per Area,1971,1971,USD_PPP/ha,2474.86,E,
79,'276,Germany,6610,Agricultural land,7278,Value of agricultural production (Int. $) per Area,1972,1972,USD_PPP/ha,2463.74,E,
79,'276,Germany,6610,Agricultural land,7278,Value of agricultural production (Int. $) per Area,1973,1973,USD_PPP/ha,2515.3,E,
79,'276,Germany,6610,Agricultural land,7278,Value of agricultural production (Int. $) per Area,1974,1974,USD_PPP/ha,2614.88,E,
79,'276,Germany,6610,Agricultural land,7278,Value of agricultural production (Int. $) per Area,1975,1975,USD_PPP/ha,2516.06,E,
79,'276,Germany,6610,Agricultural land,7278,Value of agricultural production (Int. $) per Area,1976,1976,USD_PPP/ha,2461.26,E,
79,'276,Germany,6610,Agricultural land,7278,Value of agricultural production (Int. $) per Area,1977,1977,USD_PPP/ha,2592.96,E,
79,'276,Germany,6610,Agricultural land,7278,Value of agricultural production (Int. $) per Area,1978,1978,USD_PPP/ha,2704.98,E,
79,'276,Germany,6610,Agricultural land,7278,Value of agricultural production (Int. $) per Area,1979,1979,USD_PPP/ha,2763.9,E,
79,'276,Germany,6610,Agricultural land,7278,Value of agricultural production (Int. $) per Area,1980,1980,USD_PPP/ha,2733.38,E,
79,'276,Germany,6610,Agricultural land,7278,Value of agricultural production (Int. $) per Area,1981,1981,USD_PPP/ha,2737.07,E,
79,'276,Germany,6610,Agricultural land,7278,Value of agricultural production (Int. $) per Area,1982,1982,USD_PPP/ha,2880.27,E,
79,'276,Germany,6610,Agricultural land,7278,Value of agricultural production (Int. $) per Area,1983,1983,USD_PPP/ha,2798.51,E,
79,'276,Germany,6610,Agricultural land,7278,Value of agricultural production (Int. $) per Area,1984,1984,USD_PPP/ha,2996.25,E,
79,'276,Germany,6610,Agricultural land,7278,Value of agricultural production (Int. $) per Area,1985,1985,USD_PPP/ha,3010.85,E,
79,'276,Germany,6610,Agricultural land,7278,Value of agricultural production (Int. $) per Area,1986,1986,USD_PPP/ha,3095.33,E,
79,'276,Germany,6610,Agricultural land,7278,Value of agricultural production (Int. $) per Area,1987,1987,USD_PPP/ha,3014.78,E,
79,'276,Germany,6610,Agricultural land,7278,Value of agricultural production (Int. $) per Area,1988,1988,USD_PPP/ha,3040.78,E,
79,'276,Germany,6610,Agricultural land,7278,Value of agricultural production (Int. $) per Area,1989,1989,USD_PPP/ha,3010.66,E,
79,'276,Germany,6610,Agricultural land,7278,Value of agricultural production (Int. $) per Area,1990,1990,USD_PPP/ha,2945.58,E,
79,'276,Germany,6610,Agricultural land,7278,Value of agricultural production (Int. $) per Area,1991,1991,USD_PPP/ha,2866.99,E,
79,'276,Germany,6610,Agricultural land,7278,Value of agricultural production (Int. $) per Area,1992,1992,USD_PPP/ha,2746.45,E,
79,'276,Germany,6610,Agricultural land,7278,Value of agricultural production (Int. $) per Area,1993,1993,USD_PPP/ha,2679.35,E,
79,'276,Germany,6610,Agricultural land,7278,Value of agricultural production (Int. $) per Area,1994,1994,USD_PPP/ha,2567.19,E,
79,'276,Germany,6610,Agricultural land,7278,Value of agricultural production (Int. $) per Area,1995,1995,USD_PPP/ha,2637.59,E,
79,'276,Germany,6610,Agricultural land,7278,Value of agricultural production (Int. $) per Area,1996,1996,USD_PPP/ha,2703.77,E,
79,'276,Germany,6610,Agricultural land,7278,Value of agricultural production (Int. $) per Area,1997,1997,USD_PPP/ha,2724.23,E,
79,'276,Germany,6610,Agricultural land,7278,Value of agricultural production (Int. $) per Area,1998,1998,USD_PPP/ha,2760.5,E,
79,'276,Germany,6610,Agricultural land,7278,Value of agricultural production (Int. $) per Area,1999,1999,USD_PPP/ha,2880.42,E,
79,'276,Germany,6610,Agricultural land,7278,Value of agricultural production (Int. $) per Area,2000,2000,USD_PPP/ha,2927.6,E,
79,'276,Germany,6610,Agricultural land,7278,Value of agricultural production (Int. $) per Area,2001,2001,USD_PPP/ha,2947.31,E,
79,'276,Germany,6610,Agricultural land,7278,Value of agricultural production (Int. $) per Area,2002,2002,USD_PPP/ha,2828.02,E,
79,'276,Germany,6610,Agricultural land,7278,Value of agricultural production (Int. $) per Area,2003,2003,USD_PPP/ha,2700.8,E,
79,'276,Germany,6610,Agricultural land,7278,Value of agricultural production (Int. $) per Area,2004,2004,USD_PPP/ha,2998.1,E,
79,'276,Germany,6610,Agricultural land,7278,Value of agricultural production (Int. $) per Area,2005,2005,USD_PPP/ha,2885.29,E,
79,'276,Germany,6610,Agricultural land,7278,Value of agricultural production (Int. $) per Area,2006,2006,USD_PPP/ha,2836.12,E,
79,'276,Germany,6610,Agricultural land,7278,Value of agricultural production (Int. $) per Area,2007,2007,USD_PPP/ha,2888.43,E,
79,'276,Germany,6610,Agricultural land,7278,Value of agricultural production (Int. $) per Area,2008,2008,USD_PPP/ha,3037.95,E,
79,'276,Germany,6610,Agricultural land,7278,Value of agricultural production (Int. $) per Area,2009,2009,USD_PPP/ha,3104.23,E,
79,'276,Germany,6610,Agricultural land,7278,Value of agricultural production (Int. $) per Area,2010,2010,USD_PPP/ha,3018.82,E,
79,'276,Germany,6610,Agricultural land,7278,Value of agricultural production (Int. $) per Area,2011,2011,USD_PPP/ha,3036.3,E,
79,'276,Germany,6610,Agricultural land,7278,Value of agricultural production (Int. $) per Area,2012,2012,USD_PPP/ha,3075.51,E,
79,'276,Germany,6610,Agricultural land,7278,Value of agricultural production (Int. $) per Area,2013,2013,USD_PPP/ha,3099.76,E,
79,'276,Germany,6610,Agricultural land,7278,Value of agricultural production (Int. $) per Area,2014,2014,USD_PPP/ha,3282.33,E,
79,'276,Germany,6610,Agricultural land,7278,Value of agricultural production (Int. $) per Area,2015,2015,USD_PPP/ha,3163.4,E,
79,'276,Germany,6610,Agricultural land,7278,Value of agricultural production (Int. $) per Area,2016,2016,USD_PPP/ha,3128.76,E,
79,'276,Germany,6610,Agricultural land,7278,Value of agricultural production (Int. $) per Area,2017,2017,USD_PPP/ha,3115.15,E,
79,'276,Germany,6610,Agricultural land,7278,Value of agricultural production (Int. $) per Area,2018,2018,USD_PPP/ha,2939.12,E,
79,'276,Germany,6610,Agricultural land,7278,Value of agricultural production (Int. $) per Area,2019,2019,USD_PPP/ha,3016.76,E,
79,'276,Germany,6610,Agricultural land,7278,Value of agricultural production (Int. $) per Area,2020,2020,USD_PPP/ha,3063.24,E,
79,'276,Germany,6610,Agricultural land,7278,Value of agricultural production (Int. $) per Area,2021,2021,USD_PPP/ha,3033.22,E,
79,'276,Germany,6610,Agricultural land,7278,Value of agricultural production (Int. $) per Area,2022,2022,USD_PPP/ha,2978.12,E,
79,'276,Germany,6610,Agricultural land,7278,Value of agricultural production (Int. $) per Area,2023,2023,USD_PPP/ha,2978.25,E,
79,'276,Germany,6620,Cropland,5110,Area,1961,1961,1000 ha,12724.0,I,
79,'276,Germany,6620,Cropland,5110,Area,1962,1962,1000 ha,12691.0,I,
79,'276,Germany,6620,Cropland,5110,Area,1963,1963,1000 ha,12663.0,I,
79,'276,Germany,6620,Cropland,5110,Area,1964,1964,1000 ha,12661.0,I,
79,'276,Germany,6620,Cropland,5110,Area,1965,1965,1000 ha,12645.0,I,
79,'276,Germany,6620,Cropland,5110,Area,1966,1966,1000 ha,12639.0,I,
79,'276,Germany,6620,Cropland,5110,Area,1967,1967,1000 ha,12525.0,I,
79,'276,Germany,6620,Cropland,5110,Area,1968,1968,1000 ha,12505.0,I,
79,'276,Germany,6620,Cropland,5110,Area,1969,1969,1000 ha,12479.0,I,
79,'276,Germany,6620,Cropland,5110,Area,1970,1970,1000 ha,12391.0,I,
79,'276,Germany,6620,Cropland,5110,Area,1971,1971,1000 ha,12404.0,I,
79,'276,Germany,6620,Cropland,5110,Area,1972,1972,1000 ha,12444.0,I,
79,'276,Germany,6620,Cropland,5110,Area,1973,1973,1000 ha,12449.0,I,
79,'276,Germany,6620,Cropland,5110,Area,1974,1974,1000 ha,12479.0,I,
79,'276,Germany,6620,Cropland,5110,Area,1975,1975,1000 ha,12510.0,I,
79,'276,Germany,6620,Cropland,5110,Area,1976,1976,1000 ha,12563.0,I,
79,'276,Germany,6620,Cropland,5110,Area,1977,1977,1000 ha,12560.0,I,
79,'276,Germany,6620,Cropland,5110,Area,1978,1978,1000 ha,12576.0,I,
79,'276,Germany,6620,Cropland,5110,Area,1979,1979,1000 ha,12558.0,A,
79,'276,Germany,6620,Cropland,5110,Area,1980,1980,1000 ha,12530.0,A,
79,'276,Germany,6620,Cropland,5110,Area,1981,1981,1000 ha,12498.0,A,
79,'276,Germany,6620,Cropland,5110,Area,1982,1982,1000 ha,12464.0,A,
79,'276,Germany,6620,Cropland,5110,Area,1983,1983,1000 ha,12450.0,A,
79,'276,Germany,6620,Cropland,5110,Area,1984,1984,1000 ha,12428.0,A,
79,'276,Germany,6620,Cropland,5110,Area,1985,1985,1000 ha,12426.0,A,
79,'276,Germany,6620,Cropland,5110,Area,1986,1986,1000 ha,12420.0,A,
79,'276,Germany,6620,Cropland,5110,Area,1987,1987,1000 ha,12390.0,A,
79,'276,Germany,6620,Cropland,5110,Area,1988,1988,1000 ha,12390.0,A,
79,'276,Germany,6620,Cropland,5110,Area,1989,1989,1000 ha,12391.0,A,
79,'276,Germany,6620,Cropland,5110,Area,1990,1990,1000 ha,12414.0,A,
79,'276,Germany,6620,Cropland,5110,Area,1991,1991,1000 ha,11807.0,A,
79,'276,Germany,6620,Cropland,5110,Area,1992,1992,1000 ha,11708.0,A,
79,'276,Germany,6620,Cropland,5110,Area,1993,1993,1000 ha,11911.0,A,
79,'276,Germany,6620,Cropland,5110,Area,1994,1994,1000 ha,12037.0,A,
79,'276,Germany,6620,Cropland,5110,Area,1995,1995,1000 ha,12061.0,A,
79,'276,Germany,6620,Cropland,5110,Area,1996,1996,1000 ha,12064.0,A,
79,'276,Germany,6620,Cropland,5110,Area,1997,1997,1000 ha,12060.0,A,
79,'276,Germany,6620,Cropland,5110,Area,1998,1998,1000 ha,12107.0,A,
79,'276,Germany,6620,Cropland,5110,Area,1999,1999,1000 ha,12038.0,A,
79,'276,Germany,6620,Cropland,5110,Area,2000,2000,1000 ha,12020.0,A,
79,'276,Germany,6620,Cropland,5110,Area,2001,2001,1000 ha,12021.0,A,
79,'276,Germany,6620,Cropland,5110,Area,2002,2002,1000 ha,11997.0,A,
79,'276,Germany,6620,Cropland,5110,Area,2003,2003,1000 ha,12033.0,A,
79,'276,Germany,6620,Cropland,5110,Area,2004,2004,1000 ha,12100.0,A,
79,'276,Germany,6620,Cropland,5110,Area,2005,2005,1000 ha,12102.0,A,
79,'276,Germany,6620,Cropland,5110,Area,2006,2006,1000 ha,12064.0,A,
79,'276,Germany,6620,Cropland,5110,Area,2007,2007,1000 ha,12075.0,A,
79,'276,Germany,6620,Cropland,5110,Area,2008,2008,1000 ha,12132.0,A,
79,'276,Germany,6620,Cropland,5110,Area,2009,2009,1000 ha,12145.0,A,
79,'276,Germany,6620,Cropland,5110,Area,2010,2010,1000 ha,12045.0,A,
79,'276,Germany,6620,Cropland,5110,Area,2011,2011,1000 ha,12075.0,A,
79,'276,Germany,6620,Cropland,5110,Area,2012,2012,1000 ha,12034.0,A,
79,'276,Germany,6620,Cropland,5110,Area,2013,2013,1000 ha,12076.0,A,
79,'276,Germany,6620,Cropland,5110,Area,2014,2014,1000 ha,12072.0,A,
79,'276,Germany,6620,Cropland,5110,Area,2015,2015,1000 ha,12051.0,A,
79,'276,Germany,6620,Cropland,5110,Area,2016,2016,1000 ha,11963.0,A,
79,'276,Germany,6620,Cropland,5110,Area,2017,2017,1000 ha,11971.0,A,
79,'276,Germany,6620,Cropland,5110,Area,2018,2018,1000 ha,11930.0,A,
79,'276,Germany,6620,Cropland,5110,Area,2019,2019,1000 ha,11913.0,A,
79,'276,Germany,6620,Cropland,5110,Area,2020,2020,1000 ha,11862.0,A,
79,'276,Germany,6620,Cropland,5110,Area,2021,2021,1000 ha,11860.0,A,
79,'276,Germany,6620,Cropland,5110,Area,2022,2022,1000 ha,11860.0,A,
79,'276,Germany,6620,Cropland,5110,Area,2023,2023,1000 ha,11881.0,A,
79,'276,Germany,6620,Cropland,7208,Share in Agricultural land,1961,1961,%,65.67,E,
79,'276,Germany,6620,Cropland,7208,Share in Agricultural land,1962,1962,%,65.44,E,
79,'276,Germany,6620,Cropland,7208,Share in Agricultural land,1963,1963,%,65.27,E,
79,'276,Germany,6620,Cropland,7208,Share in Agricultural land,1964,1964,%,65.07,E,
79,'276,Germany,6620,Cropland,7208,Share in Agricultural land,1965,1965,%,64.73,E,
79,'276,Germany,6620,Cropland,7208,Share in Agricultural land,1966,1966,%,64.71,E,
79,'276,Germany,6620,Cropland,7208,Share in Agricultural land,1967,1967,%,64.52,E,
79,'276,Germany,6620,Cropland,7208,Share in Agricultural land,1968,1968,%,64.84,E,
79,'276,Germany,6620,Cropland,7208,Share in Agricultural land,1969,1969,%,64.81,E,
79,'276,Germany,6620,Cropland,7208,Share in Agricultural land,1970,1970,%,65.14,E,
79,'276,Germany,6620,Cropland,7208,Share in Agricultural land,1971,1971,%,65.45,E,
79,'276,Germany,6620,Cropland,7208,Share in Agricultural land,1972,1972,%,65.67,E,
79,'276,Germany,6620,Cropland,7208,Share in Agricultural land,1973,1973,%,65.88,E,
79,'276,Germany,6620,Cropland,7208,Share in Agricultural land,1974,1974,%,66.3,E,
79,'276,Germany,6620,Cropland,7208,Share in Agricultural land,1975,1975,%,66.57,E,
79,'276,Germany,6620,Cropland,7208,Share in Agricultural land,1976,1976,%,66.97,E,
79,'276,Germany,6620,Cropland,7208,Share in Agricultural land,1977,1977,%,67.13,E,
79,'276,Germany,6620,Cropland,7208,Share in Agricultural land,1978,1978,%,67.4,E,
79,'276,Germany,6620,Cropland,7208,Share in Agricultural land,1979,1979,%,67.54,A,
79,'276,Germany,6620,Cropland,7208,Share in Agricultural land,1980,1980,%,67.66,A,
79,'276,Germany,6620,Cropland,7208,Share in Agricultural land,1981,1981,%,67.7,A,
79,'276,Germany,6620,Cropland,7208,Share in Agricultural land,1982,1982,%,67.75,A,
79,'276,Germany,6620,Cropland,7208,Share in Agricultural land,1983,1983,%,67.92,A,
79,'276,Germany,6620,Cropland,7208,Share in Agricultural land,1984,1984,%,67.97,A,
79,'276,Germany,6620,Cropland,7208,Share in Agricultural land,1985,1985,%,68.11,A,
79,'276,Germany,6620,Cropland,7208,Share in Agricultural land,1986,1986,%,68.21,A,
79,'276,Germany,6620,Cropland,7208,Share in Agricultural land,1987,1987,%,68.36,A,
79,'276,Germany,6620,Cropland,7208,Share in Agricultural land,1988,1988,%,68.46,A,
79,'276,Germany,6620,Cropland,7208,Share in Agricultural land,1989,1989,%,68.63,A,
79,'276,Germany,6620,Cropland,7208,Share in Agricultural land,1990,1990,%,68.84,A,
79,'276,Germany,6620,Cropland,7208,Share in Agricultural land,1991,1991,%,68.9,A,
79,'276,Germany,6620,Cropland,7208,Share in Agricultural land,1992,1992,%,69.07,A,
79,'276,Germany,6620,Cropland,7208,Share in Agricultural land,1993,1993,%,69.4,A,
79,'276,Germany,6620,Cropland,7208,Share in Agricultural land,1994,1994,%,69.55,A,
79,'276,Germany,6620,Cropland,7208,Share in Agricultural land,1995,1995,%,69.54,A,
79,'276,Germany,6620,Cropland,7208,Share in Agricultural land,1996,1996,%,69.59,A,
79,'276,Germany,6620,Cropland,7208,Share in Agricultural land,1997,1997,%,69.6,A,
79,'276,Germany,6620,Cropland,7208,Share in Agricultural land,1998,1998,%,69.69,A,
79,'276,Germany,6620,Cropland,7208,Share in Agricultural land,1999,1999,%,70.18,A,
79,'276,Germany,6620,Cropland,7208,Share in Agricultural land,2000,2000,%,70.42,A,
79,'276,Germany,6620,Cropland,7208,Share in Agricultural land,2001,2001,%,70.57,A,
79,'276,Germany,6620,Cropland,7208,Share in Agricultural land,2002,2002,%,70.71,A,
79,'276,Germany,6620,Cropland,7208,Share in Agricultural land,2003,2003,%,70.78,A,
79,'276,Germany,6620,Cropland,7208,Share in Agricultural land,2004,2004,%,71.12,A,
79,'276,Germany,6620,Cropland,7208,Share in Agricultural land,2005,2005,%,71.06,A,
79,'276,Germany,6620,Cropland,7208,Share in Agricultural land,2006,2006,%,71.19,A,
79,'276,Germany,6620,Cropland,7208,Share in Agricultural land,2007,2007,%,71.24,A,
79,'276,Germany,6620,Cropland,7208,Share in Agricultural land,2008,2008,%,71.7,A,
79,'276,Germany,6620,Cropland,7208,Share in Agricultural land,2009,2009,%,71.92,A,
79,'276,Germany,6620,Cropland,7208,Share in Agricultural land,2010,2010,%,72.13,A,
79,'276,Germany,6620,Cropland,7208,Share in Agricultural land,2011,2011,%,72.22,A,
79,'276,Germany,6620,Cropland,7208,Share in Agricultural land,2012,2012,%,72.22,A,
79,'276,Germany,6620,Cropland,7208,Share in Agricultural land,2013,2013,%,72.32,A,
79,'276,Germany,6620,Cropland,7208,Share in Agricultural land,2014,2014,%,72.18,A,
79,'276,Germany,6620,Cropland,7208,Share in Agricultural land,2015,2015,%,72.03,A,
79,'276,Germany,6620,Cropland,7208,Share in Agricultural land,2016,2016,%,71.81,A,
79,'276,Germany,6620,Cropland,7208,Share in Agricultural land,2017,2017,%,71.74,A,
79,'276,Germany,6620,Cropland,7208,Share in Agricultural land,2018,2018,%,71.67,A,
79,'276,Germany,6620,Cropland,7208,Share in Agricultural land,2019,2019,%,71.48,A,
79,'276,Germany,6620,Cropland,7208,Share in Agricultural land,2020,2020,%,71.48,A,
79,'276,Germany,6620,Cropland,7208,Share in Agricultural land,2021,2021,%,71.48,A,
79,'276,Germany,6620,Cropland,7208,Share in Agricultural land,2022,2022,%,71.47,A,
79,'276,Germany,6620,Cropland,7208,Share in Agricultural land,2023,2023,%,71.63,A,
79,'276,Germany,6620,Cropland,7209,Share in Land area,1961,1961,%,36.44,E,
79,'276,Germany,6620,Cropland,7209,Share in Land area,1962,1962,%,36.35,E,
79,'276,Germany,6620,Cropland,7209,Share in Land area,1963,1963,%,36.27,E,
79,'276,Germany,6620,Cropland,7209,Share in Land area,1964,1964,%,36.26,E,
79,'276,Germany,6620,Cropland,7209,Share in Land area,1965,1965,%,36.22,E,
79,'276,Germany,6620,Cropland,7209,Share in Land area,1966,1966,%,36.2,E,
79,'276,Germany,6620,Cropland,7209,Share in Land area,1967,1967,%,35.87,E,
79,'276,Germany,6620,Cropland,7209,Share in Land area,1968,1968,%,35.82,E,
79,'276,Germany,6620,Cropland,7209,Share in Land area,1969,1969,%,35.74,E,
79,'276,Germany,6620,Cropland,7209,Share in Land area,1970,1970,%,35.49,E,
79,'276,Germany,6620,Cropland,7209,Share in Land area,1971,1971,%,35.53,E,
79,'276,Germany,6620,Cropland,7209,Share in Land area,1972,1972,%,35.64,E,
79,'276,Germany,6620,Cropland,7209,Share in Land area,1973,1973,%,35.66,E,
79,'276,Germany,6620,Cropland,7209,Share in Land area,1974,1974,%,35.74,E,
79,'276,Germany,6620,Cropland,7209,Share in Land area,1975,1975,%,35.83,E,
79,'276,Germany,6620,Cropland,7209,Share in Land area,1976,1976,%,35.98,E,
79,'276,Germany,6620,Cropland,7209,Share in Land area,1977,1977,%,35.98,E,
79,'276,Germany,6620,Cropland,7209,Share in Land area,1978,1978,%,36.02,E,
79,'276,Germany,6620,Cropland,7209,Share in Land area,1979,1979,%,35.97,E,
79,'276,Germany,6620,Cropland,7209,Share in Land area,1980,1980,%,35.89,E,
79,'276,Germany,6620,Cropland,7209,Share in Land area,1981,1981,%,35.8,E,
79,'276,Germany,6620,Cropland,7209,Share in Land area,1982,1982,%,35.7,E,
79,'276,Germany,6620,Cropland,7209,Share in Land area,1983,1983,%,35.66,E,
79,'276,Germany,6620,Cropland,7209,Share in Land area,1984,1984,%,35.6,E,
79,'276,Germany,6620,Cropland,7209,Share in Land area,1985,1985,%,35.59,E,
79,'276,Germany,6620,Cropland,7209,Share in Land area,1986,1986,%,35.57,E,
79,'276,Germany,6620,Cropland,7209,Share in Land area,1987,1987,%,35.49,E,
79,'276,Germany,6620,Cropland,7209,Share in Land area,1988,1988,%,35.49,E,
79,'276,Germany,6620,Cropland,7209,Share in Land area,1989,1989,%,35.49,E,
79,'276,Germany,6620,Cropland,7209,Share in Land area,1990,1990,%,35.56,E,
79,'276,Germany,6620,Cropland,7209,Share in Land area,1991,1991,%,33.82,E,
79,'276,Germany,6620,Cropland,7209,Share in Land area,1992,1992,%,33.53,A,
79,'276,Germany,6620,Cropland,7209,Share in Land area,1993,1993,%,34.12,A,
79,'276,Germany,6620,Cropland,7209,Share in Land area,1994,1994,%,34.48,A,
79,'276,Germany,6620,Cropland,7209,Share in Land area,1995,1995,%,34.55,A,
79,'276,Germany,6620,Cropland,7209,Share in Land area,1996,1996,%,34.56,A,
79,'276,Germany,6620,Cropland,7209,Share in Land area,1997,1997,%,34.55,A,
79,'276,Germany,6620,Cropland,7209,Share in Land area,1998,1998,%,34.69,A,
79,'276,Germany,6620,Cropland,7209,Share in Land area,1999,1999,%,34.49,A,
79,'276,Germany,6620,Cropland,7209,Share in Land area,2000,2000,%,34.45,A,
79,'276,Germany,6620,Cropland,7209,Share in Land area,2001,2001,%,34.45,A,
79,'276,Germany,6620,Cropland,7209,Share in Land area,2002,2002,%,34.39,A,
79,'276,Germany,6620,Cropland,7209,Share in Land area,2003,2003,%,34.5,A,
79,'276,Germany,6620,Cropland,7209,Share in Land area,2004,2004,%,34.69,A,
79,'276,Germany,6620,Cropland,7209,Share in Land area,2005,2005,%,34.7,A,
79,'276,Germany,6620,Cropland,7209,Share in Land area,2006,2006,%,34.6,A,
79,'276,Germany,6620,Cropland,7209,Share in Land area,2007,2007,%,34.63,A,
79,'276,Germany,6620,Cropland,7209,Share in Land area,2008,2008,%,34.8,A,
79,'276,Germany,6620,Cropland,7209,Share in Land area,2009,2009,%,34.84,A,
79,'276,Germany,6620,Cropland,7209,Share in Land area,2010,2010,%,34.56,A,
79,'276,Germany,6620,Cropland,7209,Share in Land area,2011,2011,%,34.64,A,
79,'276,Germany,6620,Cropland,7209,Share in Land area,2012,2012,%,34.53,A,
79,'276,Germany,6620,Cropland,7209,Share in Land area,2013,2013,%,34.61,A,
79,'276,Germany,6620,Cropland,7209,Share in Land area,2014,2014,%,34.6,A,
79,'276,Germany,6620,Cropland,7209,Share in Land area,2015,2015,%,34.54,A,
79,'276,Germany,6620,Cropland,7209,Share in Land area,2016,2016,%,34.24,A,
79,'276,Germany,6620,Cropland,7209,Share in Land area,2017,2017,%,34.26,A,
79,'276,Germany,6620,Cropland,7209,Share in Land area,2018,2018,%,34.15,A,
79,'276,Germany,6620,Cropland,7209,Share in Land area,2019,2019,%,34.1,A,
79,'276,Germany,6620,Cropland,7209,Share in Land area,2020,2020,%,33.95,A,
79,'276,Germany,6620,Cropland,7209,Share in Land area,2021,2021,%,33.94,A,
79,'276,Germany,6620,Cropland,7209,Share in Land area,2022,2022,%,33.95,A,
79,'276,Germany,6620,Cropland,7209,Share in Land area,2023,2023,%,34.0,A,
79,'276,Germany,6620,Cropland,7277,Area per capita,1961,1961,ha/cap,0.1734,E,
79,'276,Germany,6620,Cropland,7277,Area per capita,1962,1962,ha/cap,0.1715,E,
79,'276,Germany,6620,Cropland,7277,Area per capita,1963,1963,ha/cap,0.1695,E,
79,'276,Germany,6620,Cropland,7277,Area per capita,1964,1964,ha/cap,0.1681,E,
79,'276,Germany,6620,Cropland,7277,Area per capita,1965,1965,ha/cap,0.1665,E,
79,'276,Germany,6620,Cropland,7277,Area per capita,1966,1966,ha/cap,0.165,E,
79,'276,Germany,6620,Cropland,7277,Area per capita,1967,1967,ha/cap,0.1627,E,
79,'276,Germany,6620,Cropland,7277,Area per capita,1968,1968,ha/cap,0.1617,E,
79,'276,Germany,6620,Cropland,7277,Area per capita,1969,1969,ha/cap,0.1601,E,
79,'276,Germany,6620,Cropland,7277,Area per capita,1970,1970,ha/cap,0.1584,E,
79,'276,Germany,6620,Cropland,7277,Area per capita,1971,1971,ha/cap,0.1583,E,
79,'276,Germany,6620,Cropland,7277,Area per capita,1972,1972,ha/cap,0.1581,E,
79,'276,Germany,6620,Cropland,7277,Area per capita,1973,1973,ha/cap,0.1576,E,
79,'276,Germany,6620,Cropland,7277,Area per capita,1974,1974,ha/cap,0.158,E,
79,'276,Germany,6620,Cropland,7277,Area per capita,1975,1975,ha/cap,0.159,E,
79,'276,Germany,6620,Cropland,7277,Area per capita,1976,1976,ha/cap,0.1603,E,
79,'276,Germany,6620,Cropland,7277,Area per capita,1977,1977,ha/cap,0.1606,E,
79,'276,Germany,6620,Cropland,7277,Area per capita,1978,1978,ha/cap,0.161,E,
79,'276,Germany,6620,Cropland,7277,Area per capita,1979,1979,ha/cap,0.1607,E,
79,'276,Germany,6620,Cropland,7277,Area per capita,1980,1980,ha/cap,0.16,E,
79,'276,Germany,6620,Cropland,7277,Area per capita,1981,1981,ha/cap,0.1593,E,
79,'276,Germany,6620,Cropland,7277,Area per capita,1982,1982,ha/cap,0.159,E,
79,'276,Germany,6620,Cropland,7277,Area per capita,1983,1983,ha/cap,0.1592,E,
79,'276,Germany,6620,Cropland,7277,Area per capita,1984,1984,ha/cap,0.1593,E,
79,'276,Germany,6620,Cropland,7277,Area per capita,1985,1985,ha/cap,0.1596,E,
79,'276,Germany,6620,Cropland,7277,Area per capita,1986,1986,ha/cap,0.1594,E,
79,'276,Germany,6620,Cropland,7277,Area per capita,1987,1987,ha/cap,0.1587,E,
79,'276,Germany,6620,Cropland,7277,Area per capita,1988,1988,ha/cap,0.1581,E,
79,'276,Germany,6620,Cropland,7277,Area per capita,1989,1989,ha/cap,0.1568,E,
79,'276,Germany,6620,Cropland,7277,Area per capita,1990,1990,ha/cap,0.1557,E,
79,'276,Germany,6620,Cropland,7277,Area per capita,1991,1991,ha/cap,0.147,E,
79,'276,Germany,6620,Cropland,7277,Area per capita,1992,1992,ha/cap,0.1447,E,
79,'276,Germany,6620,Cropland,7277,Area per capita,1993,1993,ha/cap,0.1462,E,
79,'276,Germany,6620,Cropland,7277,Area per capita,1994,1994,ha/cap,0.1472,E,
79,'276,Germany,6620,Cropland,7277,Area per capita,1995,1995,ha/cap,0.147,E,
79,'276,Germany,6620,Cropland,7277,Area per capita,1996,1996,ha/cap,0.1467,E,
79,'276,Germany,6620,Cropland,7277,Area per capita,1997,1997,ha/cap,0.1464,E,
79,'276,Germany,6620,Cropland,7277,Area per capita,1998,1998,ha/cap,0.1476,E,
79,'276,Germany,6620,Cropland,7277,Area per capita,1999,1999,ha/cap,0.1474,E,
79,'276,Germany,6620,Cropland,7277,Area per capita,2000,2000,ha/cap,0.1469,E,
79,'276,Germany,6620,Cropland,7277,Area per capita,2001,2001,ha/cap,0.1467,E,
79,'276,Germany,6620,Cropland,7277,Area per capita,2002,2002,ha/cap,0.1462,E,
79,'276,Germany,6620,Cropland,7277,Area per capita,2003,2003,ha/cap,0.1465,E,
79,'276,Germany,6620,Cropland,7277,Area per capita,2004,2004,ha/cap,0.1474,E,
79,'276,Germany,6620,Cropland,7277,Area per capita,2005,2005,ha/cap,0.1475,E,
79,'276,Germany,6620,Cropland,7277,Area per capita,2006,2006,ha/cap,0.1477,E,
79,'276,Germany,6620,Cropland,7277,Area per capita,2007,2007,ha/cap,0.1485,E,
79,'276,Germany,6620,Cropland,7277,Area per capita,2008,2008,ha/cap,0.1496,E,
79,'276,Germany,6620,Cropland,7277,Area per capita,2009,2009,ha/cap,0.1501,E,
79,'276,Germany,6620,Cropland,7277,Area per capita,2010,2010,ha/cap,0.149,E,
79,'276,Germany,6620,Cropland,7277,Area per capita,2011,2011,ha/cap,0.1493,E,
79,'276,Germany,6620,Cropland,7277,Area per capita,2012,2012,ha/cap,0.1487,E,
79,'276,Germany,6620,Cropland,7277,Area per capita,2013,2013,ha/cap,0.149,E,
79,'276,Germany,6620,Cropland,7277,Area per capita,2014,2014,ha/cap,0.1483,E,
79,'276,Germany,6620,Cropland,7277,Area per capita,2015,2015,ha/cap,0.1468,E,
79,'276,Germany,6620,Cropland,7277,Area per capita,2016,2016,ha/cap,0.1446,E,
79,'276,Germany,6620,Cropland,7277,Area per capita,2017,2017,ha/cap,0.144,E,
79,'276,Germany,6620,Cropland,7277,Area per capita,2018,2018,ha/cap,0.1431,E,
79,'276,Germany,6620,Cropland,7277,Area per capita,2019,2019,ha/cap,0.1426,E,
79,'276,Germany,6620,Cropland,7277,Area per capita,2020,2020,ha/cap,0.1418,E,
79,'276,Germany,6620,Cropland,7277,Area per capita,2021,2021,ha/cap,0.1417,E,
79,'276,Germany,6620,Cropland,7277,Area per capita,2022,2022,ha/cap,0.141,E,
79,'276,Germany,6620,Cropland,7277,Area per capita,2023,2023,ha/cap,0.1405,E,
79,'276,Germany,6621,Arable land,5110,Area,1961,1961,1000 ha,12220.0,A,
79,'276,Germany,6621,Arable land,5110,Area,1962,1962,1000 ha,12185.0,A,
79,'276,Germany,6621,Arable land,5110,Area,1963,1963,1000 ha,12165.0,A,
79,'276,Germany,6621,Arable land,5110,Area,1964,1964,1000 ha,12161.0,A,
79,'276,Germany,6621,Arable land,5110,Area,1965,1965,1000 ha,12153.0,A,
79,'276,Germany,6621,Arable land,5110,Area,1966,1966,1000 ha,12155.0,A,
79,'276,Germany,6621,Arable land,5110,Area,1967,1967,1000 ha,12049.0,A,
79,'276,Germany,6621,Arable land,5110,Area,1968,1968,1000 ha,12032.0,A,
79,'276,Germany,6621,Arable land,5110,Area,1969,1969,1000 ha,12001.0,A,
79,'276,Germany,6621,Arable land,5110,Area,1970,1970,1000 ha,11952.0,A,
79,'276,Germany,6621,Arable land,5110,Area,1971,1971,1000 ha,11965.0,A,
79,'276,Germany,6621,Arable land,5110,Area,1972,1972,1000 ha,12004.0,A,
79,'276,Germany,6621,Arable land,5110,Area,1973,1973,1000 ha,11990.0,A,
79,'276,Germany,6621,Arable land,5110,Area,1974,1974,1000 ha,12020.0,A,
79,'276,Germany,6621,Arable land,5110,Area,1975,1975,1000 ha,12041.0,A,
79,'276,Germany,6621,Arable land,5110,Area,1976,1976,1000 ha,12087.0,A,
79,'276,Germany,6621,Arable land,5110,Area,1977,1977,1000 ha,12071.0,A,
79,'276,Germany,6621,Arable land,5110,Area,1978,1978,1000 ha,12086.0,A,
79,'276,Germany,6621,Arable land,5110,Area,1979,1979,1000 ha,12057.0,A,
79,'276,Germany,6621,Arable land,5110,Area,1980,1980,1000 ha,12030.0,A,
79,'276,Germany,6621,Arable land,5110,Area,1981,1981,1000 ha,12004.0,A,
79,'276,Germany,6621,Arable land,5110,Area,1982,1982,1000 ha,11975.0,A,
79,'276,Germany,6621,Arable land,5110,Area,1983,1983,1000 ha,11967.0,A,
79,'276,Germany,6621,Arable land,5110,Area,1984,1984,1000 ha,11952.0,A,
79,'276,Germany,6621,Arable land,5110,Area,1985,1985,1000 ha,11957.0,A,
79,'276,Germany,6621,Arable land,5110,Area,1986,1986,1000 ha,11960.0,A,
79,'276,Germany,6621,Arable land,5110,Area,1987,1987,1000 ha,11945.0,A,
79,'276,Germany,6621,Arable land,5110,Area,1988,1988,1000 ha,11948.0,A,
79,'276,Germany,6621,Arable land,5110,Area,1989,1989,1000 ha,11949.0,A,
79,'276,Germany,6621,Arable land,5110,Area,1990,1990,1000 ha,11971.0,A,
79,'276,Germany,6621,Arable land,5110,Area,1991,1991,1000 ha,11559.0,A,
79,'276,Germany,6621,Arable land,5110,Area,1992,1992,1000 ha,11467.0,A,
79,'276,Germany,6621,Arable land,5110,Area,1993,1993,1000 ha,11676.0,A,
79,'276,Germany,6621,Arable land,5110,Area,1994,1994,1000 ha,11805.0,A,
79,'276,Germany,6621,Arable land,5110,Area,1995,1995,1000 ha,11835.0,A,
79,'276,Germany,6621,Arable land,5110,Area,1996,1996,1000 ha,11835.0,A,
79,'276,Germany,6621,Arable land,5110,Area,1997,1997,1000 ha,11832.0,A,
79,'276,Germany,6621,Arable land,5110,Area,1998,1998,1000 ha,11879.0,A,
79,'276,Germany,6621,Arable land,5110,Area,1999,1999,1000 ha,11822.0,A,
79,'276,Germany,6621,Arable land,5110,Area,2000,2000,1000 ha,11804.0,A,
79,'276,Germany,6621,Arable land,5110,Area,2001,2001,1000 ha,11813.0,A,
79,'276,Germany,6621,Arable land,5110,Area,2002,2002,1000 ha,11791.0,A,
79,'276,Germany,6621,Arable land,5110,Area,2003,2003,1000 ha,11827.0,A,
79,'276,Germany,6621,Arable land,5110,Area,2004,2004,1000 ha,11898.0,A,
79,'276,Germany,6621,Arable land,5110,Area,2005,2005,1000 ha,11904.0,A,
79,'276,Germany,6621,Arable land,5110,Area,2006,2006,1000 ha,11866.0,A,
79,'276,Germany,6621,Arable land,5110,Area,2007,2007,1000 ha,11877.0,A,
79,'276,Germany,6621,Arable land,5110,Area,2008,2008,1000 ha,11932.0,A,
79,'276,Germany,6621,Arable land,5110,Area,2009,2009,1000 ha,11945.0,A,
79,'276,Germany,6621,Arable land,5110,Area,2010,2010,1000 ha,11846.0,A,
79,'276,Germany,6621,Arable land,5110,Area,2011,2011,1000 ha,11875.0,A,
79,'276,Germany,6621,Arable land,5110,Area,2012,2012,1000 ha,11834.0,A,
79,'276,Germany,6621,Arable land,5110,Area,2013,2013,1000 ha,11876.0,A,
79,'276,Germany,6621,Arable land,5110,Area,2014,2014,1000 ha,11869.0,A,
79,'276,Germany,6621,Arable land,5110,Area,2015,2015,1000 ha,11846.0,A,
79,'276,Germany,6621,Arable land,5110,Area,2016,2016,1000 ha,11763.0,A,
79,'276,Germany,6621,Arable land,5110,Area,2017,2017,1000 ha,11772.0,A,
79,'276,Germany,6621,Arable land,5110,Area,2018,2018,1000 ha,11731.0,A,
79,'276,Germany,6621,Arable land,5110,Area,2019,2019,1000 ha,11714.0,A,
79,'276,Germany,6621,Arable land,5110,Area,2020,2020,1000 ha,11664.0,A,
79,'276,Germany,6621,Arable land,5110,Area,2021,2021,1000 ha,11658.0,A,
79,'276,Germany,6621,Arable land,5110,Area,2022,2022,1000 ha,11657.0,A,
79,'276,Germany,6621,Arable land,5110,Area,2023,2023,1000 ha,11681.0,A,
79,'276,Germany,6621,Arable land,7208,Share in Agricultural land,1961,1961,%,63.07,E,
79,'276,Germany,6621,Arable land,7208,Share in Agricultural land,1962,1962,%,62.83,E,
79,'276,Germany,6621,Arable land,7208,Share in Agricultural land,1963,1963,%,62.7,E,
79,'276,Germany,6621,Arable land,7208,Share in Agricultural land,1964,1964,%,62.5,E,
79,'276,Germany,6621,Arable land,7208,Share in Agricultural land,1965,1965,%,62.21,E,
79,'276,Germany,6621,Arable land,7208,Share in Agricultural land,1966,1966,%,62.23,E,
79,'276,Germany,6621,Arable land,7208,Share in Agricultural land,1967,1967,%,62.07,E,
79,'276,Germany,6621,Arable land,7208,Share in Agricultural land,1968,1968,%,62.39,E,
79,'276,Germany,6621,Arable land,7208,Share in Agricultural land,1969,1969,%,62.33,E,
79,'276,Germany,6621,Arable land,7208,Share in Agricultural land,1970,1970,%,62.83,E,
79,'276,Germany,6621,Arable land,7208,Share in Agricultural land,1971,1971,%,63.13,E,
79,'276,Germany,6621,Arable land,7208,Share in Agricultural land,1972,1972,%,63.35,E,
79,'276,Germany,6621,Arable land,7208,Share in Agricultural land,1973,1973,%,63.45,E,
79,'276,Germany,6621,Arable land,7208,Share in Agricultural land,1974,1974,%,63.86,E,
79,'276,Germany,6621,Arable land,7208,Share in Agricultural land,1975,1975,%,64.08,E,
79,'276,Germany,6621,Arable land,7208,Share in Agricultural land,1976,1976,%,64.44,E,
79,'276,Germany,6621,Arable land,7208,Share in Agricultural land,1977,1977,%,64.52,E,
79,'276,Germany,6621,Arable land,7208,Share in Agricultural land,1978,1978,%,64.77,E,
79,'276,Germany,6621,Arable land,7208,Share in Agricultural land,1979,1979,%,64.84,A,
79,'276,Germany,6621,Arable land,7208,Share in Agricultural land,1980,1980,%,64.96,A,
79,'276,Germany,6621,Arable land,7208,Share in Agricultural land,1981,1981,%,65.02,A,
79,'276,Germany,6621,Arable land,7208,Share in Agricultural land,1982,1982,%,65.1,A,
79,'276,Germany,6621,Arable land,7208,Share in Agricultural land,1983,1983,%,65.29,A,
79,'276,Germany,6621,Arable land,7208,Share in Agricultural land,1984,1984,%,65.37,A,
79,'276,Germany,6621,Arable land,7208,Share in Agricultural land,1985,1985,%,65.54,A,
79,'276,Germany,6621,Arable land,7208,Share in Agricultural land,1986,1986,%,65.69,A,
79,'276,Germany,6621,Arable land,7208,Share in Agricultural land,1987,1987,%,65.9,A,
79,'276,Germany,6621,Arable land,7208,Share in Agricultural land,1988,1988,%,66.02,A,
79,'276,Germany,6621,Arable land,7208,Share in Agricultural land,1989,1989,%,66.18,A,
79,'276,Germany,6621,Arable land,7208,Share in Agricultural land,1990,1990,%,66.39,A,
79,'276,Germany,6621,Arable land,7208,Share in Agricultural land,1991,1991,%,67.45,A,
79,'276,Germany,6621,Arable land,7208,Share in Agricultural land,1992,1992,%,67.65,A,
79,'276,Germany,6621,Arable land,7208,Share in Agricultural land,1993,1993,%,68.03,A,
79,'276,Germany,6621,Arable land,7208,Share in Agricultural land,1994,1994,%,68.21,A,
79,'276,Germany,6621,Arable land,7208,Share in Agricultural land,1995,1995,%,68.24,A,
79,'276,Germany,6621,Arable land,7208,Share in Agricultural land,1996,1996,%,68.26,A,
79,'276,Germany,6621,Arable land,7208,Share in Agricultural land,1997,1997,%,68.29,A,
79,'276,Germany,6621,Arable land,7208,Share in Agricultural land,1998,1998,%,68.38,A,
79,'276,Germany,6621,Arable land,7208,Share in Agricultural land,1999,1999,%,68.92,A,
79,'276,Germany,6621,Arable land,7208,Share in Agricultural land,2000,2000,%,69.16,A,
79,'276,Germany,6621,Arable land,7208,Share in Agricultural land,2001,2001,%,69.35,A,
79,'276,Germany,6621,Arable land,7208,Share in Agricultural land,2002,2002,%,69.49,A,
79,'276,Germany,6621,Arable land,7208,Share in Agricultural land,2003,2003,%,69.57,A,
79,'276,Germany,6621,Arable land,7208,Share in Agricultural land,2004,2004,%,69.93,A,
79,'276,Germany,6621,Arable land,7208,Share in Agricultural land,2005,2005,%,69.9,A,
79,'276,Germany,6621,Arable land,7208,Share in Agricultural land,2006,2006,%,70.02,A,
79,'276,Germany,6621,Arable land,7208,Share in Agricultural land,2007,2007,%,70.07,A,
79,'276,Germany,6621,Arable land,7208,Share in Agricultural land,2008,2008,%,70.52,A,
79,'276,Germany,6621,Arable land,7208,Share in Agricultural land,2009,2009,%,70.74,A,
79,'276,Germany,6621,Arable land,7208,Share in Agricultural land,2010,2010,%,70.93,A,
79,'276,Germany,6621,Arable land,7208,Share in Agricultural land,2011,2011,%,71.03,A,
79,'276,Germany,6621,Arable land,7208,Share in Agricultural land,2012,2012,%,71.02,A,
79,'276,Germany,6621,Arable land,7208,Share in Agricultural land,2013,2013,%,71.13,A,
79,'276,Germany,6621,Arable land,7208,Share in Agricultural land,2014,2014,%,70.97,A,
79,'276,Germany,6621,Arable land,7208,Share in Agricultural land,2015,2015,%,70.8,A,
79,'276,Germany,6621,Arable land,7208,Share in Agricultural land,2016,2016,%,70.61,A,
79,'276,Germany,6621,Arable land,7208,Share in Agricultural land,2017,2017,%,70.55,A,
79,'276,Germany,6621,Arable land,7208,Share in Agricultural land,2018,2018,%,70.48,A,
79,'276,Germany,6621,Arable land,7208,Share in Agricultural land,2019,2019,%,70.29,A,
79,'276,Germany,6621,Arable land,7208,Share in Agricultural land,2020,2020,%,70.29,A,
79,'276,Germany,6621,Arable land,7208,Share in Agricultural land,2021,2021,%,70.27,A,
79,'276,Germany,6621,Arable land,7208,Share in Agricultural land,2022,2022,%,70.24,A,
79,'276,Germany,6621,Arable land,7208,Share in Agricultural land,2023,2023,%,70.43,A,
79,'276,Germany,6630,Temporary crops,5110,Area,2001,2001,1000 ha,9382.0,A,
79,'276,Germany,6630,Temporary crops,5110,Area,2002,2002,1000 ha,9416.0,A,
79,'276,Germany,6630,Temporary crops,5110,Area,2003,2003,1000 ha,9299.0,A,
79,'276,Germany,6630,Temporary crops,5110,Area,2004,2004,1000 ha,9395.0,A,
79,'276,Germany,6630,Temporary crops,5110,Area,2005,2005,1000 ha,9305.0,A,
79,'276,Germany,6630,Temporary crops,5110,Area,2006,2006,1000 ha,9169.0,A,
79,'276,Germany,6630,Temporary crops,5110,Area,2007,2007,1000 ha,9141.0,A,
79,'276,Germany,6630,Temporary crops,5110,Area,2008,2008,1000 ha,9362.0,A,
79,'276,Germany,6630,Temporary crops,5110,Area,2009,2009,1000 ha,9352.0,A,
79,'276,Germany,6630,Temporary crops,5110,Area,2010,2010,1000 ha,9023.0,A,
79,'276,Germany,6630,Temporary crops,5110,Area,2011,2011,1000 ha,8832.0,A,
79,'276,Germany,6630,Temporary crops,5110,Area,2012,2012,1000 ha,8804.0,A,
79,'276,Germany,6630,Temporary crops,5110,Area,2013,2013,1000 ha,8917.0,A,
79,'276,Germany,6630,Temporary crops,5110,Area,2014,2014,1000 ha,8823.0,A,
79,'276,Germany,6630,Temporary crops,5110,Area,2015,2015,1000 ha,8790.0,A,
79,'276,Germany,6630,Temporary crops,5110,Area,2016,2016,1000 ha,8662.0,A,
79,'276,Germany,6630,Temporary crops,5110,Area,2017,2017,1000 ha,8700.0,A,
79,'276,Germany,6630,Temporary crops,5110,Area,2018,2018,1000 ha,8500.0,A,
79,'276,Germany,6630,Temporary crops,5110,Area,2019,2019,1000 ha,8387.0,A,
79,'276,Germany,6630,Temporary crops,5110,Area,2020,2020,1000 ha,8213.0,A,
79,'276,Germany,6630,Temporary crops,5110,Area,2021,2021,1000 ha,8283.0,A,
79,'276,Germany,6630,Temporary crops,5110,Area,2022,2022,1000 ha,8513.0,A,
79,'276,Germany,6630,Temporary crops,5110,Area,2023,2023,1000 ha,8553.0,A,
79,'276,Germany,6633,Temporary meadows and pastures,5110,Area,2001,2001,1000 ha,1581.0,A,
79,'276,Germany,6633,Temporary meadows and pastures,5110,Area,2002,2002,1000 ha,1540.0,A,
79,'276,Germany,6633,Temporary meadows and pastures,5110,Area,2003,2003,1000 ha,1589.0,A,
79,'276,Germany,6633,Temporary meadows and pastures,5110,Area,2004,2004,1000 ha,1719.0,A,
79,'276,Germany,6633,Temporary meadows and pastures,5110,Area,2005,2005,1000 ha,1805.0,A,
79,'276,Germany,6633,Temporary meadows and pastures,5110,Area,2006,2006,1000 ha,1956.0,A,
79,'276,Germany,6633,Temporary meadows and pastures,5110,Area,2007,2007,1000 ha,2088.0,A,
79,'276,Germany,6633,Temporary meadows and pastures,5110,Area,2008,2008,1000 ha,2261.0,A,
79,'276,Germany,6633,Temporary meadows and pastures,5110,Area,2009,2009,1000 ha,2347.0,A,
79,'276,Germany,6633,Temporary meadows and pastures,5110,Area,2010,2010,1000 ha,2571.0,A,
79,'276,Germany,6633,Temporary meadows and pastures,5110,Area,2011,2011,1000 ha,2814.0,A,
79,'276,Germany,6633,Temporary meadows and pastures,5110,Area,2012,2012,1000 ha,2815.0,A,
79,'276,Germany,6633,Temporary meadows and pastures,5110,Area,2013,2013,1000 ha,2760.0,A,
79,'276,Germany,6633,Temporary meadows and pastures,5110,Area,2014,2014,1000 ha,2857.0,A,
79,'276,Germany,6633,Temporary meadows and pastures,5110,Area,2015,2015,1000 ha,2746.0,A,
79,'276,Germany,6633,Temporary meadows and pastures,5110,Area,2016,2016,1000 ha,2790.0,A,
79,'276,Germany,6633,Temporary meadows and pastures,5110,Area,2017,2017,1000 ha,2754.0,A,
79,'276,Germany,6633,Temporary meadows and pastures,5110,Area,2018,2018,1000 ha,2871.0,A,
79,'276,Germany,6633,Temporary meadows and pastures,5110,Area,2019,2019,1000 ha,2976.0,A,
79,'276,Germany,6633,Temporary meadows and pastures,5110,Area,2020,2020,1000 ha,3093.0,A,
79,'276,Germany,6633,Temporary meadows and pastures,5110,Area,2021,2021,1000 ha,3008.0,A,
79,'276,Germany,6633,Temporary meadows and pastures,5110,Area,2022,2022,1000 ha,2771.0,A,
79,'276,Germany,6633,Temporary meadows and pastures,5110,Area,2023,2023,1000 ha,2759.0,A,
79,'276,Germany,6640,Temporary fallow,5110,Area,2001,2001,1000 ha,850.0,A,
79,'276,Germany,6640,Temporary fallow,5110,Area,2002,2002,1000 ha,835.0,A,
79,'276,Germany,6640,Temporary fallow,5110,Area,2003,2003,1000 ha,939.0,A,
79,'276,Germany,6640,Temporary fallow,5110,Area,2004,2004,1000 ha,784.0,A,
79,'276,Germany,6640,Temporary fallow,5110,Area,2005,2005,1000 ha,794.0,A,
79,'276,Germany,6640,Temporary fallow,5110,Area,2006,2006,1000 ha,741.0,A,
79,'276,Germany,6640,Temporary fallow,5110,Area,2007,2007,1000 ha,648.0,A,
79,'276,Germany,6640,Temporary fallow,5110,Area,2008,2008,1000 ha,310.0,A,
79,'276,Germany,6640,Temporary fallow,5110,Area,2009,2009,1000 ha,246.0,A,
79,'276,Germany,6640,Temporary fallow,5110,Area,2010,2010,1000 ha,252.0,A,
79,'276,Germany,6640,Temporary fallow,5110,Area,2011,2011,1000 ha,229.0,A,
79,'276,Germany,6640,Temporary fallow,5110,Area,2012,2012,1000 ha,215.0,A,
79,'276,Germany,6640,Temporary fallow,5110,Area,2013,2013,1000 ha,199.0,A,
79,'276,Germany,6640,Temporary fallow,5110,Area,2014,2014,1000 ha,189.0,A,
79,'276,Germany,6640,Temporary fallow,5110,Area,2015,2015,1000 ha,310.0,A,
79,'276,Germany,6640,Temporary fallow,5110,Area,2016,2016,1000 ha,310.0,A,
79,'276,Germany,6640,Temporary fallow,5110,Area,2017,2017,1000 ha,318.0,A,
79,'276,Germany,6640,Temporary fallow,5110,Area,2018,2018,1000 ha,360.0,A,
79,'276,Germany,6640,Temporary fallow,5110,Area,2019,2019,1000 ha,350.0,A,
79,'276,Germany,6640,Temporary fallow,5110,Area,2020,2020,1000 ha,358.0,A,
79,'276,Germany,6640,Temporary fallow,5110,Area,2021,2021,1000 ha,367.0,A,
79,'276,Germany,6640,Temporary fallow,5110,Area,2022,2022,1000 ha,373.0,A,
79,'276,Germany,6640,Temporary fallow,5110,Area,2023,2023,1000 ha,369.0,A,
79,'276,Germany,6650,Permanent crops,5110,Area,1961,1961,1000 ha,504.0,I,
79,'276,Germany,6650,Permanent crops,5110,Area,1962,1962,1000 ha,506.0,I,
79,'276,Germany,6650,Permanent crops,5110,Area,1963,1963,1000 ha,498.0,I,
79,'276,Germany,6650,Permanent crops,5110,Area,1964,1964,1000 ha,500.0,I,
79,'276,Germany,6650,Permanent crops,5110,Area,1965,1965,1000 ha,492.0,I,
79,'276,Germany,6650,Permanent crops,5110,Area,1966,1966,1000 ha,484.0,I,
79,'276,Germany,6650,Permanent crops,5110,Area,1967,1967,1000 ha,476.0,I,
79,'276,Germany,6650,Permanent crops,5110,Area,1968,1968,1000 ha,473.0,I,
79,'276,Germany,6650,Permanent crops,5110,Area,1969,1969,1000 ha,478.0,I,
79,'276,Germany,6650,Permanent crops,5110,Area,1970,1970,1000 ha,439.0,I,
79,'276,Germany,6650,Permanent crops,5110,Area,1971,1971,1000 ha,439.0,I,
79,'276,Germany,6650,Permanent crops,5110,Area,1972,1972,1000 ha,440.0,I,
79,'276,Germany,6650,Permanent crops,5110,Area,1973,1973,1000 ha,459.0,I,
79,'276,Germany,6650,Permanent crops,5110,Area,1974,1974,1000 ha,459.0,I,
79,'276,Germany,6650,Permanent crops,5110,Area,1975,1975,1000 ha,469.0,I,
79,'276,Germany,6650,Permanent crops,5110,Area,1976,1976,1000 ha,476.0,I,
79,'276,Germany,6650,Permanent crops,5110,Area,1977,1977,1000 ha,489.0,I,
79,'276,Germany,6650,Permanent crops,5110,Area,1978,1978,1000 ha,490.0,I,
79,'276,Germany,6650,Permanent crops,5110,Area,1979,1979,1000 ha,501.0,A,
79,'276,Germany,6650,Permanent crops,5110,Area,1980,1980,1000 ha,500.0,A,
79,'276,Germany,6650,Permanent crops,5110,Area,1981,1981,1000 ha,494.0,A,
79,'276,Germany,6650,Permanent crops,5110,Area,1982,1982,1000 ha,489.0,A,
79,'276,Germany,6650,Permanent crops,5110,Area,1983,1983,1000 ha,483.0,A,
79,'276,Germany,6650,Permanent crops,5110,Area,1984,1984,1000 ha,476.0,A,
79,'276,Germany,6650,Permanent crops,5110,Area,1985,1985,1000 ha,469.0,A,
79,'276,Germany,6650,Permanent crops,5110,Area,1986,1986,1000 ha,460.0,A,
79,'276,Germany,6650,Permanent crops,5110,Area,1987,1987,1000 ha,445.0,A,
79,'276,Germany,6650,Permanent crops,5110,Area,1988,1988,1000 ha,442.0,A,
79,'276,Germany,6650,Permanent crops,5110,Area,1989,1989,1000 ha,442.0,A,
79,'276,Germany,6650,Permanent crops,5110,Area,1990,1990,1000 ha,443.0,A,
79,'276,Germany,6650,Permanent crops,5110,Area,1991,1991,1000 ha,248.0,A,
79,'276,Germany,6650,Permanent crops,5110,Area,1992,1992,1000 ha,241.0,A,
79,'276,Germany,6650,Permanent crops,5110,Area,1993,1993,1000 ha,235.0,A,
79,'276,Germany,6650,Permanent crops,5110,Area,1994,1994,1000 ha,232.0,A,
79,'276,Germany,6650,Permanent crops,5110,Area,1995,1995,1000 ha,226.0,A,
79,'276,Germany,6650,Permanent crops,5110,Area,1996,1996,1000 ha,229.0,A,
79,'276,Germany,6650,Permanent crops,5110,Area,1997,1997,1000 ha,228.0,A,
79,'276,Germany,6650,Permanent crops,5110,Area,1998,1998,1000 ha,228.0,A,
79,'276,Germany,6650,Permanent crops,5110,Area,1999,1999,1000 ha,216.0,A,
79,'276,Germany,6650,Permanent crops,5110,Area,2000,2000,1000 ha,216.0,A,
79,'276,Germany,6650,Permanent crops,5110,Area,2001,2001,1000 ha,208.0,A,
79,'276,Germany,6650,Permanent crops,5110,Area,2002,2002,1000 ha,206.0,A,
79,'276,Germany,6650,Permanent crops,5110,Area,2003,2003,1000 ha,206.0,A,
79,'276,Germany,6650,Permanent crops,5110,Area,2004,2004,1000 ha,202.0,A,
79,'276,Germany,6650,Permanent crops,5110,Area,2005,2005,1000 ha,198.0,A,
79,'276,Germany,6650,Permanent crops,5110,Area,2006,2006,1000 ha,198.0,A,
79,'276,Germany,6650,Permanent crops,5110,Area,2007,2007,1000 ha,198.0,A,
79,'276,Germany,6650,Permanent crops,5110,Area,2008,2008,1000 ha,200.0,A,
79,'276,Germany,6650,Permanent crops,5110,Area,2009,2009,1000 ha,200.0,A,
79,'276,Germany,6650,Permanent crops,5110,Area,2010,2010,1000 ha,199.0,A,
79,'276,Germany,6650,Permanent crops,5110,Area,2011,2011,1000 ha,200.0,A,
79,'276,Germany,6650,Permanent crops,5110,Area,2012,2012,1000 ha,200.0,A,
79,'276,Germany,6650,Permanent crops,5110,Area,2013,2013,1000 ha,200.0,A,
79,'276,Germany,6650,Permanent crops,5110,Area,2014,2014,1000 ha,203.0,A,
79,'276,Germany,6650,Permanent crops,5110,Area,2015,2015,1000 ha,205.0,A,
79,'276,Germany,6650,Permanent crops,5110,Area,2016,2016,1000 ha,200.0,A,
79,'276,Germany,6650,Permanent crops,5110,Area,2017,2017,1000 ha,199.0,A,
79,'276,Germany,6650,Permanent crops,5110,Area,2018,2018,1000 ha,199.0,A,
79,'276,Germany,6650,Permanent crops,5110,Area,2019,2019,1000 ha,200.0,A,
79,'276,Germany,6650,Permanent crops,5110,Area,2020,2020,1000 ha,198.0,A,
79,'276,Germany,6650,Permanent crops,5110,Area,2021,2021,1000 ha,202.0,A,
79,'276,Germany,6650,Permanent crops,5110,Area,2022,2022,1000 ha,203.0,A,
79,'276,Germany,6650,Permanent crops,5110,Area,2023,2023,1000 ha,200.0,A,
79,'276,Germany,6650,Permanent crops,7208,Share in Agricultural land,1961,1961,%,2.6,E,
79,'276,Germany,6650,Permanent crops,7208,Share in Agricultural land,1962,1962,%,2.61,E,
79,'276,Germany,6650,Permanent crops,7208,Share in Agricultural land,1963,1963,%,2.57,E,
79,'276,Germany,6650,Permanent crops,7208,Share in Agricultural land,1964,1964,%,2.57,E,
79,'276,Germany,6650,Permanent crops,7208,Share in Agricultural land,1965,1965,%,2.52,E,
79,'276,Germany,6650,Permanent crops,7208,Share in Agricultural land,1966,1966,%,2.48,E,
79,'276,Germany,6650,Permanent crops,7208,Share in Agricultural land,1967,1967,%,2.45,E,
79,'276,Germany,6650,Permanent crops,7208,Share in Agricultural land,1968,1968,%,2.45,E,
79,'276,Germany,6650,Permanent crops,7208,Share in Agricultural land,1969,1969,%,2.48,E,
79,'276,Germany,6650,Permanent crops,7208,Share in Agricultural land,1970,1970,%,2.31,E,
79,'276,Germany,6650,Permanent crops,7208,Share in Agricultural land,1971,1971,%,2.32,E,
79,'276,Germany,6650,Permanent crops,7208,Share in Agricultural land,1972,1972,%,2.32,E,
79,'276,Germany,6650,Permanent crops,7208,Share in Agricultural land,1973,1973,%,2.43,E,
79,'276,Germany,6650,Permanent crops,7208,Share in Agricultural land,1974,1974,%,2.44,E,
79,'276,Germany,6650,Permanent crops,7208,Share in Agricultural land,1975,1975,%,2.5,E,
79,'276,Germany,6650,Permanent crops,7208,Share in Agricultural land,1976,1976,%,2.54,E,
79,'276,Germany,6650,Permanent crops,7208,Share in Agricultural land,1977,1977,%,2.61,E,
79,'276,Germany,6650,Permanent crops,7208,Share in Agricultural land,1978,1978,%,2.63,E,
79,'276,Germany,6650,Permanent crops,7208,Share in Agricultural land,1979,1979,%,2.69,A,
79,'276,Germany,6650,Permanent crops,7208,Share in Agricultural land,1980,1980,%,2.7,A,
79,'276,Germany,6650,Permanent crops,7208,Share in Agricultural land,1981,1981,%,2.68,A,
79,'276,Germany,6650,Permanent crops,7208,Share in Agricultural land,1982,1982,%,2.66,A,
79,'276,Germany,6650,Permanent crops,7208,Share in Agricultural land,1983,1983,%,2.64,A,
79,'276,Germany,6650,Permanent crops,7208,Share in Agricultural land,1984,1984,%,2.6,A,
79,'276,Germany,6650,Permanent crops,7208,Share in Agricultural land,1985,1985,%,2.57,A,
79,'276,Germany,6650,Permanent crops,7208,Share in Agricultural land,1986,1986,%,2.53,A,
79,'276,Germany,6650,Permanent crops,7208,Share in Agricultural land,1987,1987,%,2.46,A,
79,'276,Germany,6650,Permanent crops,7208,Share in Agricultural land,1988,1988,%,2.44,A,
79,'276,Germany,6650,Permanent crops,7208,Share in Agricultural land,1989,1989,%,2.45,A,
79,'276,Germany,6650,Permanent crops,7208,Share in Agricultural land,1990,1990,%,2.46,A,
79,'276,Germany,6650,Permanent crops,7208,Share in Agricultural land,1991,1991,%,1.45,A,
79,'276,Germany,6650,Permanent crops,7208,Share in Agricultural land,1992,1992,%,1.42,A,
79,'276,Germany,6650,Permanent crops,7208,Share in Agricultural land,1993,1993,%,1.37,A,
79,'276,Germany,6650,Permanent crops,7208,Share in Agricultural land,1994,1994,%,1.34,A,
79,'276,Germany,6650,Permanent crops,7208,Share in Agricultural land,1995,1995,%,1.3,A,
79,'276,Germany,6650,Permanent crops,7208,Share in Agricultural land,1996,1996,%,1.32,A,
79,'276,Germany,6650,Permanent crops,7208,Share in Agricultural land,1997,1997,%,1.32,A,
79,'276,Germany,6650,Permanent crops,7208,Share in Agricultural land,1998,1998,%,1.31,A,
79,'276,Germany,6650,Permanent crops,7208,Share in Agricultural land,1999,1999,%,1.26,A,
79,'276,Germany,6650,Permanent crops,7208,Share in Agricultural land,2000,2000,%,1.27,A,
79,'276,Germany,6650,Permanent crops,7208,Share in Agricultural land,2001,2001,%,1.22,A,
79,'276,Germany,6650,Permanent crops,7208,Share in Agricultural land,2002,2002,%,1.21,A,
79,'276,Germany,6650,Permanent crops,7208,Share in Agricultural land,2003,2003,%,1.21,A,
79,'276,Germany,6650,Permanent crops,7208,Share in Agricultural land,2004,2004,%,1.19,A,
79,'276,Germany,6650,Permanent crops,7208,Share in Agricultural land,2005,2005,%,1.16,A,
79,'276,Germany,6650,Permanent crops,7208,Share in Agricultural land,2006,2006,%,1.17,A,
79,'276,Germany,6650,Permanent crops,7208,Share in Agricultural land,2007,2007,%,1.17,A,
79,'276,Germany,6650,Permanent crops,7208,Share in Agricultural land,2008,2008,%,1.18,A,
79,'276,Germany,6650,Permanent crops,7208,Share in Agricultural land,2009,2009,%,1.18,A,
79,'276,Germany,6650,Permanent crops,7208,Share in Agricultural land,2010,2010,%,1.19,A,
79,'276,Germany,6650,Permanent crops,7208,Share in Agricultural land,2011,2011,%,1.2,A,
79,'276,Germany,6650,Permanent crops,7208,Share in Agricultural land,2012,2012,%,1.2,A,
79,'276,Germany,6650,Permanent crops,7208,Share in Agricultural land,2013,2013,%,1.2,A,
79,'276,Germany,6650,Permanent crops,7208,Share in Agricultural land,2014,2014,%,1.21,A,
79,'276,Germany,6650,Permanent crops,7208,Share in Agricultural land,2015,2015,%,1.23,A,
79,'276,Germany,6650,Permanent crops,7208,Share in Agricultural land,2016,2016,%,1.2,A,
79,'276,Germany,6650,Permanent crops,7208,Share in Agricultural land,2017,2017,%,1.19,A,
79,'276,Germany,6650,Permanent crops,7208,Share in Agricultural land,2018,2018,%,1.2,A,
79,'276,Germany,6650,Permanent crops,7208,Share in Agricultural land,2019,2019,%,1.2,A,
79,'276,Germany,6650,Permanent crops,7208,Share in Agricultural land,2020,2020,%,1.19,A,
79,'276,Germany,6650,Permanent crops,7208,Share in Agricultural land,2021,2021,%,1.22,A,
79,'276,Germany,6650,Permanent crops,7208,Share in Agricultural land,2022,2022,%,1.22,A,
79,'276,Germany,6650,Permanent crops,7208,Share in Agricultural land,2023,2023,%,1.21,A,
79,'276,Germany,6655,Permanent meadows and pastures,5110,Area,1961,1961,1000 ha,6651.0,I,
79,'276,Germany,6655,Permanent meadows and pastures,5110,Area,1962,1962,1000 ha,6702.0,I,
79,'276,Germany,6655,Permanent meadows and pastures,5110,Area,1963,1963,1000 ha,6739.0,I,
79,'276,Germany,6655,Permanent meadows and pastures,5110,Area,1964,1964,1000 ha,6797.0,I,
79,'276,Germany,6655,Permanent meadows and pastures,5110,Area,1965,1965,1000 ha,6889.0,I,
79,'276,Germany,6655,Permanent meadows and pastures,5110,Area,1966,1966,1000 ha,6892.0,I,
79,'276,Germany,6655,Permanent meadows and pastures,5110,Area,1967,1967,1000 ha,6887.0,I,
79,'276,Germany,6655,Permanent meadows and pastures,5110,Area,1968,1968,1000 ha,6780.0,I,
79,'276,Germany,6655,Permanent meadows and pastures,5110,Area,1969,1969,1000 ha,6775.0,I,
79,'276,Germany,6655,Permanent meadows and pastures,5110,Area,1970,1970,1000 ha,6632.0,I,
79,'276,Germany,6655,Permanent meadows and pastures,5110,Area,1971,1971,1000 ha,6548.0,I,
79,'276,Germany,6655,Permanent meadows and pastures,5110,Area,1972,1972,1000 ha,6505.0,I,
79,'276,Germany,6655,Permanent meadows and pastures,5110,Area,1973,1973,1000 ha,6448.0,I,
79,'276,Germany,6655,Permanent meadows and pastures,5110,Area,1974,1974,1000 ha,6342.0,I,
79,'276,Germany,6655,Permanent meadows and pastures,5110,Area,1975,1975,1000 ha,6282.0,I,
79,'276,Germany,6655,Permanent meadows and pastures,5110,Area,1976,1976,1000 ha,6195.0,I,
79,'276,Germany,6655,Permanent meadows and pastures,5110,Area,1977,1977,1000 ha,6149.0,I,
79,'276,Germany,6655,Permanent meadows and pastures,5110,Area,1978,1978,1000 ha,6083.0,I,
79,'276,Germany,6655,Permanent meadows and pastures,5110,Area,1979,1979,1000 ha,6036.0,A,
79,'276,Germany,6655,Permanent meadows and pastures,5110,Area,1980,1980,1000 ha,5989.0,A,
79,'276,Germany,6655,Permanent meadows and pastures,5110,Area,1981,1981,1000 ha,5963.0,A,
79,'276,Germany,6655,Permanent meadows and pastures,5110,Area,1982,1982,1000 ha,5932.0,A,
79,'276,Germany,6655,Permanent meadows and pastures,5110,Area,1983,1983,1000 ha,5880.0,A,
79,'276,Germany,6655,Permanent meadows and pastures,5110,Area,1984,1984,1000 ha,5856.0,A,
79,'276,Germany,6655,Permanent meadows and pastures,5110,Area,1985,1985,1000 ha,5818.0,A,
79,'276,Germany,6655,Permanent meadows and pastures,5110,Area,1986,1986,1000 ha,5788.0,A,
79,'276,Germany,6655,Permanent meadows and pastures,5110,Area,1987,1987,1000 ha,5735.0,A,
79,'276,Germany,6655,Permanent meadows and pastures,5110,Area,1988,1988,1000 ha,5707.0,A,
79,'276,Germany,6655,Permanent meadows and pastures,5110,Area,1989,1989,1000 ha,5665.0,A,
79,'276,Germany,6655,Permanent meadows and pastures,5110,Area,1990,1990,1000 ha,5618.0,A,
79,'276,Germany,6655,Permanent meadows and pastures,5110,Area,1991,1991,1000 ha,5329.0,A,
79,'276,Germany,6655,Permanent meadows and pastures,5110,Area,1992,1992,1000 ha,5243.0,A,
79,'276,Germany,6655,Permanent meadows and pastures,5110,Area,1993,1993,1000 ha,5251.0,A,
79,'276,Germany,6655,Permanent meadows and pastures,5110,Area,1994,1994,1000 ha,5271.0,A,
79,'276,Germany,6655,Permanent meadows and pastures,5110,Area,1995,1995,1000 ha,5282.0,A,
79,'276,Germany,6655,Permanent meadows and pastures,5110,Area,1996,1996,1000 ha,5273.0,A,
79,'276,Germany,6655,Permanent meadows and pastures,5110,Area,1997,1997,1000 ha,5267.0,A,
79,'276,Germany,6655,Permanent meadows and pastures,5110,Area,1998,1998,1000 ha,5266.0,A,
79,'276,Germany,6655,Permanent meadows and pastures,5110,Area,1999,1999,1000 ha,5114.0,A,
79,'276,Germany,6655,Permanent meadows and pastures,5110,Area,2000,2000,1000 ha,5048.0,A,
79,'276,Germany,6655,Permanent meadows and pastures,5110,Area,2001,2001,1000 ha,5013.0,A,
79,'276,Germany,6655,Permanent meadows and pastures,5110,Area,2002,2002,1000 ha,4970.0,A,
79,'276,Germany,6655,Permanent meadows and pastures,5110,Area,2003,2003,1000 ha,4968.0,A,
79,'276,Germany,6655,Permanent meadows and pastures,5110,Area,2004,2004,1000 ha,4913.0,A,
79,'276,Germany,6655,Permanent meadows and pastures,5110,Area,2005,2005,1000 ha,4929.0,A,
79,'276,Germany,6655,Permanent meadows and pastures,5110,Area,2006,2006,1000 ha,4882.0,A,
79,'276,Germany,6655,Permanent meadows and pastures,5110,Area,2007,2007,1000 ha,4875.0,A,
79,'276,Germany,6655,Permanent meadows and pastures,5110,Area,2008,2008,1000 ha,4789.0,A,
79,'276,Germany,6655,Permanent meadows and pastures,5110,Area,2009,2009,1000 ha,4741.0,A,
79,'276,Germany,6655,Permanent meadows and pastures,5110,Area,2010,2010,1000 ha,4655.0,A,
79,'276,Germany,6655,Permanent meadows and pastures,5110,Area,2011,2011,1000 ha,4644.0,A,
79,'276,Germany,6655,Permanent meadows and pastures,5110,Area,2012,2012,1000 ha,4630.0,A,
79,'276,Germany,6655,Permanent meadows and pastures,5110,Area,2013,2013,1000 ha,4621.0,A,
79,'276,Germany,6655,Permanent meadows and pastures,5110,Area,2014,2014,1000 ha,4651.0,A,
79,'276,Germany,6655,Permanent meadows and pastures,5110,Area,2015,2015,1000 ha,4677.0,A,
79,'276,Germany,6655,Permanent meadows and pastures,5110,Area,2016,2016,1000 ha,4694.0,A,
79,'276,Germany,6655,Permanent meadows and pastures,5110,Area,2017,2017,1000 ha,4715.0,A,
79,'276,Germany,6655,Permanent meadows and pastures,5110,Area,2018,2018,1000 ha,4713.0,A,
79,'276,Germany,6655,Permanent meadows and pastures,5110,Area,2019,2019,1000 ha,4751.0,A,
79,'276,Germany,6655,Permanent meadows and pastures,5110,Area,2020,2020,1000 ha,4730.0,A,
79,'276,Germany,6655,Permanent meadows and pastures,5110,Area,2021,2021,1000 ha,4730.0,A,
79,'276,Germany,6655,Permanent meadows and pastures,5110,Area,2022,2022,1000 ha,4733.0,A,
79,'276,Germany,6655,Permanent meadows and pastures,5110,Area,2023,2023,1000 ha,4704.0,A,
79,'276,Germany,6655,Permanent meadows and pastures,7208,Share in Agricultural land,1961,1961,%,34.33,E,
79,'276,Germany,6655,Permanent meadows and pastures,7208,Share in Agricultural land,1962,1962,%,34.56,E,
79,'276,Germany,6655,Permanent meadows and pastures,7208,Share in Agricultural land,1963,1963,%,34.73,E,
79,'276,Germany,6655,Permanent meadows and pastures,7208,Share in Agricultural land,1964,1964,%,34.93,E,
79,'276,Germany,6655,Permanent meadows and pastures,7208,Share in Agricultural land,1965,1965,%,35.27,E,
79,'276,Germany,6655,Permanent meadows and pastures,7208,Share in Agricultural land,1966,1966,%,35.29,E,
79,'276,Germany,6655,Permanent meadows and pastures,7208,Share in Agricultural land,1967,1967,%,35.48,E,
79,'276,Germany,6655,Permanent meadows and pastures,7208,Share in Agricultural land,1968,1968,%,35.16,E,
79,'276,Germany,6655,Permanent meadows and pastures,7208,Share in Agricultural land,1969,1969,%,35.19,E,
79,'276,Germany,6655,Permanent meadows and pastures,7208,Share in Agricultural land,1970,1970,%,34.86,E,
79,'276,Germany,6655,Permanent meadows and pastures,7208,Share in Agricultural land,1971,1971,%,34.55,E,
79,'276,Germany,6655,Permanent meadows and pastures,7208,Share in Agricultural land,1972,1972,%,34.33,E,
79,'276,Germany,6655,Permanent meadows and pastures,7208,Share in Agricultural land,1973,1973,%,34.12,E,
79,'276,Germany,6655,Permanent meadows and pastures,7208,Share in Agricultural land,1974,1974,%,33.7,E,
79,'276,Germany,6655,Permanent meadows and pastures,7208,Share in Agricultural land,1975,1975,%,33.43,E,
79,'276,Germany,6655,Permanent meadows and pastures,7208,Share in Agricultural land,1976,1976,%,33.03,E,
79,'276,Germany,6655,Permanent meadows and pastures,7208,Share in Agricultural land,1977,1977,%,32.87,E,
79,'276,Germany,6655,Permanent meadows and pastures,7208,Share in Agricultural land,1978,1978,%,32.6,E,
79,'276,Germany,6655,Permanent meadows and pastures,7208,Share in Agricultural land,1979,1979,%,32.46,A,
79,'276,Germany,6655,Permanent meadows and pastures,7208,Share in Agricultural land,1980,1980,%,32.34,A,
79,'276,Germany,6655,Permanent meadows and pastures,7208,Share in Agricultural land,1981,1981,%,32.3,A,
79,'276,Germany,6655,Permanent meadows and pastures,7208,Share in Agricultural land,1982,1982,%,32.25,A,
79,'276,Germany,6655,Permanent meadows and pastures,7208,Share in Agricultural land,1983,1983,%,32.08,A,
79,'276,Germany,6655,Permanent meadows and pastures,7208,Share in Agricultural land,1984,1984,%,32.03,A,
79,'276,Germany,6655,Permanent meadows and pastures,7208,Share in Agricultural land,1985,1985,%,31.89,A,
79,'276,Germany,6655,Permanent meadows and pastures,7208,Share in Agricultural land,1986,1986,%,31.79,A,
79,'276,Germany,6655,Permanent meadows and pastures,7208,Share in Agricultural land,1987,1987,%,31.64,A,
79,'276,Germany,6655,Permanent meadows and pastures,7208,Share in Agricultural land,1988,1988,%,31.54,A,
79,'276,Germany,6655,Permanent meadows and pastures,7208,Share in Agricultural land,1989,1989,%,31.37,A,
79,'276,Germany,6655,Permanent meadows and pastures,7208,Share in Agricultural land,1990,1990,%,31.16,A,
79,'276,Germany,6655,Permanent meadows and pastures,7208,Share in Agricultural land,1991,1991,%,31.1,A,
79,'276,Germany,6655,Permanent meadows and pastures,7208,Share in Agricultural land,1992,1992,%,30.93,A,
79,'276,Germany,6655,Permanent meadows and pastures,7208,Share in Agricultural land,1993,1993,%,30.6,A,
79,'276,Germany,6655,Permanent meadows and pastures,7208,Share in Agricultural land,1994,1994,%,30.45,A,
79,'276,Germany,6655,Permanent meadows and pastures,7208,Share in Agricultural land,1995,1995,%,30.46,A,
79,'276,Germany,6655,Permanent meadows and pastures,7208,Share in Agricultural land,1996,1996,%,30.41,A,
79,'276,Germany,6655,Permanent meadows and pastures,7208,Share in Agricultural land,1997,1997,%,30.4,A,
79,'276,Germany,6655,Permanent meadows and pastures,7208,Share in Agricultural land,1998,1998,%,30.31,A,
79,'276,Germany,6655,Permanent meadows and pastures,7208,Share in Agricultural land,1999,1999,%,29.82,A,
79,'276,Germany,6655,Permanent meadows and pastures,7208,Share in Agricultural land,2000,2000,%,29.58,A,
79,'276,Germany,6655,Permanent meadows and pastures,7208,Share in Agricultural land,2001,2001,%,29.43,A,
79,'276,Germany,6655,Permanent meadows and pastures,7208,Share in Agricultural land,2002,2002,%,29.29,A,
79,'276,Germany,6655,Permanent meadows and pastures,7208,Share in Agricultural land,2003,2003,%,29.22,A,
79,'276,Germany,6655,Permanent meadows and pastures,7208,Share in Agricultural land,2004,2004,%,28.88,A,
79,'276,Germany,6655,Permanent meadows and pastures,7208,Share in Agricultural land,2005,2005,%,28.94,A,
79,'276,Germany,6655,Permanent meadows and pastures,7208,Share in Agricultural land,2006,2006,%,28.81,A,
79,'276,Germany,6655,Permanent meadows and pastures,7208,Share in Agricultural land,2007,2007,%,28.76,A,
79,'276,Germany,6655,Permanent meadows and pastures,7208,Share in Agricultural land,2008,2008,%,28.3,A,
79,'276,Germany,6655,Permanent meadows and pastures,7208,Share in Agricultural land,2009,2009,%,28.08,A,
79,'276,Germany,6655,Permanent meadows and pastures,7208,Share in Agricultural land,2010,2010,%,27.87,A,
79,'276,Germany,6655,Permanent meadows and pastures,7208,Share in Agricultural land,2011,2011,%,27.78,A,
79,'276,Germany,6655,Permanent meadows and pastures,7208,Share in Agricultural land,2012,2012,%,27.78,A,
79,'276,Germany,6655,Permanent meadows and pastures,7208,Share in Agricultural land,2013,2013,%,27.68,A,
79,'276,Germany,6655,Permanent meadows and pastures,7208,Share in Agricultural land,2014,2014,%,27.81,A,
79,'276,Germany,6655,Permanent meadows and pastures,7208,Share in Agricultural land,2015,2015,%,27.95,A,
79,'276,Germany,6655,Permanent meadows and pastures,7208,Share in Agricultural land,2016,2016,%,28.18,A,
79,'276,Germany,6655,Permanent meadows and pastures,7208,Share in Agricultural land,2017,2017,%,28.26,A,
79,'276,Germany,6655,Permanent meadows and pastures,7208,Share in Agricultural land,2018,2018,%,28.31,A,
79,'276,Germany,6655,Permanent meadows and pastures,7208,Share in Agricultural land,2019,2019,%,28.51,A,
79,'276,Germany,6655,Permanent meadows and pastures,7208,Share in Agricultural land,2020,2020,%,28.5,A,
79,'276,Germany,6655,Permanent meadows and pastures,7208,Share in Agricultural land,2021,2021,%,28.51,A,
79,'276,Germany,6655,Permanent meadows and pastures,7208,Share in Agricultural land,2022,2022,%,28.52,A,
79,'276,Germany,6655,Permanent meadows and pastures,7208,Share in Agricultural land,2023,2023,%,28.36,A,
79,'276,Germany,6655,Permanent meadows and pastures,7209,Share in Land area,1961,1961,%,19.05,E,
79,'276,Germany,6655,Permanent meadows and pastures,7209,Share in Land area,1962,1962,%,19.2,E,
79,'276,Germany,6655,Permanent meadows and pastures,7209,Share in Land area,1963,1963,%,19.3,E,
79,'276,Germany,6655,Permanent meadows and pastures,7209,Share in Land area,1964,1964,%,19.47,E,
79,'276,Germany,6655,Permanent meadows and pastures,7209,Share in Land area,1965,1965,%,19.73,E,
79,'276,Germany,6655,Permanent meadows and pastures,7209,Share in Land area,1966,1966,%,19.74,E,
79,'276,Germany,6655,Permanent meadows and pastures,7209,Share in Land area,1967,1967,%,19.73,E,
79,'276,Germany,6655,Permanent meadows and pastures,7209,Share in Land area,1968,1968,%,19.42,E,
79,'276,Germany,6655,Permanent meadows and pastures,7209,Share in Land area,1969,1969,%,19.41,E,
79,'276,Germany,6655,Permanent meadows and pastures,7209,Share in Land area,1970,1970,%,19.0,E,
79,'276,Germany,6655,Permanent meadows and pastures,7209,Share in Land area,1971,1971,%,18.76,E,
79,'276,Germany,6655,Permanent meadows and pastures,7209,Share in Land area,1972,1972,%,18.63,E,
79,'276,Germany,6655,Permanent meadows and pastures,7209,Share in Land area,1973,1973,%,18.47,E,
79,'276,Germany,6655,Permanent meadows and pastures,7209,Share in Land area,1974,1974,%,18.17,E,
79,'276,Germany,6655,Permanent meadows and pastures,7209,Share in Land area,1975,1975,%,17.99,E,
79,'276,Germany,6655,Permanent meadows and pastures,7209,Share in Land area,1976,1976,%,17.74,E,
79,'276,Germany,6655,Permanent meadows and pastures,7209,Share in Land area,1977,1977,%,17.61,E,
79,'276,Germany,6655,Permanent meadows and pastures,7209,Share in Land area,1978,1978,%,17.42,E,
79,'276,Germany,6655,Permanent meadows and pastures,7209,Share in Land area,1979,1979,%,17.29,E,
79,'276,Germany,6655,Permanent meadows and pastures,7209,Share in Land area,1980,1980,%,17.15,E,
79,'276,Germany,6655,Permanent meadows and pastures,7209,Share in Land area,1981,1981,%,17.08,E,
79,'276,Germany,6655,Permanent meadows and pastures,7209,Share in Land area,1982,1982,%,16.99,E,
79,'276,Germany,6655,Permanent meadows and pastures,7209,Share in Land area,1983,1983,%,16.84,E,
79,'276,Germany,6655,Permanent meadows and pastures,7209,Share in Land area,1984,1984,%,16.77,E,
79,'276,Germany,6655,Permanent meadows and pastures,7209,Share in Land area,1985,1985,%,16.66,E,
79,'276,Germany,6655,Permanent meadows and pastures,7209,Share in Land area,1986,1986,%,16.58,E,
79,'276,Germany,6655,Permanent meadows and pastures,7209,Share in Land area,1987,1987,%,16.43,E,
79,'276,Germany,6655,Permanent meadows and pastures,7209,Share in Land area,1988,1988,%,16.35,E,
79,'276,Germany,6655,Permanent meadows and pastures,7209,Share in Land area,1989,1989,%,16.23,E,
79,'276,Germany,6655,Permanent meadows and pastures,7209,Share in Land area,1990,1990,%,16.09,E,
79,'276,Germany,6655,Permanent meadows and pastures,7209,Share in Land area,1991,1991,%,15.26,E,
79,'276,Germany,6655,Permanent meadows and pastures,7209,Share in Land area,1992,1992,%,15.02,A,
79,'276,Germany,6655,Permanent meadows and pastures,7209,Share in Land area,1993,1993,%,15.04,A,
79,'276,Germany,6655,Permanent meadows and pastures,7209,Share in Land area,1994,1994,%,15.1,A,
79,'276,Germany,6655,Permanent meadows and pastures,7209,Share in Land area,1995,1995,%,15.13,A,
79,'276,Germany,6655,Permanent meadows and pastures,7209,Share in Land area,1996,1996,%,15.1,A,
79,'276,Germany,6655,Permanent meadows and pastures,7209,Share in Land area,1997,1997,%,15.09,A,
79,'276,Germany,6655,Permanent meadows and pastures,7209,Share in Land area,1998,1998,%,15.09,A,
79,'276,Germany,6655,Permanent meadows and pastures,7209,Share in Land area,1999,1999,%,14.65,A,
79,'276,Germany,6655,Permanent meadows and pastures,7209,Share in Land area,2000,2000,%,14.47,A,
79,'276,Germany,6655,Permanent meadows and pastures,7209,Share in Land area,2001,2001,%,14.37,A,
79,'276,Germany,6655,Permanent meadows and pastures,7209,Share in Land area,2002,2002,%,14.25,A,
79,'276,Germany,6655,Permanent meadows and pastures,7209,Share in Land area,2003,2003,%,14.24,A,
79,'276,Germany,6655,Permanent meadows and pastures,7209,Share in Land area,2004,2004,%,14.09,A,
79,'276,Germany,6655,Permanent meadows and pastures,7209,Share in Land area,2005,2005,%,14.13,A,
79,'276,Germany,6655,Permanent meadows and pastures,7209,Share in Land area,2006,2006,%,14.0,A,
79,'276,Germany,6655,Permanent meadows and pastures,7209,Share in Land area,2007,2007,%,13.98,A,
79,'276,Germany,6655,Permanent meadows and pastures,7209,Share in Land area,2008,2008,%,13.74,A,
79,'276,Germany,6655,Permanent meadows and pastures,7209,Share in Land area,2009,2009,%,13.6,A,
79,'276,Germany,6655,Permanent meadows and pastures,7209,Share in Land area,2010,2010,%,13.35,A,
79,'276,Germany,6655,Permanent meadows and pastures,7209,Share in Land area,2011,2011,%,13.32,A,
79,'276,Germany,6655,Permanent meadows and pastures,7209,Share in Land area,2012,2012,%,13.28,A,
79,'276,Germany,6655,Permanent meadows and pastures,7209,Share in Land area,2013,2013,%,13.25,A,
79,'276,Germany,6655,Permanent meadows and pastures,7209,Share in Land area,2014,2014,%,13.33,A,
79,'276,Germany,6655,Permanent meadows and pastures,7209,Share in Land area,2015,2015,%,13.41,A,
79,'276,Germany,6655,Permanent meadows and pastures,7209,Share in Land area,2016,2016,%,13.44,A,
79,'276,Germany,6655,Permanent meadows and pastures,7209,Share in Land area,2017,2017,%,13.5,A,
79,'276,Germany,6655,Permanent meadows and pastures,7209,Share in Land area,2018,2018,%,13.49,A,
79,'276,Germany,6655,Permanent meadows and pastures,7209,Share in Land area,2019,2019,%,13.6,A,
79,'276,Germany,6655,Permanent meadows and pastures,7209,Share in Land area,2020,2020,%,13.54,A,
79,'276,Germany,6655,Permanent meadows and pastures,7209,Share in Land area,2021,2021,%,13.54,A,
79,'276,Germany,6655,Permanent meadows and pastures,7209,Share in Land area,2022,2022,%,13.55,A,
79,'276,Germany,6655,Permanent meadows and pastures,7209,Share in Land area,2023,2023,%,13.46,A,
79,'276,Germany,6649,Farm buildings and Farmyards,5110,Area,2014,2014,1000 ha,4.0,A,
79,'276,Germany,6649,Farm buildings and Farmyards,5110,Area,2015,2015,1000 ha,4.0,A,
79,'276,Germany,6649,Farm buildings and Farmyards,5110,Area,2016,2016,1000 ha,4.0,A,
79,'276,Germany,6649,Farm buildings and Farmyards,5110,Area,2017,2017,1000 ha,4.0,A,
79,'276,Germany,6649,Farm buildings and Farmyards,5110,Area,2018,2018,1000 ha,4.0,A,
79,'276,Germany,6646,Forest land,5110,Area,1990,1990,1000 ha,11300.0,X,
79,'276,Germany,6646,Forest land,5110,Area,1991,1991,1000 ha,11305.4,I,
79,'276,Germany,6646,Forest land,5110,Area,1992,1992,1000 ha,11310.8,I,
79,'276,Germany,6646,Forest land,5110,Area,1993,1993,1000 ha,11316.2,I,
79,'276,Germany,6646,Forest land,5110,Area,1994,1994,1000 ha,11321.6,I,
79,'276,Germany,6646,Forest land,5110,Area,1995,1995,1000 ha,11327.0,I,
79,'276,Germany,6646,Forest land,5110,Area,1996,1996,1000 ha,11332.4,I,
79,'276,Germany,6646,Forest land,5110,Area,1997,1997,1000 ha,11337.8,I,
79,'276,Germany,6646,Forest land,5110,Area,1998,1998,1000 ha,11343.2,I,
79,'276,Germany,6646,Forest land,5110,Area,1999,1999,1000 ha,11348.6,I,
79,'276,Germany,6646,Forest land,5110,Area,2000,2000,1000 ha,11354.0,X,
79,'276,Germany,6646,Forest land,5110,Area,2001,2001,1000 ha,11359.5,I,
79,'276,Germany,6646,Forest land,5110,Area,2002,2002,1000 ha,11365.0,I,
79,'276,Germany,6646,Forest land,5110,Area,2003,2003,1000 ha,11370.5,I,
79,'276,Germany,6646,Forest land,5110,Area,2004,2004,1000 ha,11376.0,I,
79,'276,Germany,6646,Forest land,5110,Area,2005,2005,1000 ha,11381.5,I,
79,'276,Germany,6646,Forest land,5110,Area,2006,2006,1000 ha,11387.0,I,
79,'276,Germany,6646,Forest land,5110,Area,2007,2007,1000 ha,11392.5,I,
79,'276,Germany,6646,Forest land,5110,Area,2008,2008,1000 ha,11398.0,I,
79,'276,Germany,6646,Forest land,5110,Area,2009,2009,1000 ha,11403.5,I,
79,'276,Germany,6646,Forest land,5110,Area,2010,2010,1000 ha,11409.0,X,
79,'276,Germany,6646,Forest land,5110,Area,2011,2011,1000 ha,11413.88,I,
79,'276,Germany,6646,Forest land,5110,Area,2012,2012,1000 ha,11418.76,I,
79,'276,Germany,6646,Forest land,5110,Area,2013,2013,1000 ha,11423.64,I,
79,'276,Germany,6646,Forest land,5110,Area,2014,2014,1000 ha,11428.52,I,
79,'276,Germany,6646,Forest land,5110,Area,2015,2015,1000 ha,11433.4,X,
79,'276,Germany,6646,Forest land,5110,Area,2016,2016,1000 ha,11438.2,I,
79,'276,Germany,6646,Forest land,5110,Area,2017,2017,1000 ha,11443.0,I,
79,'276,Germany,6646,Forest land,5110,Area,2018,2018,1000 ha,11447.8,I,
79,'276,Germany,6646,Forest land,5110,Area,2019,2019,1000 ha,11452.6,I,
79,'276,Germany,6646,Forest land,5110,Area,2020,2020,1000 ha,11457.4,X,
79,'276,Germany,6646,Forest land,5110,Area,2021,2021,1000 ha,11462.2,I,
79,'276,Germany,6646,Forest land,5110,Area,2022,2022,1000 ha,11467.0,I,
79,'276,Germany,6646,Forest land,5110,Area,2023,2023,1000 ha,11471.8,I,
79,'276,Germany,6646,Forest land,5110,Area,2024,2024,1000 ha,11476.6,I,
79,'276,Germany,6646,Forest land,5110,Area,2025,2025,1000 ha,11481.4,X,
79,'276,Germany,6646,Forest land,72151,Carbon stock in living biomass,1990,1990,million t,871.45,X,
79,'276,Germany,6646,Forest land,72151,Carbon stock in living biomass,1991,1991,million t,888.16,I,
79,'276,Germany,6646,Forest land,72151,Carbon stock in living biomass,1992,1992,million t,904.87,I,
79,'276,Germany,6646,Forest land,72151,Carbon stock in living biomass,1993,1993,million t,921.58,I,
79,'276,Germany,6646,Forest land,72151,Carbon stock in living biomass,1994,1994,million t,938.29,I,
79,'276,Germany,6646,Forest land,72151,Carbon stock in living biomass,1995,1995,million t,955.0,I,
79,'276,Germany,6646,Forest land,72151,Carbon stock in living biomass,1996,1996,million t,971.71,I,
79,'276,Germany,6646,Forest land,72151,Carbon stock in living biomass,1997,1997,million t,988.42,I,
79,'276,Germany,6646,Forest land,72151,Carbon stock in living biomass,1998,1998,million t,1005.13,I,
79,'276,Germany,6646,Forest land,72151,Carbon stock in living biomass,1999,1999,million t,1021.84,I,
79,'276,Germany,6646,Forest land,72151,Carbon stock in living biomass,2000,2000,million t,1038.55,X,
79,'276,Germany,6646,Forest land,72151,Carbon stock in living biomass,2001,2001,million t,1046.241,I,
79,'276,Germany,6646,Forest land,72151,Carbon stock in living biomass,2002,2002,million t,1053.932,I,
79,'276,Germany,6646,Forest land,72151,Carbon stock in living biomass,2003,2003,million t,1061.623,I,
79,'276,Germany,6646,Forest land,72151,Carbon stock in living biomass,2004,2004,million t,1069.314,I,
79,'276,Germany,6646,Forest land,72151,Carbon stock in living biomass,2005,2005,million t,1077.005,I,
79,'276,Germany,6646,Forest land,72151,Carbon stock in living biomass,2006,2006,million t,1084.696,I,
79,'276,Germany,6646,Forest land,72151,Carbon stock in living biomass,2007,2007,million t,1092.387,I,
79,'276,Germany,6646,Forest land,72151,Carbon stock in living biomass,2008,2008,million t,1100.078,I,
79,'276,Germany,6646,Forest land,72151,Carbon stock in living biomass,2009,2009,million t,1107.769,I,
79,'276,Germany,6646,Forest land,72151,Carbon stock in living biomass,2010,2010,million t,1115.46,X,
79,'276,Germany,6646,Forest land,72151,Carbon stock in living biomass,2011,2011,million t,1130.39,I,
79,'276,Germany,6646,Forest land,72151,Carbon stock in living biomass,2012,2012,million t,1145.32,I,
79,'276,Germany,6646,Forest land,72151,Carbon stock in living biomass,2013,2013,million t,1160.25,I,
79,'276,Germany,6646,Forest land,72151,Carbon stock in living biomass,2014,2014,million t,1175.18,I,
79,'276,Germany,6646,Forest land,72151,Carbon stock in living biomass,2015,2015,million t,1190.11,X,
79,'276,Germany,6646,Forest land,72151,Carbon stock in living biomass,2016,2016,million t,1190.11,I,
79,'276,Germany,6646,Forest land,72151,Carbon stock in living biomass,2017,2017,million t,1190.11,I,
79,'276,Germany,6646,Forest land,72151,Carbon stock in living biomass,2018,2018,million t,1190.11,I,
79,'276,Germany,6646,Forest land,72151,Carbon stock in living biomass,2019,2019,million t,1190.11,I,
79,'276,Germany,6646,Forest land,72151,Carbon stock in living biomass,2020,2020,million t,1190.11,X,
79,'276,Germany,6646,Forest land,72151,Carbon stock in living biomass,2021,2021,million t,1189.916,I,
79,'276,Germany,6646,Forest land,72151,Carbon stock in living biomass,2022,2022,million t,1189.722,I,
79,'276,Germany,6646,Forest land,72151,Carbon stock in living biomass,2023,2023,million t,1189.528,I,
79,'276,Germany,6646,Forest land,72151,Carbon stock in living biomass,2024,2024,million t,1189.334,I,
79,'276,Germany,6646,Forest land,72151,Carbon stock in living biomass,2025,2025,million t,1189.14,X,
79,'276,Germany,6646,Forest land,7209,Share in Land area,1990,1990,%,32.37,E,
79,'276,Germany,6646,Forest land,7209,Share in Land area,1991,1991,%,32.38,E,
79,'276,Germany,6646,Forest land,7209,Share in Land area,1992,1992,%,32.4,E,
79,'276,Germany,6646,Forest land,7209,Share in Land area,1993,1993,%,32.41,E,
79,'276,Germany,6646,Forest land,7209,Share in Land area,1994,1994,%,32.43,E,
79,'276,Germany,6646,Forest land,7209,Share in Land area,1995,1995,%,32.45,E,
79,'276,Germany,6646,Forest land,7209,Share in Land area,1996,1996,%,32.46,E,
79,'276,Germany,6646,Forest land,7209,Share in Land area,1997,1997,%,32.48,E,
79,'276,Germany,6646,Forest land,7209,Share in Land area,1998,1998,%,32.5,E,
79,'276,Germany,6646,Forest land,7209,Share in Land area,1999,1999,%,32.52,E,
79,'276,Germany,6646,Forest land,7209,Share in Land area,2000,2000,%,32.54,E,
79,'276,Germany,6646,Forest land,7209,Share in Land area,2001,2001,%,32.56,E,
79,'276,Germany,6646,Forest land,7209,Share in Land area,2002,2002,%,32.58,E,
79,'276,Germany,6646,Forest land,7209,Share in Land area,2003,2003,%,32.6,E,
79,'276,Germany,6646,Forest land,7209,Share in Land area,2004,2004,%,32.62,E,
79,'276,Germany,6646,Forest land,7209,Share in Land area,2005,2005,%,32.63,E,
79,'276,Germany,6646,Forest land,7209,Share in Land area,2006,2006,%,32.65,E,
79,'276,Germany,6646,Forest land,7209,Share in Land area,2007,2007,%,32.67,E,
79,'276,Germany,6646,Forest land,7209,Share in Land area,2008,2008,%,32.69,E,
79,'276,Germany,6646,Forest land,7209,Share in Land area,2009,2009,%,32.71,E,
79,'276,Germany,6646,Forest land,7209,Share in Land area,2010,2010,%,32.73,E,
79,'276,Germany,6646,Forest land,7209,Share in Land area,2011,2011,%,32.75,E,
79,'276,Germany,6646,Forest land,7209,Share in Land area,2012,2012,%,32.76,E,
79,'276,Germany,6646,Forest land,7209,Share in Land area,2013,2013,%,32.74,E,
79,'276,Germany,6646,Forest land,7209,Share in Land area,2014,2014,%,32.76,E,
79,'276,Germany,6646,Forest land,7209,Share in Land area,2015,2015,%,32.77,E,
79,'276,Germany,6646,Forest land,7209,Share in Land area,2016,2016,%,32.74,E,
79,'276,Germany,6646,Forest land,7209,Share in Land area,2017,2017,%,32.75,E,
79,'276,Germany,6646,Forest land,7209,Share in Land area,2018,2018,%,32.77,E,
79,'276,Germany,6646,Forest land,7209,Share in Land area,2019,2019,%,32.78,E,
79,'276,Germany,6646,Forest land,7209,Share in Land area,2020,2020,%,32.79,E,
79,'276,Germany,6646,Forest land,7209,Share in Land area,2021,2021,%,32.81,E,
79,'276,Germany,6646,Forest land,7209,Share in Land area,2022,2022,%,32.82,E,
79,'276,Germany,6646,Forest land,7209,Share in Land area,2023,2023,%,32.83,E,
79,'276,Germany,6717,Naturally regenerating forest,5110,Area,1990,1990,1000 ha,5650.0,X,
79,'276,Germany,6717,Naturally regenerating forest,5110,Area,1991,1991,1000 ha,5652.7,I,
79,'276,Germany,6717,Naturally regenerating forest,5110,Area,1992,1992,1000 ha,5655.4,I,
79,'276,Germany,6717,Naturally regenerating forest,5110,Area,1993,1993,1000 ha,5658.1,I,
79,'276,Germany,6717,Naturally regenerating forest,5110,Area,1994,1994,1000 ha,5660.8,I,
79,'276,Germany,6717,Naturally regenerating forest,5110,Area,1995,1995,1000 ha,5663.5,I,
79,'276,Germany,6717,Naturally regenerating forest,5110,Area,1996,1996,1000 ha,5666.2,I,
79,'276,Germany,6717,Naturally regenerating forest,5110,Area,1997,1997,1000 ha,5668.9,I,
79,'276,Germany,6717,Naturally regenerating forest,5110,Area,1998,1998,1000 ha,5671.6,I,
79,'276,Germany,6717,Naturally regenerating forest,5110,Area,1999,1999,1000 ha,5674.3,I,
79,'276,Germany,6717,Naturally regenerating forest,5110,Area,2000,2000,1000 ha,5677.0,X,
79,'276,Germany,6717,Naturally regenerating forest,5110,Area,2001,2001,1000 ha,5679.75,I,
79,'276,Germany,6717,Naturally regenerating forest,5110,Area,2002,2002,1000 ha,5682.5,I,
79,'276,Germany,6717,Naturally regenerating forest,5110,Area,2003,2003,1000 ha,5685.25,I,
79,'276,Germany,6717,Naturally regenerating forest,5110,Area,2004,2004,1000 ha,5688.0,I,
79,'276,Germany,6717,Naturally regenerating forest,5110,Area,2005,2005,1000 ha,5690.75,I,
79,'276,Germany,6717,Naturally regenerating forest,5110,Area,2006,2006,1000 ha,5693.5,I,
79,'276,Germany,6717,Naturally regenerating forest,5110,Area,2007,2007,1000 ha,5696.25,I,
79,'276,Germany,6717,Naturally regenerating forest,5110,Area,2008,2008,1000 ha,5699.0,I,
79,'276,Germany,6717,Naturally regenerating forest,5110,Area,2009,2009,1000 ha,5701.75,I,
79,'276,Germany,6717,Naturally regenerating forest,5110,Area,2010,2010,1000 ha,5704.5,X,
79,'276,Germany,6717,Naturally regenerating forest,5110,Area,2011,2011,1000 ha,5706.94,I,
79,'276,Germany,6717,Naturally regenerating forest,5110,Area,2012,2012,1000 ha,5709.38,I,
79,'276,Germany,6717,Naturally regenerating forest,5110,Area,2013,2013,1000 ha,5711.82,I,
79,'276,Germany,6717,Naturally regenerating forest,5110,Area,2014,2014,1000 ha,5714.26,I,
79,'276,Germany,6717,Naturally regenerating forest,5110,Area,2015,2015,1000 ha,5716.7,X,
79,'276,Germany,6717,Naturally regenerating forest,5110,Area,2016,2016,1000 ha,5719.1,I,
79,'276,Germany,6717,Naturally regenerating forest,5110,Area,2017,2017,1000 ha,5721.5,I,
79,'276,Germany,6717,Naturally regenerating forest,5110,Area,2018,2018,1000 ha,5723.9,I,
79,'276,Germany,6717,Naturally regenerating forest,5110,Area,2019,2019,1000 ha,5726.3,I,
79,'276,Germany,6717,Naturally regenerating forest,5110,Area,2020,2020,1000 ha,5728.7,X,
79,'276,Germany,6717,Naturally regenerating forest,5110,Area,2021,2021,1000 ha,5731.1,I,
79,'276,Germany,6717,Naturally regenerating forest,5110,Area,2022,2022,1000 ha,5733.5,I,
79,'276,Germany,6717,Naturally regenerating forest,5110,Area,2023,2023,1000 ha,5735.9,I,
79,'276,Germany,6717,Naturally regenerating forest,5110,Area,2024,2024,1000 ha,5738.3,I,
79,'276,Germany,6717,Naturally regenerating forest,5110,Area,2025,2025,1000 ha,5740.7,X,
79,'276,Germany,6717,Naturally regenerating forest,7210,Share in Forest land,1990,1990,%,50.0,X,
79,'276,Germany,6717,Naturally regenerating forest,7210,Share in Forest land,1991,1991,%,50.0,E,
79,'276,Germany,6717,Naturally regenerating forest,7210,Share in Forest land,1992,1992,%,50.0,E,
79,'276,Germany,6717,Naturally regenerating forest,7210,Share in Forest land,1993,1993,%,50.0,E,
79,'276,Germany,6717,Naturally regenerating forest,7210,Share in Forest land,1994,1994,%,50.0,E,
79,'276,Germany,6717,Naturally regenerating forest,7210,Share in Forest land,1995,1995,%,50.0,E,
79,'276,Germany,6717,Naturally regenerating forest,7210,Share in Forest land,1996,1996,%,50.0,E,
79,'276,Germany,6717,Naturally regenerating forest,7210,Share in Forest land,1997,1997,%,50.0,E,
79,'276,Germany,6717,Naturally regenerating forest,7210,Share in Forest land,1998,1998,%,50.0,E,
79,'276,Germany,6717,Naturally regenerating forest,7210,Share in Forest land,1999,1999,%,50.0,E,
79,'276,Germany,6717,Naturally regenerating forest,7210,Share in Forest land,2000,2000,%,50.0,X,
79,'276,Germany,6717,Naturally regenerating forest,7210,Share in Forest land,2001,2001,%,50.0,E,
79,'276,Germany,6717,Naturally regenerating forest,7210,Share in Forest land,2002,2002,%,50.0,E,
79,'276,Germany,6717,Naturally regenerating forest,7210,Share in Forest land,2003,2003,%,50.0,E,
79,'276,Germany,6717,Naturally regenerating forest,7210,Share in Forest land,2004,2004,%,50.0,E,
79,'276,Germany,6717,Naturally regenerating forest,7210,Share in Forest land,2005,2005,%,50.0,E,
79,'276,Germany,6717,Naturally regenerating forest,7210,Share in Forest land,2006,2006,%,50.0,E,
79,'276,Germany,6717,Naturally regenerating forest,7210,Share in Forest land,2007,2007,%,50.0,E,
79,'276,Germany,6717,Naturally regenerating forest,7210,Share in Forest land,2008,2008,%,50.0,E,
79,'276,Germany,6717,Naturally regenerating forest,7210,Share in Forest land,2009,2009,%,50.0,E,
79,'276,Germany,6717,Naturally regenerating forest,7210,Share in Forest land,2010,2010,%,50.0,X,
79,'276,Germany,6717,Naturally regenerating forest,7210,Share in Forest land,2011,2011,%,50.0,E,
79,'276,Germany,6717,Naturally regenerating forest,7210,Share in Forest land,2012,2012,%,50.0,E,
79,'276,Germany,6717,Naturally regenerating forest,7210,Share in Forest land,2013,2013,%,50.0,E,
79,'276,Germany,6717,Naturally regenerating forest,7210,Share in Forest land,2014,2014,%,50.0,E,
79,'276,Germany,6717,Naturally regenerating forest,7210,Share in Forest land,2015,2015,%,50.0,X,
79,'276,Germany,6717,Naturally regenerating forest,7210,Share in Forest land,2016,2016,%,50.0,E,
79,'276,Germany,6717,Naturally regenerating forest,7210,Share in Forest land,2017,2017,%,50.0,E,
79,'276,Germany,6717,Naturally regenerating forest,7210,Share in Forest land,2018,2018,%,50.0,E,
79,'276,Germany,6717,Naturally regenerating forest,7210,Share in Forest land,2019,2019,%,50.0,E,
79,'276,Germany,6717,Naturally regenerating forest,7210,Share in Forest land,2020,2020,%,50.0,X,
79,'276,Germany,6717,Naturally regenerating forest,7210,Share in Forest land,2021,2021,%,50.0,E,
79,'276,Germany,6717,Naturally regenerating forest,7210,Share in Forest land,2022,2022,%,50.0,E,
79,'276,Germany,6717,Naturally regenerating forest,7210,Share in Forest land,2023,2023,%,50.0,E,
79,'276,Germany,6717,Naturally regenerating forest,7210,Share in Forest land,2024,2024,%,50.0,E,
79,'276,Germany,6717,Naturally regenerating forest,7210,Share in Forest land,2025,2025,%,50.0,X,
79,'276,Germany,6714,Primary Forest,5110,Area,1990,1990,1000 ha,0.0,X,
79,'276,Germany,6714,Primary Forest,5110,Area,1991,1991,1000 ha,0.0,I,
79,'276,Germany,6714,Primary Forest,5110,Area,1992,1992,1000 ha,0.0,I,
79,'276,Germany,6714,Primary Forest,5110,Area,1993,1993,1000 ha,0.0,I,
79,'276,Germany,6714,Primary Forest,5110,Area,1994,1994,1000 ha,0.0,I,
79,'276,Germany,6714,Primary Forest,5110,Area,1995,1995,1000 ha,0.0,I,
79,'276,Germany,6714,Primary Forest,5110,Area,1996,1996,1000 ha,0.0,I,
79,'276,Germany,6714,Primary Forest,5110,Area,1997,1997,1000 ha,0.0,I,
79,'276,Germany,6714,Primary Forest,5110,Area,1998,1998,1000 ha,0.0,I,
79,'276,Germany,6714,Primary Forest,5110,Area,1999,1999,1000 ha,0.0,I,
79,'276,Germany,6714,Primary Forest,5110,Area,2000,2000,1000 ha,0.0,X,
79,'276,Germany,6714,Primary Forest,5110,Area,2001,2001,1000 ha,0.0,I,
79,'276,Germany,6714,Primary Forest,5110,Area,2002,2002,1000 ha,0.0,I,
79,'276,Germany,6714,Primary Forest,5110,Area,2003,2003,1000 ha,0.0,I,
79,'276,Germany,6714,Primary Forest,5110,Area,2004,2004,1000 ha,0.0,I,
79,'276,Germany,6714,Primary Forest,5110,Area,2005,2005,1000 ha,0.0,I,
79,'276,Germany,6714,Primary Forest,5110,Area,2006,2006,1000 ha,0.0,I,
79,'276,Germany,6714,Primary Forest,5110,Area,2007,2007,1000 ha,0.0,I,
79,'276,Germany,6714,Primary Forest,5110,Area,2008,2008,1000 ha,0.0,I,
79,'276,Germany,6714,Primary Forest,5110,Area,2009,2009,1000 ha,0.0,I,
79,'276,Germany,6714,Primary Forest,5110,Area,2010,2010,1000 ha,0.0,X,
79,'276,Germany,6714,Primary Forest,5110,Area,2011,2011,1000 ha,0.0,I,
79,'276,Germany,6714,Primary Forest,5110,Area,2012,2012,1000 ha,0.0,I,
79,'276,Germany,6714,Primary Forest,5110,Area,2013,2013,1000 ha,0.0,I,
79,'276,Germany,6714,Primary Forest,5110,Area,2014,2014,1000 ha,0.0,I,
79,'276,Germany,6714,Primary Forest,5110,Area,2015,2015,1000 ha,0.0,X,
79,'276,Germany,6714,Primary Forest,5110,Area,2016,2016,1000 ha,0.0,I,
79,'276,Germany,6714,Primary Forest,5110,Area,2017,2017,1000 ha,0.0,I,
79,'276,Germany,6714,Primary Forest,5110,Area,2018,2018,1000 ha,0.0,I,
79,'276,Germany,6714,Primary Forest,5110,Area,2019,2019,1000 ha,0.0,I,
79,'276,Germany,6714,Primary Forest,5110,Area,2020,2020,1000 ha,0.0,X,
79,'276,Germany,6714,Primary Forest,5110,Area,2021,2021,1000 ha,0.0,I,
79,'276,Germany,6714,Primary Forest,5110,Area,2022,2022,1000 ha,0.0,I,
79,'276,Germany,6714,Primary Forest,5110,Area,2023,2023,1000 ha,0.0,I,
79,'276,Germany,6714,Primary Forest,5110,Area,2024,2024,1000 ha,0.0,I,
79,'276,Germany,6714,Primary Forest,5110,Area,2025,2025,1000 ha,0.0,X,
79,'276,Germany,6716,Planted Forest,5110,Area,1990,1990,1000 ha,5650.0,X,
79,'276,Germany,6716,Planted Forest,5110,Area,1991,1991,1000 ha,5652.7,I,
79,'276,Germany,6716,Planted Forest,5110,Area,1992,1992,1000 ha,5655.4,I,
79,'276,Germany,6716,Planted Forest,5110,Area,1993,1993,1000 ha,5658.1,I,
79,'276,Germany,6716,Planted Forest,5110,Area,1994,1994,1000 ha,5660.8,I,
79,'276,Germany,6716,Planted Forest,5110,Area,1995,1995,1000 ha,5663.5,I,
79,'276,Germany,6716,Planted Forest,5110,Area,1996,1996,1000 ha,5666.2,I,
79,'276,Germany,6716,Planted Forest,5110,Area,1997,1997,1000 ha,5668.9,I,
79,'276,Germany,6716,Planted Forest,5110,Area,1998,1998,1000 ha,5671.6,I,
79,'276,Germany,6716,Planted Forest,5110,Area,1999,1999,1000 ha,5674.3,I,
79,'276,Germany,6716,Planted Forest,5110,Area,2000,2000,1000 ha,5677.0,X,
79,'276,Germany,6716,Planted Forest,5110,Area,2001,2001,1000 ha,5679.75,I,
79,'276,Germany,6716,Planted Forest,5110,Area,2002,2002,1000 ha,5682.5,I,
79,'276,Germany,6716,Planted Forest,5110,Area,2003,2003,1000 ha,5685.25,I,
79,'276,Germany,6716,Planted Forest,5110,Area,2004,2004,1000 ha,5688.0,I,
79,'276,Germany,6716,Planted Forest,5110,Area,2005,2005,1000 ha,5690.75,I,
79,'276,Germany,6716,Planted Forest,5110,Area,2006,2006,1000 ha,5693.5,I,
79,'276,Germany,6716,Planted Forest,5110,Area,2007,2007,1000 ha,5696.25,I,
79,'276,Germany,6716,Planted Forest,5110,Area,2008,2008,1000 ha,5699.0,I,
79,'276,Germany,6716,Planted Forest,5110,Area,2009,2009,1000 ha,5701.75,I,
79,'276,Germany,6716,Planted Forest,5110,Area,2010,2010,1000 ha,5704.5,X,
79,'276,Germany,6716,Planted Forest,5110,Area,2011,2011,1000 ha,5706.94,I,
79,'276,Germany,6716,Planted Forest,5110,Area,2012,2012,1000 ha,5709.38,I,
79,'276,Germany,6716,Planted Forest,5110,Area,2013,2013,1000 ha,5711.82,I,
79,'276,Germany,6716,Planted Forest,5110,Area,2014,2014,1000 ha,5714.26,I,
79,'276,Germany,6716,Planted Forest,5110,Area,2015,2015,1000 ha,5716.7,X,
79,'276,Germany,6716,Planted Forest,5110,Area,2016,2016,1000 ha,5719.1,I,
79,'276,Germany,6716,Planted Forest,5110,Area,2017,2017,1000 ha,5721.5,I,
79,'276,Germany,6716,Planted Forest,5110,Area,2018,2018,1000 ha,5723.9,I,
79,'276,Germany,6716,Planted Forest,5110,Area,2019,2019,1000 ha,5726.3,I,
79,'276,Germany,6716,Planted Forest,5110,Area,2020,2020,1000 ha,5728.7,X,
79,'276,Germany,6716,Planted Forest,5110,Area,2021,2021,1000 ha,5731.1,I,
79,'276,Germany,6716,Planted Forest,5110,Area,2022,2022,1000 ha,5733.5,I,
79,'276,Germany,6716,Planted Forest,5110,Area,2023,2023,1000 ha,5735.9,I,
79,'276,Germany,6716,Planted Forest,5110,Area,2024,2024,1000 ha,5738.3,I,
79,'276,Germany,6716,Planted Forest,5110,Area,2025,2025,1000 ha,5740.7,X,
79,'276,Germany,6716,Planted Forest,7210,Share in Forest land,1990,1990,%,50.0,X,
79,'276,Germany,6716,Planted Forest,7210,Share in Forest land,1991,1991,%,50.0,E,
79,'276,Germany,6716,Planted Forest,7210,Share in Forest land,1992,1992,%,50.0,E,
79,'276,Germany,6716,Planted Forest,7210,Share in Forest land,1993,1993,%,50.0,E,
79,'276,Germany,6716,Planted Forest,7210,Share in Forest land,1994,1994,%,50.0,E,
79,'276,Germany,6716,Planted Forest,7210,Share in Forest land,1995,1995,%,50.0,E,
79,'276,Germany,6716,Planted Forest,7210,Share in Forest land,1996,1996,%,50.0,E,
79,'276,Germany,6716,Planted Forest,7210,Share in Forest land,1997,1997,%,50.0,E,
79,'276,Germany,6716,Planted Forest,7210,Share in Forest land,1998,1998,%,50.0,E,
79,'276,Germany,6716,Planted Forest,7210,Share in Forest land,1999,1999,%,50.0,E,
79,'276,Germany,6716,Planted Forest,7210,Share in Forest land,2000,2000,%,50.0,X,
79,'276,Germany,6716,Planted Forest,7210,Share in Forest land,2001,2001,%,50.0,E,
79,'276,Germany,6716,Planted Forest,7210,Share in Forest land,2002,2002,%,50.0,E,
79,'276,Germany,6716,Planted Forest,7210,Share in Forest land,2003,2003,%,50.0,E,
79,'276,Germany,6716,Planted Forest,7210,Share in Forest land,2004,2004,%,50.0,E,
79,'276,Germany,6716,Planted Forest,7210,Share in Forest land,2005,2005,%,50.0,E,
79,'276,Germany,6716,Planted Forest,7210,Share in Forest land,2006,2006,%,50.0,E,
79,'276,Germany,6716,Planted Forest,7210,Share in Forest land,2007,2007,%,50.0,E,
79,'276,Germany,6716,Planted Forest,7210,Share in Forest land,2008,2008,%,50.0,E,
79,'276,Germany,6716,Planted Forest,7210,Share in Forest land,2009,2009,%,50.0,E,
79,'276,Germany,6716,Planted Forest,7210,Share in Forest land,2010,2010,%,50.0,X,
79,'276,Germany,6716,Planted Forest,7210,Share in Forest land,2011,2011,%,50.0,E,
79,'276,Germany,6716,Planted Forest,7210,Share in Forest land,2012,2012,%,50.0,E,
79,'276,Germany,6716,Planted Forest,7210,Share in Forest land,2013,2013,%,50.0,E,
79,'276,Germany,6716,Planted Forest,7210,Share in Forest land,2014,2014,%,50.0,E,
79,'276,Germany,6716,Planted Forest,7210,Share in Forest land,2015,2015,%,50.0,X,
79,'276,Germany,6716,Planted Forest,7210,Share in Forest land,2016,2016,%,50.0,E,
79,'276,Germany,6716,Planted Forest,7210,Share in Forest land,2017,2017,%,50.0,E,
79,'276,Germany,6716,Planted Forest,7210,Share in Forest land,2018,2018,%,50.0,E,
79,'276,Germany,6716,Planted Forest,7210,Share in Forest land,2019,2019,%,50.0,E,
79,'276,Germany,6716,Planted Forest,7210,Share in Forest land,2020,2020,%,50.0,X,
79,'276,Germany,6716,Planted Forest,7210,Share in Forest land,2021,2021,%,50.0,E,
79,'276,Germany,6716,Planted Forest,7210,Share in Forest land,2022,2022,%,50.0,E,
79,'276,Germany,6716,Planted Forest,7210,Share in Forest land,2023,2023,%,50.0,E,
79,'276,Germany,6716,Planted Forest,7210,Share in Forest land,2024,2024,%,50.0,E,
79,'276,Germany,6716,Planted Forest,7210,Share in Forest land,2025,2025,%,50.0,X,
79,'276,Germany,6670,Other land,5110,Area,1990,1990,1000 ha,5581.0,I,
79,'276,Germany,6670,Other land,5110,Area,1991,1991,1000 ha,6471.6,I,
79,'276,Germany,6670,Other land,5110,Area,1992,1992,1000 ha,6651.2,I,
79,'276,Germany,6670,Other land,5110,Area,1993,1993,1000 ha,6433.8,I,
79,'276,Germany,6670,Other land,5110,Area,1994,1994,1000 ha,6281.4,I,
79,'276,Germany,6670,Other land,5110,Area,1995,1995,1000 ha,6240.0,I,
79,'276,Germany,6670,Other land,5110,Area,1996,1996,1000 ha,6239.6,I,
79,'276,Germany,6670,Other land,5110,Area,1997,1997,1000 ha,6240.2,I,
79,'276,Germany,6670,Other land,5110,Area,1998,1998,1000 ha,6185.8,I,
79,'276,Germany,6670,Other land,5110,Area,1999,1999,1000 ha,6397.4,I,
79,'276,Germany,6670,Other land,5110,Area,2000,2000,1000 ha,6473.0,I,
79,'276,Germany,6670,Other land,5110,Area,2001,2001,1000 ha,6496.5,I,
79,'276,Germany,6670,Other land,5110,Area,2002,2002,1000 ha,6554.0,I,
79,'276,Germany,6670,Other land,5110,Area,2003,2003,1000 ha,6509.5,I,
79,'276,Germany,6670,Other land,5110,Area,2004,2004,1000 ha,6488.0,I,
79,'276,Germany,6670,Other land,5110,Area,2005,2005,1000 ha,6463.5,I,
79,'276,Germany,6670,Other land,5110,Area,2006,2006,1000 ha,6539.0,I,
79,'276,Germany,6670,Other land,5110,Area,2007,2007,1000 ha,6524.5,I,
79,'276,Germany,6670,Other land,5110,Area,2008,2008,1000 ha,6544.0,I,
79,'276,Germany,6670,Other land,5110,Area,2009,2009,1000 ha,6571.5,I,
79,'276,Germany,6670,Other land,5110,Area,2010,2010,1000 ha,6748.0,I,
79,'276,Germany,6670,Other land,5110,Area,2011,2011,1000 ha,6723.12,I,
79,'276,Germany,6670,Other land,5110,Area,2012,2012,1000 ha,6771.24,I,
79,'276,Germany,6670,Other land,5110,Area,2013,2013,1000 ha,6767.36,I,
79,'276,Germany,6670,Other land,5110,Area,2014,2014,1000 ha,5128.48,I,
79,'276,Germany,6670,Other land,5110,Area,2015,2015,1000 ha,5028.6,I,
79,'276,Germany,6670,Other land,5110,Area,2016,2016,1000 ha,5155.8,I,
79,'276,Germany,6670,Other land,5110,Area,2017,2017,1000 ha,5397.0,I,
79,'276,Germany,6670,Other land,5110,Area,2018,2018,1000 ha,5195.2,I,
79,'276,Germany,6670,Other land,5110,Area,2019,2019,1000 ha,5175.4,I,
79,'276,Germany,6670,Other land,5110,Area,2020,2020,1000 ha,5167.6,I,
79,'276,Germany,6670,Other land,5110,Area,2021,2021,1000 ha,5236.8,I,
79,'276,Germany,6670,Other land,5110,Area,2022,2022,1000 ha,5036.0,I,
79,'276,Germany,6670,Other land,5110,Area,2023,2023,1000 ha,5237.2,I,
79,'276,Germany,6680,Inland waters,5110,Area,1961,1961,1000 ha,784.0,I,
79,'276,Germany,6680,Inland waters,5110,Area,1962,1962,1000 ha,784.0,I,
79,'276,Germany,6680,Inland waters,5110,Area,1963,1963,1000 ha,784.0,I,
79,'276,Germany,6680,Inland waters,5110,Area,1964,1964,1000 ha,784.0,I,
79,'276,Germany,6680,Inland waters,5110,Area,1965,1965,1000 ha,784.0,I,
79,'276,Germany,6680,Inland waters,5110,Area,1966,1966,1000 ha,784.0,I,
79,'276,Germany,6680,Inland waters,5110,Area,1967,1967,1000 ha,784.0,I,
79,'276,Germany,6680,Inland waters,5110,Area,1968,1968,1000 ha,784.0,I,
79,'276,Germany,6680,Inland waters,5110,Area,1969,1969,1000 ha,784.0,I,
79,'276,Germany,6680,Inland waters,5110,Area,1970,1970,1000 ha,784.0,I,
79,'276,Germany,6680,Inland waters,5110,Area,1971,1971,1000 ha,784.0,I,
79,'276,Germany,6680,Inland waters,5110,Area,1972,1972,1000 ha,784.0,I,
79,'276,Germany,6680,Inland waters,5110,Area,1973,1973,1000 ha,784.0,I,
79,'276,Germany,6680,Inland waters,5110,Area,1974,1974,1000 ha,784.0,I,
79,'276,Germany,6680,Inland waters,5110,Area,1975,1975,1000 ha,784.0,I,
79,'276,Germany,6680,Inland waters,5110,Area,1976,1976,1000 ha,784.0,I,
79,'276,Germany,6680,Inland waters,5110,Area,1977,1977,1000 ha,784.0,I,
79,'276,Germany,6680,Inland waters,5110,Area,1978,1978,1000 ha,784.0,I,
79,'276,Germany,6680,Inland waters,5110,Area,1979,1979,1000 ha,784.0,I,
79,'276,Germany,6680,Inland waters,5110,Area,1980,1980,1000 ha,784.0,I,
79,'276,Germany,6680,Inland waters,5110,Area,1981,1981,1000 ha,784.0,I,
79,'276,Germany,6680,Inland waters,5110,Area,1982,1982,1000 ha,784.0,I,
79,'276,Germany,6680,Inland waters,5110,Area,1983,1983,1000 ha,784.0,I,
79,'276,Germany,6680,Inland waters,5110,Area,1984,1984,1000 ha,784.0,I,
79,'276,Germany,6680,Inland waters,5110,Area,1985,1985,1000 ha,784.0,I,
79,'276,Germany,6680,Inland waters,5110,Area,1986,1986,1000 ha,784.0,I,
79,'276,Germany,6680,Inland waters,5110,Area,1987,1987,1000 ha,784.0,I,
79,'276,Germany,6680,Inland waters,5110,Area,1988,1988,1000 ha,784.0,I,
79,'276,Germany,6680,Inland waters,5110,Area,1989,1989,1000 ha,784.0,I,
79,'276,Germany,6680,Inland waters,5110,Area,1990,1990,1000 ha,784.0,I,
79,'276,Germany,6680,Inland waters,5110,Area,1991,1991,1000 ha,784.0,I,
79,'276,Germany,6680,Inland waters,5110,Area,1992,1992,1000 ha,784.0,I,
79,'276,Germany,6680,Inland waters,5110,Area,1993,1993,1000 ha,787.0,I,
79,'276,Germany,6680,Inland waters,5110,Area,1994,1994,1000 ha,789.0,I,
79,'276,Germany,6680,Inland waters,5110,Area,1995,1995,1000 ha,792.0,I,
79,'276,Germany,6680,Inland waters,5110,Area,1996,1996,1000 ha,794.0,I,
79,'276,Germany,6680,Inland waters,5110,Area,1997,1997,1000 ha,798.0,I,
79,'276,Germany,6680,Inland waters,5110,Area,1998,1998,1000 ha,801.0,I,
79,'276,Germany,6680,Inland waters,5110,Area,1999,1999,1000 ha,805.0,I,
79,'276,Germany,6680,Inland waters,5110,Area,2000,2000,1000 ha,808.0,I,
79,'276,Germany,6680,Inland waters,5110,Area,2001,2001,1000 ha,813.0,I,
79,'276,Germany,6680,Inland waters,5110,Area,2002,2002,1000 ha,818.0,I,
79,'276,Germany,6680,Inland waters,5110,Area,2003,2003,1000 ha,823.0,I,
79,'276,Germany,6680,Inland waters,5110,Area,2004,2004,1000 ha,828.0,I,
79,'276,Germany,6680,Inland waters,5110,Area,2005,2005,1000 ha,833.0,I,
79,'276,Germany,6680,Inland waters,5110,Area,2006,2006,1000 ha,838.0,I,
79,'276,Germany,6680,Inland waters,5110,Area,2007,2007,1000 ha,843.0,I,
79,'276,Germany,6680,Inland waters,5110,Area,2008,2008,1000 ha,848.0,I,
79,'276,Germany,6680,Inland waters,5110,Area,2009,2009,1000 ha,851.0,I,
79,'276,Germany,6680,Inland waters,5110,Area,2010,2010,1000 ha,856.0,I,
79,'276,Germany,6680,Inland waters,5110,Area,2011,2011,1000 ha,858.0,I,
79,'276,Germany,6680,Inland waters,5110,Area,2012,2012,1000 ha,863.0,I,
79,'276,Germany,6680,Inland waters,5110,Area,2013,2013,1000 ha,846.0,I,
79,'276,Germany,6680,Inland waters,5110,Area,2014,2014,1000 ha,848.0,A,
79,'276,Germany,6680,Inland waters,5110,Area,2015,2015,1000 ha,855.0,A,
79,'276,Germany,6680,Inland waters,5110,Area,2016,2016,1000 ha,789.0,A,
79,'276,Germany,6680,Inland waters,5110,Area,2017,2017,1000 ha,788.0,A,
79,'276,Germany,6680,Inland waters,5110,Area,2018,2018,1000 ha,787.0,A,
79,'276,Germany,6680,Inland waters,5110,Area,2019,2019,1000 ha,786.0,A,
79,'276,Germany,6680,Inland waters,5110,Area,2020,2020,1000 ha,786.0,A,
79,'276,Germany,6680,Inland waters,5110,Area,2021,2021,1000 ha,786.0,A,
79,'276,Germany,6680,Inland waters,5110,Area,2022,2022,1000 ha,789.0,A,
79,'276,Germany,6680,Inland waters,5110,Area,2023,2023,1000 ha,791.0,A,
79,'276,Germany,6773,Coastal waters,5110,Area,2016,2016,1000 ha,33.315,A,
79,'276,Germany,6773,Coastal waters,5110,Area,2017,2017,1000 ha,33.469,A,
79,'276,Germany,6773,Coastal waters,5110,Area,2018,2018,1000 ha,33.493,A,
79,'276,Germany,6773,Coastal waters,5110,Area,2019,2019,1000 ha,34.0,A,
79,'276,Germany,6773,Coastal waters,5110,Area,2020,2020,1000 ha,34.0,A,
79,'276,Germany,6773,Coastal waters,5110,Area,2021,2021,1000 ha,34.0,A,
79,'276,Germany,6773,Coastal waters,5110,Area,2022,2022,1000 ha,34.0,A,
79,'276,Germany,6773,Coastal waters,5110,Area,2023,2023,1000 ha,34.0,A,
79,'276,Germany,6690,Land area equipped for irrigation,5110,Area,1961,1961,1000 ha,321.0,I,
79,'276,Germany,6690,Land area equipped for irrigation,5110,Area,1962,1962,1000 ha,336.0,I,
79,'276,Germany,6690,Land area equipped for irrigation,5110,Area,1963,1963,1000 ha,355.0,I,
79,'276,Germany,6690,Land area equipped for irrigation,5110,Area,1964,1964,1000 ha,373.0,I,
79,'276,Germany,6690,Land area equipped for irrigation,5110,Area,1965,1965,1000 ha,390.0,I,
79,'276,Germany,6690,Land area equipped for irrigation,5110,Area,1966,1966,1000 ha,398.0,I,
79,'276,Germany,6690,Land area equipped for irrigation,5110,Area,1967,1967,1000 ha,405.0,I,
79,'276,Germany,6690,Land area equipped for irrigation,5110,Area,1968,1968,1000 ha,412.0,I,
79,'276,Germany,6690,Land area equipped for irrigation,5110,Area,1969,1969,1000 ha,415.0,I,
79,'276,Germany,6690,Land area equipped for irrigation,5110,Area,1970,1970,1000 ha,419.0,I,
79,'276,Germany,6690,Land area equipped for irrigation,5110,Area,1971,1971,1000 ha,423.0,I,
79,'276,Germany,6690,Land area equipped for irrigation,5110,Area,1972,1972,1000 ha,432.0,I,
79,'276,Germany,6690,Land area equipped for irrigation,5110,Area,1973,1973,1000 ha,436.0,I,
79,'276,Germany,6690,Land area equipped for irrigation,5110,Area,1974,1974,1000 ha,440.0,I,
79,'276,Germany,6690,Land area equipped for irrigation,5110,Area,1975,1975,1000 ha,448.0,I,
79,'276,Germany,6690,Land area equipped for irrigation,5110,Area,1976,1976,1000 ha,450.0,I,
79,'276,Germany,6690,Land area equipped for irrigation,5110,Area,1977,1977,1000 ha,454.0,I,
79,'276,Germany,6690,Land area equipped for irrigation,5110,Area,1978,1978,1000 ha,458.0,I,
79,'276,Germany,6690,Land area equipped for irrigation,5110,Area,1979,1979,1000 ha,459.0,I,
79,'276,Germany,6690,Land area equipped for irrigation,5110,Area,1980,1980,1000 ha,460.0,I,
79,'276,Germany,6690,Land area equipped for irrigation,5110,Area,1981,1981,1000 ha,460.0,I,
79,'276,Germany,6690,Land area equipped for irrigation,5110,Area,1982,1982,1000 ha,466.0,I,
79,'276,Germany,6690,Land area equipped for irrigation,5110,Area,1983,1983,1000 ha,468.0,I,
79,'276,Germany,6690,Land area equipped for irrigation,5110,Area,1984,1984,1000 ha,470.0,I,
79,'276,Germany,6690,Land area equipped for irrigation,5110,Area,1985,1985,1000 ha,470.0,I,
79,'276,Germany,6690,Land area equipped for irrigation,5110,Area,1986,1986,1000 ha,472.0,I,
79,'276,Germany,6690,Land area equipped for irrigation,5110,Area,1987,1987,1000 ha,475.0,I,
79,'276,Germany,6690,Land area equipped for irrigation,5110,Area,1988,1988,1000 ha,477.0,I,
79,'276,Germany,6690,Land area equipped for irrigation,5110,Area,1989,1989,1000 ha,480.0,I,
79,'276,Germany,6690,Land area equipped for irrigation,5110,Area,1990,1990,1000 ha,482.0,I,
79,'276,Germany,6690,Land area equipped for irrigation,5110,Area,1991,1991,1000 ha,482.0,I,
79,'276,Germany,6690,Land area equipped for irrigation,5110,Area,1992,1992,1000 ha,482.0,I,
79,'276,Germany,6690,Land area equipped for irrigation,5110,Area,1993,1993,1000 ha,485.0,I,
79,'276,Germany,6690,Land area equipped for irrigation,5110,Area,1994,1994,1000 ha,485.0,I,
79,'276,Germany,6690,Land area equipped for irrigation,5110,Area,1995,1995,1000 ha,485.0,I,
79,'276,Germany,6690,Land area equipped for irrigation,5110,Area,1996,1996,1000 ha,485.0,I,
79,'276,Germany,6690,Land area equipped for irrigation,5110,Area,1997,1997,1000 ha,485.0,I,
79,'276,Germany,6690,Land area equipped for irrigation,5110,Area,1998,1998,1000 ha,485.0,I,
79,'276,Germany,6690,Land area equipped for irrigation,5110,Area,1999,1999,1000 ha,485.0,I,
79,'276,Germany,6690,Land area equipped for irrigation,5110,Area,2000,2000,1000 ha,485.0,I,
79,'276,Germany,6690,Land area equipped for irrigation,5110,Area,2001,2001,1000 ha,492.0,I,
79,'276,Germany,6690,Land area equipped for irrigation,5110,Area,2002,2002,1000 ha,495.0,I,
79,'276,Germany,6690,Land area equipped for irrigation,5110,Area,2003,2003,1000 ha,500.0,I,
79,'276,Germany,6690,Land area equipped for irrigation,5110,Area,2004,2004,1000 ha,500.0,I,
79,'276,Germany,6690,Land area equipped for irrigation,5110,Area,2005,2005,1000 ha,510.0,I,
79,'276,Germany,6690,Land area equipped for irrigation,5110,Area,2006,2006,1000 ha,515.7,X,
79,'276,Germany,6690,Land area equipped for irrigation,5110,Area,2007,2007,1000 ha,560.0,I,
79,'276,Germany,6690,Land area equipped for irrigation,5110,Area,2008,2008,1000 ha,600.0,I,
79,'276,Germany,6690,Land area equipped for irrigation,5110,Area,2009,2009,1000 ha,639.0,A,
79,'276,Germany,6690,Land area equipped for irrigation,5110,Area,2010,2010,1000 ha,652.0,I,
79,'276,Germany,6690,Land area equipped for irrigation,5110,Area,2011,2011,1000 ha,665.0,I,
79,'276,Germany,6690,Land area equipped for irrigation,5110,Area,2012,2012,1000 ha,678.0,I,
79,'276,Germany,6690,Land area equipped for irrigation,5110,Area,2013,2013,1000 ha,691.0,A,
79,'276,Germany,6690,Land area equipped for irrigation,5110,Area,2014,2014,1000 ha,686.0,I,
79,'276,Germany,6690,Land area equipped for irrigation,5110,Area,2015,2015,1000 ha,680.0,I,
79,'276,Germany,6690,Land area equipped for irrigation,5110,Area,2016,2016,1000 ha,676.4,A,
79,'276,Germany,6690,Land area equipped for irrigation,5110,Area,2017,2017,1000 ha,676.4,I,
79,'276,Germany,6690,Land area equipped for irrigation,5110,Area,2018,2018,1000 ha,676.4,I,
79,'276,Germany,6690,Land area equipped for irrigation,5110,Area,2019,2019,1000 ha,768.317,A,
79,'276,Germany,6690,Land area equipped for irrigation,5110,Area,2020,2020,1000 ha,768.317,A,
79,'276,Germany,6690,Land area equipped for irrigation,5110,Area,2021,2021,1000 ha,780.0585,I,
79,'276,Germany,6690,Land area equipped for irrigation,5110,Area,2022,2022,1000 ha,791.8,A,
79,'276,Germany,6690,Land area equipped for irrigation,5110,Area,2023,2023,1000 ha,791.8,I,
79,'276,Germany,6690,Land area equipped for irrigation,7252,Share in Cropland,1961,1961,%,2.52,E,
79,'276,Germany,6690,Land area equipped for irrigation,7252,Share in Cropland,1962,1962,%,2.65,E,
79,'276,Germany,6690,Land area equipped for irrigation,7252,Share in Cropland,1963,1963,%,2.8,E,
79,'276,Germany,6690,Land area equipped for irrigation,7252,Share in Cropland,1964,1964,%,2.95,E,
79,'276,Germany,6690,Land area equipped for irrigation,7252,Share in Cropland,1965,1965,%,3.08,E,
79,'276,Germany,6690,Land area equipped for irrigation,7252,Share in Cropland,1966,1966,%,3.15,E,
79,'276,Germany,6690,Land area equipped for irrigation,7252,Share in Cropland,1967,1967,%,3.23,E,
79,'276,Germany,6690,Land area equipped for irrigation,7252,Share in Cropland,1968,1968,%,3.29,E,
79,'276,Germany,6690,Land area equipped for irrigation,7252,Share in Cropland,1969,1969,%,3.33,E,
79,'276,Germany,6690,Land area equipped for irrigation,7252,Share in Cropland,1970,1970,%,3.38,E,
79,'276,Germany,6690,Land area equipped for irrigation,7252,Share in Cropland,1971,1971,%,3.41,E,
79,'276,Germany,6690,Land area equipped for irrigation,7252,Share in Cropland,1972,1972,%,3.47,E,
79,'276,Germany,6690,Land area equipped for irrigation,7252,Share in Cropland,1973,1973,%,3.5,E,
79,'276,Germany,6690,Land area equipped for irrigation,7252,Share in Cropland,1974,1974,%,3.53,E,
79,'276,Germany,6690,Land area equipped for irrigation,7252,Share in Cropland,1975,1975,%,3.58,E,
79,'276,Germany,6690,Land area equipped for irrigation,7252,Share in Cropland,1976,1976,%,3.58,E,
79,'276,Germany,6690,Land area equipped for irrigation,7252,Share in Cropland,1977,1977,%,3.61,E,
79,'276,Germany,6690,Land area equipped for irrigation,7252,Share in Cropland,1978,1978,%,3.64,E,
79,'276,Germany,6690,Land area equipped for irrigation,7252,Share in Cropland,1979,1979,%,3.66,E,
79,'276,Germany,6690,Land area equipped for irrigation,7252,Share in Cropland,1980,1980,%,3.67,E,
79,'276,Germany,6690,Land area equipped for irrigation,7252,Share in Cropland,1981,1981,%,3.68,E,
79,'276,Germany,6690,Land area equipped for irrigation,7252,Share in Cropland,1982,1982,%,3.74,E,
79,'276,Germany,6690,Land area equipped for irrigation,7252,Share in Cropland,1983,1983,%,3.76,E,
79,'276,Germany,6690,Land area equipped for irrigation,7252,Share in Cropland,1984,1984,%,3.78,E,
79,'276,Germany,6690,Land area equipped for irrigation,7252,Share in Cropland,1985,1985,%,3.78,E,
79,'276,Germany,6690,Land area equipped for irrigation,7252,Share in Cropland,1986,1986,%,3.8,E,
79,'276,Germany,6690,Land area equipped for irrigation,7252,Share in Cropland,1987,1987,%,3.83,E,
79,'276,Germany,6690,Land area equipped for irrigation,7252,Share in Cropland,1988,1988,%,3.85,E,
79,'276,Germany,6690,Land area equipped for irrigation,7252,Share in Cropland,1989,1989,%,3.87,E,
79,'276,Germany,6690,Land area equipped for irrigation,7252,Share in Cropland,1990,1990,%,3.88,E,
79,'276,Germany,6690,Land area equipped for irrigation,7252,Share in Cropland,1991,1991,%,4.08,E,
79,'276,Germany,6690,Land area equipped for irrigation,7252,Share in Cropland,1992,1992,%,4.12,E,
79,'276,Germany,6690,Land area equipped for irrigation,7252,Share in Cropland,1993,1993,%,4.07,E,
79,'276,Germany,6690,Land area equipped for irrigation,7252,Share in Cropland,1994,1994,%,4.03,E,
79,'276,Germany,6690,Land area equipped for irrigation,7252,Share in Cropland,1995,1995,%,4.02,E,
79,'276,Germany,6690,Land area equipped for irrigation,7252,Share in Cropland,1996,1996,%,4.02,E,
79,'276,Germany,6690,Land area equipped for irrigation,7252,Share in Cropland,1997,1997,%,4.02,E,
79,'276,Germany,6690,Land area equipped for irrigation,7252,Share in Cropland,1998,1998,%,4.01,E,
79,'276,Germany,6690,Land area equipped for irrigation,7252,Share in Cropland,1999,1999,%,4.03,E,
79,'276,Germany,6690,Land area equipped for irrigation,7252,Share in Cropland,2000,2000,%,4.03,E,
79,'276,Germany,6690,Land area equipped for irrigation,7252,Share in Cropland,2001,2001,%,4.09,E,
79,'276,Germany,6690,Land area equipped for irrigation,7252,Share in Cropland,2002,2002,%,4.13,E,
79,'276,Germany,6690,Land area equipped for irrigation,7252,Share in Cropland,2003,2003,%,4.16,E,
79,'276,Germany,6690,Land area equipped for irrigation,7252,Share in Cropland,2004,2004,%,4.13,E,
79,'276,Germany,6690,Land area equipped for irrigation,7252,Share in Cropland,2005,2005,%,4.21,E,
79,'276,Germany,6690,Land area equipped for irrigation,7252,Share in Cropland,2006,2006,%,4.27,E,
79,'276,Germany,6690,Land area equipped for irrigation,7252,Share in Cropland,2007,2007,%,4.64,E,
79,'276,Germany,6690,Land area equipped for irrigation,7252,Share in Cropland,2008,2008,%,4.95,E,
79,'276,Germany,6690,Land area equipped for irrigation,7252,Share in Cropland,2009,2009,%,5.26,A,
79,'276,Germany,6690,Land area equipped for irrigation,7252,Share in Cropland,2010,2010,%,5.41,E,
79,'276,Germany,6690,Land area equipped for irrigation,7252,Share in Cropland,2011,2011,%,5.51,E,
79,'276,Germany,6690,Land area equipped for irrigation,7252,Share in Cropland,2012,2012,%,5.63,E,
79,'276,Germany,6690,Land area equipped for irrigation,7252,Share in Cropland,2013,2013,%,5.72,A,
79,'276,Germany,6690,Land area equipped for irrigation,7252,Share in Cropland,2014,2014,%,5.68,E,
79,'276,Germany,6690,Land area equipped for irrigation,7252,Share in Cropland,2015,2015,%,5.64,E,
79,'276,Germany,6690,Land area equipped for irrigation,7252,Share in Cropland,2016,2016,%,5.65,A,
79,'276,Germany,6690,Land area equipped for irrigation,7252,Share in Cropland,2017,2017,%,5.65,E,
79,'276,Germany,6690,Land area equipped for irrigation,7252,Share in Cropland,2018,2018,%,5.67,E,
79,'276,Germany,6690,Land area equipped for irrigation,7252,Share in Cropland,2019,2019,%,6.45,A,
79,'276,Germany,6690,Land area equipped for irrigation,7252,Share in Cropland,2020,2020,%,6.48,A,
79,'276,Germany,6690,Land area equipped for irrigation,7252,Share in Cropland,2021,2021,%,6.58,E,
79,'276,Germany,6690,Land area equipped for irrigation,7252,Share in Cropland,2022,2022,%,6.68,A,
79,'276,Germany,6690,Land area equipped for irrigation,7252,Share in Cropland,2023,2023,%,6.66,E,
79,'276,Germany,6611,Agriculture area actually irrigated,5110,Area,2006,2006,1000 ha,234.6,X,
79,'276,Germany,6611,Agriculture area actually irrigated,5110,Area,2009,2009,1000 ha,373.0,A,
79,'276,Germany,6611,Agriculture area actually irrigated,5110,Area,2013,2013,1000 ha,365.6,A,
79,'276,Germany,6611,Agriculture area actually irrigated,5110,Area,2016,2016,1000 ha,451.8,A,
79,'276,Germany,6611,Agriculture area actually irrigated,5110,Area,2020,2020,1000 ha,506.5,A,
79,'276,Germany,6611,Agriculture area actually irrigated,7208,Share in Agricultural land,2006,2006,%,1.38,E,
79,'276,Germany,6611,Agriculture area actually irrigated,7208,Share in Agricultural land,2009,2009,%,2.21,A,
79,'276,Germany,6611,Agriculture area actually irrigated,7208,Share in Agricultural land,2013,2013,%,2.19,A,
79,'276,Germany,6611,Agriculture area actually irrigated,7208,Share in Agricultural land,2016,2016,%,2.71,A,
79,'276,Germany,6611,Agriculture area actually irrigated,7208,Share in Agricultural land,2020,2020,%,3.05,A,
79,'276,Germany,6694,Cropland area actually irrigated,5110,Area,2022,2022,1000 ha,516.0,A,
79,'276,Germany,6694,Cropland area actually irrigated,5110,Area,2023,2023,1000 ha,516.0,I,
79,'276,Germany,6657,Perm. meadows & pastures area actually irrig.,5110,Area,2022,2022,1000 ha,5.8,A,
79,'276,Germany,6657,Perm. meadows & pastures area actually irrig.,5110,Area,2023,2023,1000 ha,5.8,I,
79,'276,Germany,6671,Agriculture area under organic agric.,5110,Area,2004,2004,1000 ha,767.9,A,
79,'276,Germany,6671,Agriculture area under organic agric.,5110,Area,2005,2005,1000 ha,807.4,A,
79,'276,Germany,6671,Agriculture area under organic agric.,5110,Area,2006,2006,1000 ha,825.5,A,
79,'276,Germany,6671,Agriculture area under organic agric.,5110,Area,2007,2007,1000 ha,865.3,A,
79,'276,Germany,6671,Agriculture area under organic agric.,5110,Area,2008,2008,1000 ha,907.8,A,
79,'276,Germany,6671,Agriculture area under organic agric.,5110,Area,2009,2009,1000 ha,947.1,A,
79,'276,Germany,6671,Agriculture area under organic agric.,5110,Area,2010,2010,1000 ha,990.7,A,
79,'276,Germany,6671,Agriculture area under organic agric.,5110,Area,2011,2011,1000 ha,1015.6,A,
79,'276,Germany,6671,Agriculture area under organic agric.,5110,Area,2012,2012,1000 ha,1034.0,A,
79,'276,Germany,6671,Agriculture area under organic agric.,5110,Area,2013,2013,1000 ha,1045.0,A,
79,'276,Germany,6671,Agriculture area under organic agric.,5110,Area,2014,2014,1000 ha,1048.0,A,
79,'276,Germany,6671,Agriculture area under organic agric.,5110,Area,2015,2015,1000 ha,1088.8,A,
79,'276,Germany,6671,Agriculture area under organic agric.,5110,Area,2016,2016,1000 ha,1135.5,A,
79,'276,Germany,6671,Agriculture area under organic agric.,5110,Area,2017,2017,1000 ha,1138.3,A,
79,'276,Germany,6671,Agriculture area under organic agric.,5110,Area,2018,2018,1000 ha,1221.3,A,
79,'276,Germany,6671,Agriculture area under organic agric.,5110,Area,2019,2019,1000 ha,1290.8,A,
79,'276,Germany,6671,Agriculture area under organic agric.,5110,Area,2020,2020,1000 ha,1592.7,A,
79,'276,Germany,6671,Agriculture area under organic agric.,5110,Area,2021,2021,1000 ha,1601.3,A,
79,'276,Germany,6671,Agriculture area under organic agric.,5110,Area,2022,2022,1000 ha,1605.5,A,
79,'276,Germany,6671,Agriculture area under organic agric.,5110,Area,2023,2023,1000 ha,1852.7,A,
79,'276,Germany,6671,Agriculture area under organic agric.,7208,Share in Agricultural land,2004,2004,%,4.51,A,
79,'276,Germany,6671,Agriculture area under organic agric.,7208,Share in Agricultural land,2005,2005,%,4.74,A,
79,'276,Germany,6671,Agriculture area under organic agric.,7208,Share in Agricultural land,2006,2006,%,4.87,A,
79,'276,Germany,6671,Agriculture area under organic agric.,7208,Share in Agricultural land,2007,2007,%,5.11,A,
79,'276,Germany,6671,Agriculture area under organic agric.,7208,Share in Agricultural land,2008,2008,%,5.36,A,
79,'276,Germany,6671,Agriculture area under organic agric.,7208,Share in Agricultural land,2009,2009,%,5.61,A,
79,'276,Germany,6671,Agriculture area under organic agric.,7208,Share in Agricultural land,2010,2010,%,5.93,A,
79,'276,Germany,6671,Agriculture area under organic agric.,7208,Share in Agricultural land,2011,2011,%,6.07,A,
79,'276,Germany,6671,Agriculture area under organic agric.,7208,Share in Agricultural land,2012,2012,%,6.2,A,
79,'276,Germany,6671,Agriculture area under organic agric.,7208,Share in Agricultural land,2013,2013,%,6.26,A,
79,'276,Germany,6671,Agriculture area under organic agric.,7208,Share in Agricultural land,2014,2014,%,6.27,A,
79,'276,Germany,6671,Agriculture area under organic agric.,7208,Share in Agricultural land,2015,2015,%,6.51,A,
79,'276,Germany,6671,Agriculture area under organic agric.,7208,Share in Agricultural land,2016,2016,%,6.82,A,
79,'276,Germany,6671,Agriculture area under organic agric.,7208,Share in Agricultural land,2017,2017,%,6.82,A,
79,'276,Germany,6671,Agriculture area under organic agric.,7208,Share in Agricultural land,2018,2018,%,7.34,A,
79,'276,Germany,6671,Agriculture area under organic agric.,7208,Share in Agricultural land,2019,2019,%,7.75,A,
79,'276,Germany,6671,Agriculture area under organic agric.,7208,Share in Agricultural land,2020,2020,%,9.6,A,
79,'276,Germany,6671,Agriculture area under organic agric.,7208,Share in Agricultural land,2021,2021,%,9.65,A,
79,'276,Germany,6671,Agriculture area under organic agric.,7208,Share in Agricultural land,2022,2022,%,9.67,A,
79,'276,Germany,6671,Agriculture area under organic agric.,7208,Share in Agricultural land,2023,2023,%,11.17,A,
79,'276,Germany,6672,Agriculture area certified organic,5110,Area,2023,2023,1000 ha,1705.5,A,
79,'276,Germany,6668,Cropland area under organic agric.,5110,Area,2016,2016,1000 ha,496.4,A,
79,'276,Germany,6668,Cropland area under organic agric.,5110,Area,2017,2017,1000 ha,483.9,A,
79,'276,Germany,6668,Cropland area under organic agric.,5110,Area,2018,2018,1000 ha,531.2,A,
79,'276,Germany,6668,Cropland area under organic agric.,5110,Area,2019,2019,1000 ha,570.1,A,
79,'276,Germany,6668,Cropland area under organic agric.,5110,Area,2020,2020,1000 ha,734.0,A,
79,'276,Germany,6668,Cropland area under organic agric.,5110,Area,2021,2021,1000 ha,762.4,A,
79,'276,Germany,6668,Cropland area under organic agric.,5110,Area,2022,2022,1000 ha,777.3,A,
79,'276,Germany,6668,Cropland area under organic agric.,5110,Area,2023,2023,1000 ha,870.2,A,
79,'276,Germany,6681,Perm. meadows & pastures area under organic agric.,5110,Area,2016,2016,1000 ha,639.0,A,
79,'276,Germany,6681,Perm. meadows & pastures area under organic agric.,5110,Area,2017,2017,1000 ha,636.0,A,
79,'276,Germany,6681,Perm. meadows & pastures area under organic agric.,5110,Area,2018,2018,1000 ha,669.4,A,
79,'276,Germany,6681,Perm. meadows & pastures area under organic agric.,5110,Area,2019,2019,1000 ha,698.8,A,
79,'276,Germany,6681,Perm. meadows & pastures area under organic agric.,5110,Area,2020,2020,1000 ha,834.2,A,
79,'276,Germany,6681,Perm. meadows & pastures area under organic agric.,5110,Area,2021,2021,1000 ha,838.9,A,
79,'276,Germany,6681,Perm. meadows & pastures area under organic agric.,5110,Area,2022,2022,1000 ha,828.2,A,
79,'276,Germany,6681,Perm. meadows & pastures area under organic agric.,5110,Area,2023,2023,1000 ha,954.6,A,
79,'276,Germany,6664,Cropland area under conventional tillage,5110,Area,2016,2016,1000 ha,6313.1,A,
79,'276,Germany,6664,Cropland area under conventional tillage,5110,Area,2023,2023,1000 ha,4628.1,A,
79,'276,Germany,6665,Cropland area under conservation tillage,5110,Area,2016,2016,1000 ha,4717.9,A,
79,'276,Germany,6665,Cropland area under conservation tillage,5110,Area,2023,2023,1000 ha,5695.6,A,
79,'276,Germany,6666,Cropland area under zero or no tillage,5110,Area,2016,2016,1000 ha,93.9,A,
79,'276,Germany,6666,Cropland area under zero or no tillage,5110,Area,2023,2023,1000 ha,150.6,A,
79,'276,Germany,6774,Cropland area under protective cover,5110,Area,2010,2010,1000 ha,3.2,A,
79,'276,Germany,6774,Cropland area under protective cover,5110,Area,2011,2011,1000 ha,2.9,A,
79,'276,Germany,6774,Cropland area under protective cover,5110,Area,2012,2012,1000 ha,3.0,A,
79,'276,Germany,6774,Cropland area under protective cover,5110,Area,2013,2013,1000 ha,3.0,A,
79,'276,Germany,6774,Cropland area under protective cover,5110,Area,2014,2014,1000 ha,3.0,A,
79,'276,Germany,6774,Cropland area under protective cover,5110,Area,2016,2016,1000 ha,3.4,A,
79,'276,Germany,6774,Cropland area under protective cover,5110,Area,2017,2017,1000 ha,1.87,I,
79,'276,Germany,6774,Cropland area under protective cover,5110,Area,2018,2018,1000 ha,1.0285,I,
79,'276,Germany,6774,Cropland area under protective cover,5110,Area,2019,2019,1000 ha,0.5657,I,
79,'276,Germany,6774,Cropland area under protective cover,5110,Area,2020,2020,1000 ha,5.6,A,
79,'276,Germany,6774,Cropland area under protective cover,5110,Area,2021,2021,1000 ha,6.1667,I,
79,'276,Germany,6774,Cropland area under protective cover,5110,Area,2022,2022,1000 ha,6.7333,I,
79,'276,Germany,6774,Cropland area under protective cover,5110,Area,2023,2023,1000 ha,7.3,A,
79,'276,Germany,6762,Land used for aquaculture,5110,Area,2020,2020,1000 ha,0.0067,A,
79,'276,Germany,6762,Land used for aquaculture,5110,Area,2021,2021,1000 ha,0.0066,I,
79,'276,Germany,6762,Land used for aquaculture,5110,Area,2022,2022,1000 ha,0.0066,I,
79,'276,Germany,6762,Land used for aquaculture,5110,Area,2023,2023,1000 ha,0.0066,A,
79,'276,Germany,6767,Inland waters used for aquac. or holding facilities,5110,Area,2020,2020,1000 ha,22.625,A,
79,'276,Germany,6767,Inland waters used for aquac. or holding facilities,5110,Area,2021,2021,1000 ha,21.995,I,
79,'276,Germany,6767,Inland waters used for aquac. or holding facilities,5110,Area,2022,2022,1000 ha,21.365,I,
79,'276,Germany,6767,Inland waters used for aquac. or holding facilities,5110,Area,2023,2023,1000 ha,20.735,A,
79,'276,Germany,6641,Coastal waters used for aquac. or holding facilities,5110,Area,2020,2020,1000 ha,3.097,A,
79,'276,Germany,6641,Coastal waters used for aquac. or holding facilities,5110,Area,2023,2023,1000 ha,3.01,A,
104,'372,Ireland,6600,Country area,5110,Area,1961,1961,1000 ha,7028.0,A,
104,'372,Ireland,6600,Country area,5110,Area,1962,1962,1000 ha,7028.0,A,
104,'372,Ireland,6600,Country area,5110,Area,1963,1963,1000 ha,7028.0,A,
104,'372,Ireland,6600,Country area,5110,Area,1964,1964,1000 ha,7028.0,A,
104,'372,Ireland,6600,Country area,5110,Area,1965,1965,1000 ha,7028.0,A,
104,'372,Ireland,6600,Country area,5110,Area,1966,1966,1000 ha,7028.0,A,
104,'372,Ireland,6600,Country area,5110,Area,1967,1967,1000 ha,7028.0,A,
104,'372,Ireland,6600,Country area,5110,Area,1968,1968,1000 ha,7028.0,A,
104,'372,Ireland,6600,Country area,5110,Area,1969,1969,1000 ha,7028.0,A,
104,'372,Ireland,6600,Country area,5110,Area,1970,1970,1000 ha,7028.0,A,
104,'372,Ireland,6600,Country area,5110,Area,1971,1971,1000 ha,7028.0,A,
104,'372,Ireland,6600,Country area,5110,Area,1972,1972,1000 ha,7028.0,A,
104,'372,Ireland,6600,Country area,5110,Area,1973,1973,1000 ha,7028.0,A,
104,'372,Ireland,6600,Country area,5110,Area,1974,1974,1000 ha,7028.0,A,
104,'372,Ireland,6600,Country area,5110,Area,1975,1975,1000 ha,7028.0,A,
104,'372,Ireland,6600,Country area,5110,Area,1976,1976,1000 ha,7028.0,A,
104,'372,Ireland,6600,Country area,5110,Area,1977,1977,1000 ha,7028.0,A,
104,'372,Ireland,6600,Country area,5110,Area,1978,1978,1000 ha,7028.0,A,
104,'372,Ireland,6600,Country area,5110,Area,1979,1979,1000 ha,7028.0,A,
104,'372,Ireland,6600,Country area,5110,Area,1980,1980,1000 ha,7028.0,A,
104,'372,Ireland,6600,Country area,5110,Area,1981,1981,1000 ha,7028.0,A,
104,'372,Ireland,6600,Country area,5110,Area,1982,1982,1000 ha,7028.0,A,
104,'372,Ireland,6600,Country area,5110,Area,1983,1983,1000 ha,7028.0,A,
104,'372,Ireland,6600,Country area,5110,Area,1984,1984,1000 ha,7028.0,A,
104,'372,Ireland,6600,Country area,5110,Area,1985,1985,1000 ha,7028.0,A,
104,'372,Ireland,6600,Country area,5110,Area,1986,1986,1000 ha,7028.0,A,
104,'372,Ireland,6600,Country area,5110,Area,1987,1987,1000 ha,7028.0,A,
104,'372,Ireland,6600,Country area,5110,Area,1988,1988,1000 ha,7028.0,A,
104,'372,Ireland,6600,Country area,5110,Area,1989,1989,1000 ha,7028.0,A,
104,'372,Ireland,6600,Country area,5110,Area,1990,1990,1000 ha,7028.0,A,
104,'372,Ireland,6600,Country area,5110,Area,1991,1991,1000 ha,7028.0,A,
104,'372,Ireland,6600,Country area,5110,Area,1992,1992,1000 ha,7028.0,A,
104,'372,Ireland,6600,Country area,5110,Area,1993,1993,1000 ha,7028.0,A,
104,'372,Ireland,6600,Country area,5110,Area,1994,1994,1000 ha,7028.0,A,
104,'372,Ireland,6600,Country area,5110,Area,1995,1995,1000 ha,7028.0,A,
104,'372,Ireland,6600,Country area,5110,Area,1996,1996,1000 ha,7028.0,A,
104,'372,Ireland,6600,Country area,5110,Area,1997,1997,1000 ha,7028.0,A,
104,'372,Ireland,6600,Country area,5110,Area,1998,1998,1000 ha,7028.0,A,
104,'372,Ireland,6600,Country area,5110,Area,1999,1999,1000 ha,7028.0,A,
104,'372,Ireland,6600,Country area,5110,Area,2000,2000,1000 ha,7028.0,A,
104,'372,Ireland,6600,Country area,5110,Area,2001,2001,1000 ha,7028.0,A,
104,'372,Ireland,6600,Country area,5110,Area,2002,2002,1000 ha,7028.0,A,
104,'372,Ireland,6600,Country area,5110,Area,2003,2003,1000 ha,7028.0,A,
104,'372,Ireland,6600,Country area,5110,Area,2004,2004,1000 ha,7028.0,A,
104,'372,Ireland,6600,Country area,5110,Area,2005,2005,1000 ha,7028.0,A,
104,'372,Ireland,6600,Country area,5110,Area,2006,2006,1000 ha,7028.0,A,
104,'372,Ireland,6600,Country area,5110,Area,2007,2007,1000 ha,7028.0,A,
104,'372,Ireland,6600,Country area,5110,Area,2008,2008,1000 ha,7028.0,A,
104,'372,Ireland,6600,Country area,5110,Area,2009,2009,1000 ha,7028.0,A,
104,'372,Ireland,6600,Country area,5110,Area,2010,2010,1000 ha,7028.0,A,
104,'372,Ireland,6600,Country area,5110,Area,2011,2011,1000 ha,7028.0,A,
104,'372,Ireland,6600,Country area,5110,Area,2012,2012,1000 ha,7028.0,A,
104,'372,Ireland,6600,Country area,5110,Area,2013,2013,1000 ha,7028.0,A,
104,'372,Ireland,6600,Country area,5110,Area,2014,2014,1000 ha,7028.0,A,
104,'372,Ireland,6600,Country area,5110,Area,2015,2015,1000 ha,7028.0,A,
104,'372,Ireland,6600,Country area,5110,Area,2016,2016,1000 ha,7028.0,A,
104,'372,Ireland,6600,Country area,5110,Area,2017,2017,1000 ha,7028.0,A,
104,'372,Ireland,6600,Country area,5110,Area,2018,2018,1000 ha,7028.0,A,
104,'372,Ireland,6600,Country area,5110,Area,2019,2019,1000 ha,7028.0,A,
104,'372,Ireland,6600,Country area,5110,Area,2020,2020,1000 ha,7028.0,A,
104,'372,Ireland,6600,Country area,5110,Area,2021,2021,1000 ha,7028.0,A,
104,'372,Ireland,6600,Country area,5110,Area,2022,2022,1000 ha,7028.0,A,
104,'372,Ireland,6600,Country area,5110,Area,2023,2023,1000 ha,7028.0,A,
104,'372,Ireland,6601,Land area,5110,Area,1961,1961,1000 ha,6889.0,A,
104,'372,Ireland,6601,Land area,5110,Area,1962,1962,1000 ha,6889.0,A,
104,'372,Ireland,6601,Land area,5110,Area,1963,1963,1000 ha,6889.0,A,
104,'372,Ireland,6601,Land area,5110,Area,1964,1964,1000 ha,6889.0,A,
104,'372,Ireland,6601,Land area,5110,Area,1965,1965,1000 ha,6889.0,A,
104,'372,Ireland,6601,Land area,5110,Area,1966,1966,1000 ha,6889.0,A,
104,'372,Ireland,6601,Land area,5110,Area,1967,1967,1000 ha,6889.0,A,
104,'372,Ireland,6601,Land area,5110,Area,1968,1968,1000 ha,6889.0,A,
104,'372,Ireland,6601,Land area,5110,Area,1969,1969,1000 ha,6889.0,A,
104,'372,Ireland,6601,Land area,5110,Area,1970,1970,1000 ha,6889.0,A,
104,'372,Ireland,6601,Land area,5110,Area,1971,1971,1000 ha,6889.0,A,
104,'372,Ireland,6601,Land area,5110,Area,1972,1972,1000 ha,6889.0,A,
104,'372,Ireland,6601,Land area,5110,Area,1973,1973,1000 ha,6889.0,A,
104,'372,Ireland,6601,Land area,5110,Area,1974,1974,1000 ha,6889.0,A,
104,'372,Ireland,6601,Land area,5110,Area,1975,1975,1000 ha,6889.0,A,
104,'372,Ireland,6601,Land area,5110,Area,1976,1976,1000 ha,6889.0,A,
104,'372,Ireland,6601,Land area,5110,Area,1977,1977,1000 ha,6889.0,A,
104,'372,Ireland,6601,Land area,5110,Area,1978,1978,1000 ha,6889.0,A,
104,'372,Ireland,6601,Land area,5110,Area,1979,1979,1000 ha,6889.0,A,
104,'372,Ireland,6601,Land area,5110,Area,1980,1980,1000 ha,6889.0,A,
104,'372,Ireland,6601,Land area,5110,Area,1981,1981,1000 ha,6889.0,A,
104,'372,Ireland,6601,Land area,5110,Area,1982,1982,1000 ha,6889.0,A,
104,'372,Ireland,6601,Land area,5110,Area,1983,1983,1000 ha,6889.0,A,
104,'372,Ireland,6601,Land area,5110,Area,1984,1984,1000 ha,6889.0,A,
104,'372,Ireland,6601,Land area,5110,Area,1985,1985,1000 ha,6889.0,A,
104,'372,Ireland,6601,Land area,5110,Area,1986,1986,1000 ha,6889.0,A,
104,'372,Ireland,6601,Land area,5110,Area,1987,1987,1000 ha,6889.0,A,
104,'372,Ireland,6601,Land area,5110,Area,1988,1988,1000 ha,6889.0,A,
104,'372,Ireland,6601,Land area,5110,Area,1989,1989,1000 ha,6889.0,A,
104,'372,Ireland,6601,Land area,5110,Area,1990,1990,1000 ha,6889.0,A,
104,'372,Ireland,6601,Land area,5110,Area,1991,1991,1000 ha,6889.0,A,
104,'372,Ireland,6601,Land area,5110,Area,1992,1992,1000 ha,6889.0,A,
104,'372,Ireland,6601,Land area,5110,Area,1993,1993,1000 ha,6889.0,A,
104,'372,Ireland,6601,Land area,5110,Area,1994,1994,1000 ha,6889.0,A,
104,'372,Ireland,6601,Land area,5110,Area,1995,1995,1000 ha,6889.0,A,
104,'372,Ireland,6601,Land area,5110,Area,1996,1996,1000 ha,6889.0,A,
104,'372,Ireland,6601,Land area,5110,Area,1997,1997,1000 ha,6889.0,A,
104,'372,Ireland,6601,Land area,5110,Area,1998,1998,1000 ha,6889.0,A,
104,'372,Ireland,6601,Land area,5110,Area,1999,1999,1000 ha,6889.0,A,
104,'372,Ireland,6601,Land area,5110,Area,2000,2000,1000 ha,6889.0,A,
104,'372,Ireland,6601,Land area,5110,Area,2001,2001,1000 ha,6889.0,A,
104,'372,Ireland,6601,Land area,5110,Area,2002,2002,1000 ha,6889.0,A,
104,'372,Ireland,6601,Land area,5110,Area,2003,2003,1000 ha,6889.0,A,
104,'372,Ireland,6601,Land area,5110,Area,2004,2004,1000 ha,6889.0,A,
104,'372,Ireland,6601,Land area,5110,Area,2005,2005,1000 ha,6889.0,A,
104,'372,Ireland,6601,Land area,5110,Area,2006,2006,1000 ha,6889.0,A,
104,'372,Ireland,6601,Land area,5110,Area,2007,2007,1000 ha,6889.0,A,
104,'372,Ireland,6601,Land area,5110,Area,2008,2008,1000 ha,6889.0,A,
104,'372,Ireland,6601,Land area,5110,Area,2009,2009,1000 ha,6889.0,A,
104,'372,Ireland,6601,Land area,5110,Area,2010,2010,1000 ha,6889.0,A,
104,'372,Ireland,6601,Land area,5110,Area,2011,2011,1000 ha,6889.0,A,
104,'372,Ireland,6601,Land area,5110,Area,2012,2012,1000 ha,6889.0,A,
104,'372,Ireland,6601,Land area,5110,Area,2013,2013,1000 ha,6889.0,A,
104,'372,Ireland,6601,Land area,5110,Area,2014,2014,1000 ha,6889.0,A,
104,'372,Ireland,6601,Land area,5110,Area,2015,2015,1000 ha,6889.0,A,
104,'372,Ireland,6601,Land area,5110,Area,2016,2016,1000 ha,6889.0,A,
104,'372,Ireland,6601,Land area,5110,Area,2017,2017,1000 ha,6889.0,A,
104,'372,Ireland,6601,Land area,5110,Area,2018,2018,1000 ha,6889.0,A,
104,'372,Ireland,6601,Land area,5110,Area,2019,2019,1000 ha,6889.0,A,
104,'372,Ireland,6601,Land area,5110,Area,2020,2020,1000 ha,6889.0,A,
104,'372,Ireland,6601,Land area,5110,Area,2021,2021,1000 ha,6889.0,A,
104,'372,Ireland,6601,Land area,5110,Area,2022,2022,1000 ha,6889.0,A,
104,'372,Ireland,6601,Land area,5110,Area,2023,2023,1000 ha,6889.0,A,
104,'372,Ireland,6602,Agriculture,5110,Area,1961,1961,1000 ha,4558.0,I,
104,'372,Ireland,6602,Agriculture,5110,Area,1962,1962,1000 ha,4613.7,I,
104,'372,Ireland,6602,Agriculture,5110,Area,1963,1963,1000 ha,4616.9,I,
104,'372,Ireland,6602,Agriculture,5110,Area,1964,1964,1000 ha,4659.6,I,
104,'372,Ireland,6602,Agriculture,5110,Area,1965,1965,1000 ha,4707.8,I,
104,'372,Ireland,6602,Agriculture,5110,Area,1966,1966,1000 ha,4753.7,I,
104,'372,Ireland,6602,Agriculture,5110,Area,1967,1967,1000 ha,4782.6,I,
104,'372,Ireland,6602,Agriculture,5110,Area,1968,1968,1000 ha,4802.9,I,
104,'372,Ireland,6602,Agriculture,5110,Area,1969,1969,1000 ha,4816.0,I,
104,'372,Ireland,6602,Agriculture,5110,Area,1970,1970,1000 ha,4794.3,I,
104,'372,Ireland,6602,Agriculture,5110,Area,1971,1971,1000 ha,4824.0,I,
104,'372,Ireland,6602,Agriculture,5110,Area,1972,1972,1000 ha,4827.4,I,
104,'372,Ireland,6602,Agriculture,5110,Area,1973,1973,1000 ha,4842.0,I,
104,'372,Ireland,6602,Agriculture,5110,Area,1974,1974,1000 ha,4848.8,I,
104,'372,Ireland,6602,Agriculture,5110,Area,1975,1975,1000 ha,4835.5,I,
104,'372,Ireland,6602,Agriculture,5110,Area,1976,1976,1000 ha,4852.0,I,
104,'372,Ireland,6602,Agriculture,5110,Area,1977,1977,1000 ha,4880.8,I,
104,'372,Ireland,6602,Agriculture,5110,Area,1978,1978,1000 ha,4885.3,I,
104,'372,Ireland,6602,Agriculture,5110,Area,1979,1979,1000 ha,4896.2,I,
104,'372,Ireland,6602,Agriculture,5110,Area,1980,1980,1000 ha,4931.5,I,
104,'372,Ireland,6602,Agriculture,5110,Area,1981,1981,1000 ha,4909.1,I,
104,'372,Ireland,6602,Agriculture,5110,Area,1982,1982,1000 ha,4895.2,I,
104,'372,Ireland,6602,Agriculture,5110,Area,1983,1983,1000 ha,4876.5,I,
104,'372,Ireland,6602,Agriculture,5110,Area,1984,1984,1000 ha,4893.4,I,
104,'372,Ireland,6602,Agriculture,5110,Area,1985,1985,1000 ha,4883.6,I,
104,'372,Ireland,6602,Agriculture,5110,Area,1986,1986,1000 ha,4844.9,I,
104,'372,Ireland,6602,Agriculture,5110,Area,1987,1987,1000 ha,4817.0,I,
104,'372,Ireland,6602,Agriculture,5110,Area,1988,1988,1000 ha,4800.5,I,
104,'372,Ireland,6602,Agriculture,5110,Area,1989,1989,1000 ha,4676.7,I,
104,'372,Ireland,6602,Agriculture,5110,Area,1990,1990,1000 ha,4537.4,I,
104,'372,Ireland,6602,Agriculture,5110,Area,1991,1991,1000 ha,4444.8,I,
104,'372,Ireland,6602,Agriculture,5110,Area,1992,1992,1000 ha,4416.2,I,
104,'372,Ireland,6602,Agriculture,5110,Area,1993,1993,1000 ha,4407.3,I,
104,'372,Ireland,6602,Agriculture,5110,Area,1994,1994,1000 ha,4393.6,I,
104,'372,Ireland,6602,Agriculture,5110,Area,1995,1995,1000 ha,4388.7,I,
104,'372,Ireland,6602,Agriculture,5110,Area,1996,1996,1000 ha,4341.8,I,
104,'372,Ireland,6602,Agriculture,5110,Area,1997,1997,1000 ha,4355.64,I,
104,'372,Ireland,6602,Agriculture,5110,Area,1998,1998,1000 ha,4369.48,I,
104,'372,Ireland,6602,Agriculture,5110,Area,1999,1999,1000 ha,4383.32,I,
104,'372,Ireland,6602,Agriculture,5110,Area,2000,2000,1000 ha,4396.16,I,
104,'372,Ireland,6602,Agriculture,5110,Area,2001,2001,1000 ha,4410.0,I,
104,'372,Ireland,6602,Agriculture,5110,Area,2002,2002,1000 ha,4373.0,I,
104,'372,Ireland,6602,Agriculture,5110,Area,2003,2003,1000 ha,4370.0,I,
104,'372,Ireland,6602,Agriculture,5110,Area,2004,2004,1000 ha,4305.0,I,
104,'372,Ireland,6602,Agriculture,5110,Area,2005,2005,1000 ha,4302.0,I,
104,'372,Ireland,6602,Agriculture,5110,Area,2006,2006,1000 ha,4260.0,I,
104,'372,Ireland,6602,Agriculture,5110,Area,2007,2007,1000 ha,4276.0,I,
104,'372,Ireland,6602,Agriculture,5110,Area,2008,2008,1000 ha,4629.0,I,
104,'372,Ireland,6602,Agriculture,5110,Area,2009,2009,1000 ha,4593.92,I,
104,'372,Ireland,6602,Agriculture,5110,Area,2010,2010,1000 ha,4568.0,I,
104,'372,Ireland,6602,Agriculture,5110,Area,2011,2011,1000 ha,4555.0,I,
104,'372,Ireland,6602,Agriculture,5110,Area,2012,2012,1000 ha,4533.0,I,
104,'372,Ireland,6602,Agriculture,5110,Area,2013,2013,1000 ha,4477.0,I,
104,'372,Ireland,6602,Agriculture,5110,Area,2014,2014,1000 ha,4466.0,I,
104,'372,Ireland,6602,Agriculture,5110,Area,2015,2015,1000 ha,4430.0,I,
104,'372,Ireland,6602,Agriculture,5110,Area,2016,2016,1000 ha,4461.0,I,
104,'372,Ireland,6602,Agriculture,5110,Area,2017,2017,1000 ha,4489.0,I,
104,'372,Ireland,6602,Agriculture,5110,Area,2018,2018,1000 ha,4516.0,I,
104,'372,Ireland,6602,Agriculture,5110,Area,2019,2019,1000 ha,4524.0,I,
104,'372,Ireland,6602,Agriculture,5110,Area,2020,2020,1000 ha,4512.0,I,
104,'372,Ireland,6602,Agriculture,5110,Area,2021,2021,1000 ha,4337.0,I,
104,'372,Ireland,6602,Agriculture,5110,Area,2022,2022,1000 ha,4348.0,I,
104,'372,Ireland,6602,Agriculture,5110,Area,2023,2023,1000 ha,4189.0,I,
104,'372,Ireland,6610,Agricultural land,5110,Area,1961,1961,1000 ha,4558.0,I,
104,'372,Ireland,6610,Agricultural land,5110,Area,1962,1962,1000 ha,4613.7,I,
104,'372,Ireland,6610,Agricultural land,5110,Area,1963,1963,1000 ha,4616.9,I,
104,'372,Ireland,6610,Agricultural land,5110,Area,1964,1964,1000 ha,4659.6,I,
104,'372,Ireland,6610,Agricultural land,5110,Area,1965,1965,1000 ha,4707.8,I,
104,'372,Ireland,6610,Agricultural land,5110,Area,1966,1966,1000 ha,4753.7,I,
104,'372,Ireland,6610,Agricultural land,5110,Area,1967,1967,1000 ha,4782.6,I,
104,'372,Ireland,6610,Agricultural land,5110,Area,1968,1968,1000 ha,4802.9,I,
104,'372,Ireland,6610,Agricultural land,5110,Area,1969,1969,1000 ha,4816.0,I,
104,'372,Ireland,6610,Agricultural land,5110,Area,1970,1970,1000 ha,4794.3,I,
104,'372,Ireland,6610,Agricultural land,5110,Area,1971,1971,1000 ha,4824.0,I,
104,'372,Ireland,6610,Agricultural land,5110,Area,1972,1972,1000 ha,4827.4,I,
104,'372,Ireland,6610,Agricultural land,5110,Area,1973,1973,1000 ha,4842.0,I,
104,'372,Ireland,6610,Agricultural land,5110,Area,1974,1974,1000 ha,4848.8,I,
104,'372,Ireland,6610,Agricultural land,5110,Area,1975,1975,1000 ha,4835.5,I,
104,'372,Ireland,6610,Agricultural land,5110,Area,1976,1976,1000 ha,4852.0,I,
104,'372,Ireland,6610,Agricultural land,5110,Area,1977,1977,1000 ha,4880.8,I,
104,'372,Ireland,6610,Agricultural land,5110,Area,1978,1978,1000 ha,4885.3,I,
104,'372,Ireland,6610,Agricultural land,5110,Area,1979,1979,1000 ha,4896.2,I,
104,'372,Ireland,6610,Agricultural land,5110,Area,1980,1980,1000 ha,4931.5,I,
104,'372,Ireland,6610,Agricultural land,5110,Area,1981,1981,1000 ha,4909.1,I,
104,'372,Ireland,6610,Agricultural land,5110,Area,1982,1982,1000 ha,4895.2,I,
104,'372,Ireland,6610,Agricultural land,5110,Area,1983,1983,1000 ha,4876.5,I,
104,'372,Ireland,6610,Agricultural land,5110,Area,1984,1984,1000 ha,4893.4,I,
104,'372,Ireland,6610,Agricultural land,5110,Area,1985,1985,1000 ha,4883.6,I,
104,'372,Ireland,6610,Agricultural land,5110,Area,1986,1986,1000 ha,4844.9,I,
104,'372,Ireland,6610,Agricultural land,5110,Area,1987,1987,1000 ha,4817.0,I,
104,'372,Ireland,6610,Agricultural land,5110,Area,1988,1988,1000 ha,4800.5,I,
104,'372,Ireland,6610,Agricultural land,5110,Area,1989,1989,1000 ha,4676.7,I,
104,'372,Ireland,6610,Agricultural land,5110,Area,1990,1990,1000 ha,4537.4,I,
104,'372,Ireland,6610,Agricultural land,5110,Area,1991,1991,1000 ha,4444.8,I,
104,'372,Ireland,6610,Agricultural land,5110,Area,1992,1992,1000 ha,4416.2,I,
104,'372,Ireland,6610,Agricultural land,5110,Area,1993,1993,1000 ha,4407.3,I,
104,'372,Ireland,6610,Agricultural land,5110,Area,1994,1994,1000 ha,4393.6,I,
104,'372,Ireland,6610,Agricultural land,5110,Area,1995,1995,1000 ha,4388.7,I,
104,'372,Ireland,6610,Agricultural land,5110,Area,1996,1996,1000 ha,4341.8,I,
104,'372,Ireland,6610,Agricultural land,5110,Area,1997,1997,1000 ha,4355.64,I,
104,'372,Ireland,6610,Agricultural land,5110,Area,1998,1998,1000 ha,4369.48,I,
104,'372,Ireland,6610,Agricultural land,5110,Area,1999,1999,1000 ha,4383.32,I,
104,'372,Ireland,6610,Agricultural land,5110,Area,2000,2000,1000 ha,4396.16,I,
104,'372,Ireland,6610,Agricultural land,5110,Area,2001,2001,1000 ha,4410.0,A,
104,'372,Ireland,6610,Agricultural land,5110,Area,2002,2002,1000 ha,4373.0,A,
104,'372,Ireland,6610,Agricultural land,5110,Area,2003,2003,1000 ha,4370.0,A,
104,'372,Ireland,6610,Agricultural land,5110,Area,2004,2004,1000 ha,4305.0,A,
104,'372,Ireland,6610,Agricultural land,5110,Area,2005,2005,1000 ha,4302.0,A,
104,'372,Ireland,6610,Agricultural land,5110,Area,2006,2006,1000 ha,4260.0,A,
104,'372,Ireland,6610,Agricultural land,5110,Area,2007,2007,1000 ha,4276.0,A,
104,'372,Ireland,6610,Agricultural land,5110,Area,2008,2008,1000 ha,4629.0,A,
104,'372,Ireland,6610,Agricultural land,5110,Area,2009,2009,1000 ha,4593.92,A,
104,'372,Ireland,6610,Agricultural land,5110,Area,2010,2010,1000 ha,4568.0,A,
104,'372,Ireland,6610,Agricultural land,5110,Area,2011,2011,1000 ha,4555.0,A,
104,'372,Ireland,6610,Agricultural land,5110,Area,2012,2012,1000 ha,4533.0,A,
104,'372,Ireland,6610,Agricultural land,5110,Area,2013,2013,1000 ha,4477.0,A,
104,'372,Ireland,6610,Agricultural land,5110,Area,2014,2014,1000 ha,4466.0,A,
104,'372,Ireland,6610,Agricultural land,5110,Area,2015,2015,1000 ha,4430.0,A,
104,'372,Ireland,6610,Agricultural land,5110,Area,2016,2016,1000 ha,4461.0,A,
104,'372,Ireland,6610,Agricultural land,5110,Area,2017,2017,1000 ha,4489.0,A,
104,'372,Ireland,6610,Agricultural land,5110,Area,2018,2018,1000 ha,4516.0,A,
104,'372,Ireland,6610,Agricultural land,5110,Area,2019,2019,1000 ha,4524.0,A,
104,'372,Ireland,6610,Agricultural land,5110,Area,2020,2020,1000 ha,4512.0,A,
104,'372,Ireland,6610,Agricultural land,5110,Area,2021,2021,1000 ha,4337.0,A,
104,'372,Ireland,6610,Agricultural land,5110,Area,2022,2022,1000 ha,4348.0,A,
104,'372,Ireland,6610,Agricultural land,5110,Area,2023,2023,1000 ha,4189.0,A,
104,'372,Ireland,6610,Agricultural land,7209,Share in Land area,1961,1961,%,66.16,E,
104,'372,Ireland,6610,Agricultural land,7209,Share in Land area,1962,1962,%,66.97,E,
104,'372,Ireland,6610,Agricultural land,7209,Share in Land area,1963,1963,%,67.02,E,
104,'372,Ireland,6610,Agricultural land,7209,Share in Land area,1964,1964,%,67.64,E,
104,'372,Ireland,6610,Agricultural land,7209,Share in Land area,1965,1965,%,68.34,E,
104,'372,Ireland,6610,Agricultural land,7209,Share in Land area,1966,1966,%,69.0,E,
104,'372,Ireland,6610,Agricultural land,7209,Share in Land area,1967,1967,%,69.42,E,
104,'372,Ireland,6610,Agricultural land,7209,Share in Land area,1968,1968,%,69.72,E,
104,'372,Ireland,6610,Agricultural land,7209,Share in Land area,1969,1969,%,69.91,E,
104,'372,Ireland,6610,Agricultural land,7209,Share in Land area,1970,1970,%,69.59,E,
104,'372,Ireland,6610,Agricultural land,7209,Share in Land area,1971,1971,%,70.02,E,
104,'372,Ireland,6610,Agricultural land,7209,Share in Land area,1972,1972,%,70.07,E,
104,'372,Ireland,6610,Agricultural land,7209,Share in Land area,1973,1973,%,70.29,E,
104,'372,Ireland,6610,Agricultural land,7209,Share in Land area,1974,1974,%,70.38,E,
104,'372,Ireland,6610,Agricultural land,7209,Share in Land area,1975,1975,%,70.19,E,
104,'372,Ireland,6610,Agricultural land,7209,Share in Land area,1976,1976,%,70.43,E,
104,'372,Ireland,6610,Agricultural land,7209,Share in Land area,1977,1977,%,70.85,E,
104,'372,Ireland,6610,Agricultural land,7209,Share in Land area,1978,1978,%,70.91,E,
104,'372,Ireland,6610,Agricultural land,7209,Share in Land area,1979,1979,%,71.07,E,
104,'372,Ireland,6610,Agricultural land,7209,Share in Land area,1980,1980,%,71.59,E,
104,'372,Ireland,6610,Agricultural land,7209,Share in Land area,1981,1981,%,71.26,E,
104,'372,Ireland,6610,Agricultural land,7209,Share in Land area,1982,1982,%,71.06,E,
104,'372,Ireland,6610,Agricultural land,7209,Share in Land area,1983,1983,%,70.79,E,
104,'372,Ireland,6610,Agricultural land,7209,Share in Land area,1984,1984,%,71.03,E,
104,'372,Ireland,6610,Agricultural land,7209,Share in Land area,1985,1985,%,70.89,E,
104,'372,Ireland,6610,Agricultural land,7209,Share in Land area,1986,1986,%,70.33,E,
104,'372,Ireland,6610,Agricultural land,7209,Share in Land area,1987,1987,%,69.92,E,
104,'372,Ireland,6610,Agricultural land,7209,Share in Land area,1988,1988,%,69.68,E,
104,'372,Ireland,6610,Agricultural land,7209,Share in Land area,1989,1989,%,67.89,E,
104,'372,Ireland,6610,Agricultural land,7209,Share in Land area,1990,1990,%,65.86,E,
104,'372,Ireland,6610,Agricultural land,7209,Share in Land area,1991,1991,%,64.52,E,
104,'372,Ireland,6610,Agricultural land,7209,Share in Land area,1992,1992,%,64.11,E,
104,'372,Ireland,6610,Agricultural land,7209,Share in Land area,1993,1993,%,63.98,E,
104,'372,Ireland,6610,Agricultural land,7209,Share in Land area,1994,1994,%,63.78,E,
104,'372,Ireland,6610,Agricultural land,7209,Share in Land area,1995,1995,%,63.71,E,
104,'372,Ireland,6610,Agricultural land,7209,Share in Land area,1996,1996,%,63.03,E,
104,'372,Ireland,6610,Agricultural land,7209,Share in Land area,1997,1997,%,63.23,E,
104,'372,Ireland,6610,Agricultural land,7209,Share in Land area,1998,1998,%,63.43,E,
104,'372,Ireland,6610,Agricultural land,7209,Share in Land area,1999,1999,%,63.63,E,
104,'372,Ireland,6610,Agricultural land,7209,Share in Land area,2000,2000,%,63.81,E,
104,'372,Ireland,6610,Agricultural land,7209,Share in Land area,2001,2001,%,64.02,A,
104,'372,Ireland,6610,Agricultural land,7209,Share in Land area,2002,2002,%,63.48,A,
104,'372,Ireland,6610,Agricultural land,7209,Share in Land area,2003,2003,%,63.43,A,
104,'372,Ireland,6610,Agricultural land,7209,Share in Land area,2004,2004,%,62.49,A,
104,'372,Ireland,6610,Agricultural land,7209,Share in Land area,2005,2005,%,62.45,A,
104,'372,Ireland,6610,Agricultural land,7209,Share in Land area,2006,2006,%,61.84,A,
104,'372,Ireland,6610,Agricultural land,7209,Share in Land area,2007,2007,%,62.07,A,
104,'372,Ireland,6610,Agricultural land,7209,Share in Land area,2008,2008,%,67.19,A,
104,'372,Ireland,6610,Agricultural land,7209,Share in Land area,2009,2009,%,66.68,A,
104,'372,Ireland,6610,Agricultural land,7209,Share in Land area,2010,2010,%,66.31,A,
104,'372,Ireland,6610,Agricultural land,7209,Share in Land area,2011,2011,%,66.12,A,
104,'372,Ireland,6610,Agricultural land,7209,Share in Land area,2012,2012,%,65.8,A,
104,'372,Ireland,6610,Agricultural land,7209,Share in Land area,2013,2013,%,64.99,A,
104,'372,Ireland,6610,Agricultural land,7209,Share in Land area,2014,2014,%,64.83,A,
104,'372,Ireland,6610,Agricultural land,7209,Share in Land area,2015,2015,%,64.31,A,
104,'372,Ireland,6610,Agricultural land,7209,Share in Land area,2016,2016,%,64.76,A,
104,'372,Ireland,6610,Agricultural land,7209,Share in Land area,2017,2017,%,65.16,A,
104,'372,Ireland,6610,Agricultural land,7209,Share in Land area,2018,2018,%,65.55,A,
104,'372,Ireland,6610,Agricultural land,7209,Share in Land area,2019,2019,%,65.67,A,
104,'372,Ireland,6610,Agricultural land,7209,Share in Land area,2020,2020,%,65.5,A,
104,'372,Ireland,6610,Agricultural land,7209,Share in Land area,2021,2021,%,62.96,A,
104,'372,Ireland,6610,Agricultural land,7209,Share in Land area,2022,2022,%,63.12,A,
104,'372,Ireland,6610,Agricultural land,7209,Share in Land area,2023,2023,%,60.81,A,
104,'372,Ireland,6610,Agricultural land,7278,Value of agricultural production (Int. $) per Area,1961,1961,USD_PPP/ha,670.68,E,
104,'372,Ireland,6610,Agricultural land,7278,Value of agricultural production (Int. $) per Area,1962,1962,USD_PPP/ha,667.46,E,
104,'372,Ireland,6610,Agricultural land,7278,Value of agricultural production (Int. $) per Area,1963,1963,USD_PPP/ha,656.97,E,
104,'372,Ireland,6610,Agricultural land,7278,Value of agricultural production (Int. $) per Area,1964,1964,USD_PPP/ha,616.61,E,
104,'372,Ireland,6610,Agricultural land,7278,Value of agricultural production (Int. $) per Area,1965,1965,USD_PPP/ha,631.03,E,
104,'372,Ireland,6610,Agricultural land,7278,Value of agricultural production (Int. $) per Area,1966,1966,USD_PPP/ha,648.65,E,
104,'372,Ireland,6610,Agricultural land,7278,Value of agricultural production (Int. $) per Area,1967,1967,USD_PPP/ha,747.2,E,
104,'372,Ireland,6610,Agricultural land,7278,Value of agricultural production (Int. $) per Area,1968,1968,USD_PPP/ha,743.07,E,
104,'372,Ireland,6610,Agricultural land,7278,Value of agricultural production (Int. $) per Area,1969,1969,USD_PPP/ha,741.68,E,
104,'372,Ireland,6610,Agricultural land,7278,Value of agricultural production (Int. $) per Area,1970,1970,USD_PPP/ha,752.55,E,
104,'372,Ireland,6610,Agricultural land,7278,Value of agricultural production (Int. $) per Area,1971,1971,USD_PPP/ha,794.88,E,
104,'372,Ireland,6610,Agricultural land,7278,Value of agricultural production (Int. $) per Area,1972,1972,USD_PPP/ha,754.69,E,
104,'372,Ireland,6610,Agricultural land,7278,Value of agricultural production (Int. $) per Area,1973,1973,USD_PPP/ha,771.85,E,
104,'372,Ireland,6610,Agricultural land,7278,Value of agricultural production (Int. $) per Area,1974,1974,USD_PPP/ha,864.21,E,
104,'372,Ireland,6610,Agricultural land,7278,Value of agricultural production (Int. $) per Area,1975,1975,USD_PPP/ha,947.52,E,
104,'372,Ireland,6610,Agricultural land,7278,Value of agricultural production (Int. $) per Area,1976,1976,USD_PPP/ha,892.81,E,
104,'372,Ireland,6610,Agricultural land,7278,Value of agricultural production (Int. $) per Area,1977,1977,USD_PPP/ha,1007.69,E,
104,'372,Ireland,6610,Agricultural land,7278,Value of agricultural production (Int. $) per Area,1978,1978,USD_PPP/ha,1029.94,E,
104,'372,Ireland,6610,Agricultural land,7278,Value of agricultural production (Int. $) per Area,1979,1979,USD_PPP/ha,1043.32,E,
104,'372,Ireland,6610,Agricultural land,7278,Value of agricultural production (Int. $) per Area,1980,1980,USD_PPP/ha,1081.55,E,
104,'372,Ireland,6610,Agricultural land,7278,Value of agricultural production (Int. $) per Area,1981,1981,USD_PPP/ha,956.08,E,
104,'372,Ireland,6610,Agricultural land,7278,Value of agricultural production (Int. $) per Area,1982,1982,USD_PPP/ha,1038.83,E,
104,'372,Ireland,6610,Agricultural land,7278,Value of agricultural production (Int. $) per Area,1983,1983,USD_PPP/ha,1065.15,E,
104,'372,Ireland,6610,Agricultural land,7278,Value of agricultural production (Int. $) per Area,1984,1984,USD_PPP/ha,1161.32,E,
104,'372,Ireland,6610,Agricultural land,7278,Value of agricultural production (Int. $) per Area,1985,1985,USD_PPP/ha,1190.23,E,
104,'372,Ireland,6610,Agricultural land,7278,Value of agricultural production (Int. $) per Area,1986,1986,USD_PPP/ha,1228.51,E,
104,'372,Ireland,6610,Agricultural land,7278,Value of agricultural production (Int. $) per Area,1987,1987,USD_PPP/ha,1226.42,E,
104,'372,Ireland,6610,Agricultural land,7278,Value of agricultural production (Int. $) per Area,1988,1988,USD_PPP/ha,1193.56,E,
104,'372,Ireland,6610,Agricultural land,7278,Value of agricultural production (Int. $) per Area,1989,1989,USD_PPP/ha,1207.45,E,
104,'372,Ireland,6610,Agricultural land,7278,Value of agricultural production (Int. $) per Area,1990,1990,USD_PPP/ha,1371.02,E,
104,'372,Ireland,6610,Agricultural land,7278,Value of agricultural production (Int. $) per Area,1991,1991,USD_PPP/ha,1441.15,E,
104,'372,Ireland,6610,Agricultural land,7278,Value of agricultural production (Int. $) per Area,1992,1992,USD_PPP/ha,1475.01,E,
104,'372,Ireland,6610,Agricultural land,7278,Value of agricultural production (Int. $) per Area,1993,1993,USD_PPP/ha,1424.72,E,
104,'372,Ireland,6610,Agricultural land,7278,Value of agricultural production (Int. $) per Area,1994,1994,USD_PPP/ha,1363.37,E,
104,'372,Ireland,6610,Agricultural land,7278,Value of agricultural production (Int. $) per Area,1995,1995,USD_PPP/ha,1397.61,E,
104,'372,Ireland,6610,Agricultural land,7278,Value of agricultural production (Int. $) per Area,1996,1996,USD_PPP/ha,1489.12,E,
104,'372,Ireland,6610,Agricultural land,7278,Value of agricultural production (Int. $) per Area,1997,1997,USD_PPP/ha,1481.38,E,
104,'372,Ireland,6610,Agricultural land,7278,Value of agricultural production (Int. $) per Area,1998,1998,USD_PPP/ha,1512.78,E,
104,'372,Ireland,6610,Agricultural land,7278,Value of agricultural production (Int. $) per Area,1999,1999,USD_PPP/ha,1582.87,E,
104,'372,Ireland,6610,Agricultural land,7278,Value of agricultural production (Int. $) per Area,2000,2000,USD_PPP/ha,1499.9,E,
104,'372,Ireland,6610,Agricultural land,7278,Value of agricultural production (Int. $) per Area,2001,2001,USD_PPP/ha,1516.38,E,
104,'372,Ireland,6610,Agricultural land,7278,Value of agricultural production (Int. $) per Area,2002,2002,USD_PPP/ha,1460.6,E,
104,'372,Ireland,6610,Agricultural land,7278,Value of agricultural production (Int. $) per Area,2003,2003,USD_PPP/ha,1484.33,E,
104,'372,Ireland,6610,Agricultural land,7278,Value of agricultural production (Int. $) per Area,2004,2004,USD_PPP/ha,1529.99,E,
104,'372,Ireland,6610,Agricultural land,7278,Value of agricultural production (Int. $) per Area,2005,2005,USD_PPP/ha,1459.88,E,
104,'372,Ireland,6610,Agricultural land,7278,Value of agricultural production (Int. $) per Area,2006,2006,USD_PPP/ha,1461.14,E,
104,'372,Ireland,6610,Agricultural land,7278,Value of agricultural production (Int. $) per Area,2007,2007,USD_PPP/ha,1484.02,E,
104,'372,Ireland,6610,Agricultural land,7278,Value of agricultural production (Int. $) per Area,2008,2008,USD_PPP/ha,1333.01,E,
104,'372,Ireland,6610,Agricultural land,7278,Value of agricultural production (Int. $) per Area,2009,2009,USD_PPP/ha,1314.03,E,
104,'372,Ireland,6610,Agricultural land,7278,Value of agricultural production (Int. $) per Area,2010,2010,USD_PPP/ha,1376.42,E,
104,'372,Ireland,6610,Agricultural land,7278,Value of agricultural production (Int. $) per Area,2011,2011,USD_PPP/ha,1418.47,E,
104,'372,Ireland,6610,Agricultural land,7278,Value of agricultural production (Int. $) per Area,2012,2012,USD_PPP/ha,1345.28,E,
104,'372,Ireland,6610,Agricultural land,7278,Value of agricultural production (Int. $) per Area,2013,2013,USD_PPP/ha,1428.23,E,
104,'372,Ireland,6610,Agricultural land,7278,Value of agricultural production (Int. $) per Area,2014,2014,USD_PPP/ha,1529.99,E,
104,'372,Ireland,6610,Agricultural land,7278,Value of agricultural production (Int. $) per Area,2015,2015,USD_PPP/ha,1612.29,E,
104,'372,Ireland,6610,Agricultural land,7278,Value of agricultural production (Int. $) per Area,2016,2016,USD_PPP/ha,1641.76,E,
104,'372,Ireland,6610,Agricultural land,7278,Value of agricultural production (Int. $) per Area,2017,2017,USD_PPP/ha,1752.09,E,
104,'372,Ireland,6610,Agricultural land,7278,Value of agricultural production (Int. $) per Area,2018,2018,USD_PPP/ha,1725.97,E,
104,'372,Ireland,6610,Agricultural land,7278,Value of agricultural production (Int. $) per Area,2019,2019,USD_PPP/ha,1789.58,E,
104,'372,Ireland,6610,Agricultural land,7278,Value of agricultural production (Int. $) per Area,2020,2020,USD_PPP/ha,1820.01,E,
104,'372,Ireland,6610,Agricultural land,7278,Value of agricultural production (Int. $) per Area,2021,2021,USD_PPP/ha,1937.46,E,
104,'372,Ireland,6610,Agricultural land,7278,Value of agricultural production (Int. $) per Area,2022,2022,USD_PPP/ha,1971.76,E,
104,'372,Ireland,6610,Agricultural land,7278,Value of agricultural production (Int. $) per Area,2023,2023,USD_PPP/ha,1947.36,E,
104,'372,Ireland,6620,Cropland,5110,Area,1961,1961,1000 ha,654.6,I,
104,'372,Ireland,6620,Cropland,5110,Area,1962,1962,1000 ha,649.8,I,
104,'372,Ireland,6620,Cropland,5110,Area,1963,1963,1000 ha,618.1,I,
104,'372,Ireland,6620,Cropland,5110,Area,1964,1964,1000 ha,588.6,I,
104,'372,Ireland,6620,Cropland,5110,Area,1965,1965,1000 ha,570.3,I,
104,'372,Ireland,6620,Cropland,5110,Area,1966,1966,1000 ha,516.1,I,
104,'372,Ireland,6620,Cropland,5110,Area,1967,1967,1000 ha,531.1,I,
104,'372,Ireland,6620,Cropland,5110,Area,1968,1968,1000 ha,532.5,I,
104,'372,Ireland,6620,Cropland,5110,Area,1969,1969,1000 ha,518.3,I,
104,'372,Ireland,6620,Cropland,5110,Area,1970,1970,1000 ha,535.2,I,
104,'372,Ireland,6620,Cropland,5110,Area,1971,1971,1000 ha,537.5,I,
104,'372,Ireland,6620,Cropland,5110,Area,1972,1972,1000 ha,511.7,I,
104,'372,Ireland,6620,Cropland,5110,Area,1973,1973,1000 ha,484.2,I,
104,'372,Ireland,6620,Cropland,5110,Area,1974,1974,1000 ha,472.5,I,
104,'372,Ireland,6620,Cropland,5110,Area,1975,1975,1000 ha,459.5,I,
104,'372,Ireland,6620,Cropland,5110,Area,1976,1976,1000 ha,476.0,I,
104,'372,Ireland,6620,Cropland,5110,Area,1977,1977,1000 ha,504.8,I,
104,'372,Ireland,6620,Cropland,5110,Area,1978,1978,1000 ha,509.3,I,
104,'372,Ireland,6620,Cropland,5110,Area,1979,1979,1000 ha,520.2,I,
104,'372,Ireland,6620,Cropland,5110,Area,1980,1980,1000 ha,555.5,I,
104,'372,Ireland,6620,Cropland,5110,Area,1981,1981,1000 ha,533.1,I,
104,'372,Ireland,6620,Cropland,5110,Area,1982,1982,1000 ha,519.2,I,
104,'372,Ireland,6620,Cropland,5110,Area,1983,1983,1000 ha,500.5,I,
104,'372,Ireland,6620,Cropland,5110,Area,1984,1984,1000 ha,517.4,I,
104,'372,Ireland,6620,Cropland,5110,Area,1985,1985,1000 ha,507.6,I,
104,'372,Ireland,6620,Cropland,5110,Area,1986,1986,1000 ha,468.9,I,
104,'372,Ireland,6620,Cropland,5110,Area,1987,1987,1000 ha,441.0,I,
104,'372,Ireland,6620,Cropland,5110,Area,1988,1988,1000 ha,424.1,I,
104,'372,Ireland,6620,Cropland,5110,Area,1989,1989,1000 ha,417.4,I,
104,'372,Ireland,6620,Cropland,5110,Area,1990,1990,1000 ha,397.6,I,
104,'372,Ireland,6620,Cropland,5110,Area,1991,1991,1000 ha,394.7,I,
104,'372,Ireland,6620,Cropland,5110,Area,1992,1992,1000 ha,395.9,I,
104,'372,Ireland,6620,Cropland,5110,Area,1993,1993,1000 ha,406.9,I,
104,'372,Ireland,6620,Cropland,5110,Area,1994,1994,1000 ha,403.3,I,
104,'372,Ireland,6620,Cropland,5110,Area,1995,1995,1000 ha,399.6,I,
104,'372,Ireland,6620,Cropland,5110,Area,1996,1996,1000 ha,406.7,I,
104,'372,Ireland,6620,Cropland,5110,Area,1997,1997,1000 ha,427.8,I,
104,'372,Ireland,6620,Cropland,5110,Area,1998,1998,1000 ha,448.9,I,
104,'372,Ireland,6620,Cropland,5110,Area,1999,1999,1000 ha,470.0,I,
104,'372,Ireland,6620,Cropland,5110,Area,2000,2000,1000 ha,490.1,I,
104,'372,Ireland,6620,Cropland,5110,Area,2001,2001,1000 ha,511.2,I,
104,'372,Ireland,6620,Cropland,5110,Area,2002,2002,1000 ha,520.2,I,
104,'372,Ireland,6620,Cropland,5110,Area,2003,2003,1000 ha,533.23,I,
104,'372,Ireland,6620,Cropland,5110,Area,2004,2004,1000 ha,523.65,I,
104,'372,Ireland,6620,Cropland,5110,Area,2005,2005,1000 ha,491.69,I,
104,'372,Ireland,6620,Cropland,5110,Area,2006,2006,1000 ha,470.08,I,
104,'372,Ireland,6620,Cropland,5110,Area,2007,2007,1000 ha,468.45,I,
104,'372,Ireland,6620,Cropland,5110,Area,2008,2008,1000 ha,488.35,I,
104,'372,Ireland,6620,Cropland,5110,Area,2009,2009,1000 ha,465.59,I,
104,'372,Ireland,6620,Cropland,5110,Area,2010,2010,1000 ha,440.84,I,
104,'372,Ireland,6620,Cropland,5110,Area,2011,2011,1000 ha,460.14,I,
104,'372,Ireland,6620,Cropland,5110,Area,2012,2012,1000 ha,483.61,I,
104,'372,Ireland,6620,Cropland,5110,Area,2013,2013,1000 ha,475.04,I,
104,'372,Ireland,6620,Cropland,5110,Area,2014,2014,1000 ha,466.18,I,
104,'372,Ireland,6620,Cropland,5110,Area,2015,2015,1000 ha,454.0,A,
104,'372,Ireland,6620,Cropland,5110,Area,2016,2016,1000 ha,462.0,A,
104,'372,Ireland,6620,Cropland,5110,Area,2017,2017,1000 ha,462.0,A,
104,'372,Ireland,6620,Cropland,5110,Area,2018,2018,1000 ha,452.0,A,
104,'372,Ireland,6620,Cropland,5110,Area,2019,2019,1000 ha,444.0,A,
104,'372,Ireland,6620,Cropland,5110,Area,2020,2020,1000 ha,445.0,A,
104,'372,Ireland,6620,Cropland,5110,Area,2021,2021,1000 ha,437.0,A,
104,'372,Ireland,6620,Cropland,5110,Area,2022,2022,1000 ha,447.0,A,
104,'372,Ireland,6620,Cropland,5110,Area,2023,2023,1000 ha,441.0,A,
104,'372,Ireland,6620,Cropland,7208,Share in Agricultural land,1961,1961,%,14.36,E,
104,'372,Ireland,6620,Cropland,7208,Share in Agricultural land,1962,1962,%,14.08,E,
104,'372,Ireland,6620,Cropland,7208,Share in Agricultural land,1963,1963,%,13.39,E,
104,'372,Ireland,6620,Cropland,7208,Share in Agricultural land,1964,1964,%,12.63,E,
104,'372,Ireland,6620,Cropland,7208,Share in Agricultural land,1965,1965,%,12.11,E,
104,'372,Ireland,6620,Cropland,7208,Share in Agricultural land,1966,1966,%,10.86,E,
104,'372,Ireland,6620,Cropland,7208,Share in Agricultural land,1967,1967,%,11.1,E,
104,'372,Ireland,6620,Cropland,7208,Share in Agricultural land,1968,1968,%,11.09,E,
104,'372,Ireland,6620,Cropland,7208,Share in Agricultural land,1969,1969,%,10.76,E,
104,'372,Ireland,6620,Cropland,7208,Share in Agricultural land,1970,1970,%,11.16,E,
104,'372,Ireland,6620,Cropland,7208,Share in Agricultural land,1971,1971,%,11.14,E,
104,'372,Ireland,6620,Cropland,7208,Share in Agricultural land,1972,1972,%,10.6,E,
104,'372,Ireland,6620,Cropland,7208,Share in Agricultural land,1973,1973,%,10.0,E,
104,'372,Ireland,6620,Cropland,7208,Share in Agricultural land,1974,1974,%,9.74,E,
104,'372,Ireland,6620,Cropland,7208,Share in Agricultural land,1975,1975,%,9.5,E,
104,'372,Ireland,6620,Cropland,7208,Share in Agricultural land,1976,1976,%,9.81,E,
104,'372,Ireland,6620,Cropland,7208,Share in Agricultural land,1977,1977,%,10.34,E,
104,'372,Ireland,6620,Cropland,7208,Share in Agricultural land,1978,1978,%,10.43,E,
104,'372,Ireland,6620,Cropland,7208,Share in Agricultural land,1979,1979,%,10.62,E,
104,'372,Ireland,6620,Cropland,7208,Share in Agricultural land,1980,1980,%,11.26,E,
104,'372,Ireland,6620,Cropland,7208,Share in Agricultural land,1981,1981,%,10.86,E,
104,'372,Ireland,6620,Cropland,7208,Share in Agricultural land,1982,1982,%,10.61,E,
104,'372,Ireland,6620,Cropland,7208,Share in Agricultural land,1983,1983,%,10.26,E,
104,'372,Ireland,6620,Cropland,7208,Share in Agricultural land,1984,1984,%,10.57,E,
104,'372,Ireland,6620,Cropland,7208,Share in Agricultural land,1985,1985,%,10.39,E,
104,'372,Ireland,6620,Cropland,7208,Share in Agricultural land,1986,1986,%,9.68,E,
104,'372,Ireland,6620,Cropland,7208,Share in Agricultural land,1987,1987,%,9.16,E,
104,'372,Ireland,6620,Cropland,7208,Share in Agricultural land,1988,1988,%,8.83,E,
104,'372,Ireland,6620,Cropland,7208,Share in Agricultural land,1989,1989,%,8.93,E,
104,'372,Ireland,6620,Cropland,7208,Share in Agricultural land,1990,1990,%,8.76,E,
104,'372,Ireland,6620,Cropland,7208,Share in Agricultural land,1991,1991,%,8.88,E,
104,'372,Ireland,6620,Cropland,7208,Share in Agricultural land,1992,1992,%,8.96,E,
104,'372,Ireland,6620,Cropland,7208,Share in Agricultural land,1993,1993,%,9.23,E,
104,'372,Ireland,6620,Cropland,7208,Share in Agricultural land,1994,1994,%,9.18,E,
104,'372,Ireland,6620,Cropland,7208,Share in Agricultural land,1995,1995,%,9.11,E,
104,'372,Ireland,6620,Cropland,7208,Share in Agricultural land,1996,1996,%,9.37,E,
104,'372,Ireland,6620,Cropland,7208,Share in Agricultural land,1997,1997,%,9.82,E,
104,'372,Ireland,6620,Cropland,7208,Share in Agricultural land,1998,1998,%,10.27,E,
104,'372,Ireland,6620,Cropland,7208,Share in Agricultural land,1999,1999,%,10.72,E,
104,'372,Ireland,6620,Cropland,7208,Share in Agricultural land,2000,2000,%,11.15,E,
104,'372,Ireland,6620,Cropland,7208,Share in Agricultural land,2001,2001,%,11.59,E,
104,'372,Ireland,6620,Cropland,7208,Share in Agricultural land,2002,2002,%,11.9,E,
104,'372,Ireland,6620,Cropland,7208,Share in Agricultural land,2003,2003,%,12.2,E,
104,'372,Ireland,6620,Cropland,7208,Share in Agricultural land,2004,2004,%,12.16,E,
104,'372,Ireland,6620,Cropland,7208,Share in Agricultural land,2005,2005,%,11.43,E,
104,'372,Ireland,6620,Cropland,7208,Share in Agricultural land,2006,2006,%,11.03,E,
104,'372,Ireland,6620,Cropland,7208,Share in Agricultural land,2007,2007,%,10.96,E,
104,'372,Ireland,6620,Cropland,7208,Share in Agricultural land,2008,2008,%,10.55,E,
104,'372,Ireland,6620,Cropland,7208,Share in Agricultural land,2009,2009,%,10.13,E,
104,'372,Ireland,6620,Cropland,7208,Share in Agricultural land,2010,2010,%,9.65,E,
104,'372,Ireland,6620,Cropland,7208,Share in Agricultural land,2011,2011,%,10.1,E,
104,'372,Ireland,6620,Cropland,7208,Share in Agricultural land,2012,2012,%,10.67,E,
104,'372,Ireland,6620,Cropland,7208,Share in Agricultural land,2013,2013,%,10.61,E,
104,'372,Ireland,6620,Cropland,7208,Share in Agricultural land,2014,2014,%,10.44,E,
104,'372,Ireland,6620,Cropland,7208,Share in Agricultural land,2015,2015,%,10.25,A,
104,'372,Ireland,6620,Cropland,7208,Share in Agricultural land,2016,2016,%,10.36,A,
104,'372,Ireland,6620,Cropland,7208,Share in Agricultural land,2017,2017,%,10.29,A,
104,'372,Ireland,6620,Cropland,7208,Share in Agricultural land,2018,2018,%,10.01,A,
104,'372,Ireland,6620,Cropland,7208,Share in Agricultural land,2019,2019,%,9.81,A,
104,'372,Ireland,6620,Cropland,7208,Share in Agricultural land,2020,2020,%,9.86,A,
104,'372,Ireland,6620,Cropland,7208,Share in Agricultural land,2021,2021,%,10.08,A,
104,'372,Ireland,6620,Cropland,7208,Share in Agricultural land,2022,2022,%,10.28,A,
104,'372,Ireland,6620,Cropland,7208,Share in Agricultural land,2023,2023,%,10.53,A,
104,'372,Ireland,6620,Cropland,7209,Share in Land area,1961,1961,%,9.5,E,
104,'372,Ireland,6620,Cropland,7209,Share in Land area,1962,1962,%,9.43,E,
104,'372,Ireland,6620,Cropland,7209,Share in Land area,1963,1963,%,8.97,E,
104,'372,Ireland,6620,Cropland,7209,Share in Land area,1964,1964,%,8.54,E,
104,'372,Ireland,6620,Cropland,7209,Share in Land area,1965,1965,%,8.28,E,
104,'372,Ireland,6620,Cropland,7209,Share in Land area,1966,1966,%,7.49,E,
104,'372,Ireland,6620,Cropland,7209,Share in Land area,1967,1967,%,7.71,E,
104,'372,Ireland,6620,Cropland,7209,Share in Land area,1968,1968,%,7.73,E,
104,'372,Ireland,6620,Cropland,7209,Share in Land area,1969,1969,%,7.52,E,
104,'372,Ireland,6620,Cropland,7209,Share in Land area,1970,1970,%,7.77,E,
104,'372,Ireland,6620,Cropland,7209,Share in Land area,1971,1971,%,7.8,E,
104,'372,Ireland,6620,Cropland,7209,Share in Land area,1972,1972,%,7.43,E,
104,'372,Ireland,6620,Cropland,7209,Share in Land area,1973,1973,%,7.03,E,
104,'372,Ireland,6620,Cropland,7209,Share in Land area,1974,1974,%,6.86,E,
104,'372,Ireland,6620,Cropland,7209,Share in Land area,1975,1975,%,6.67,E,
104,'372,Ireland,6620,Cropland,7209,Share in Land area,1976,1976,%,6.91,E,
104,'372,Ireland,6620,Cropland,7209,Share in Land area,1977,1977,%,7.33,E,
104,'372,Ireland,6620,Cropland,7209,Share in Land area,1978,1978,%,7.39,E,
104,'372,Ireland,6620,Cropland,7209,Share in Land area,1979,1979,%,7.55,E,
104,'372,Ireland,6620,Cropland,7209,Share in Land area,1980,1980,%,8.06,E,
104,'372,Ireland,6620,Cropland,7209,Share in Land area,1981,1981,%,7.74,E,
104,'372,Ireland,6620,Cropland,7209,Share in Land area,1982,1982,%,7.54,E,
104,'372,Ireland,6620,Cropland,7209,Share in Land area,1983,1983,%,7.27,E,
104,'372,Ireland,6620,Cropland,7209,Share in Land area,1984,1984,%,7.51,E,
104,'372,Ireland,6620,Cropland,7209,Share in Land area,1985,1985,%,7.37,E,
104,'372,Ireland,6620,Cropland,7209,Share in Land area,1986,1986,%,6.81,E,
104,'372,Ireland,6620,Cropland,7209,Share in Land area,1987,1987,%,6.4,E,
104,'372,Ireland,6620,Cropland,7209,Share in Land area,1988,1988,%,6.16,E,
104,'372,Ireland,6620,Cropland,7209,Share in Land area,1989,1989,%,6.06,E,
104,'372,Ireland,6620,Cropland,7209,Share in Land area,1990,1990,%,5.77,E,
104,'372,Ireland,6620,Cropland,7209,Share in Land area,1991,1991,%,5.73,E,
104,'372,Ireland,6620,Cropland,7209,Share in Land area,1992,1992,%,5.75,E,
104,'372,Ireland,6620,Cropland,7209,Share in Land area,1993,1993,%,5.91,E,
104,'372,Ireland,6620,Cropland,7209,Share in Land area,1994,1994,%,5.85,E,
104,'372,Ireland,6620,Cropland,7209,Share in Land area,1995,1995,%,5.8,E,
104,'372,Ireland,6620,Cropland,7209,Share in Land area,1996,1996,%,5.9,E,
104,'372,Ireland,6620,Cropland,7209,Share in Land area,1997,1997,%,6.21,E,
104,'372,Ireland,6620,Cropland,7209,Share in Land area,1998,1998,%,6.52,E,
104,'372,Ireland,6620,Cropland,7209,Share in Land area,1999,1999,%,6.82,E,
104,'372,Ireland,6620,Cropland,7209,Share in Land area,2000,2000,%,7.11,E,
104,'372,Ireland,6620,Cropland,7209,Share in Land area,2001,2001,%,7.42,E,
104,'372,Ireland,6620,Cropland,7209,Share in Land area,2002,2002,%,7.55,E,
104,'372,Ireland,6620,Cropland,7209,Share in Land area,2003,2003,%,7.74,E,
104,'372,Ireland,6620,Cropland,7209,Share in Land area,2004,2004,%,7.6,E,
104,'372,Ireland,6620,Cropland,7209,Share in Land area,2005,2005,%,7.14,E,
104,'372,Ireland,6620,Cropland,7209,Share in Land area,2006,2006,%,6.82,E,
104,'372,Ireland,6620,Cropland,7209,Share in Land area,2007,2007,%,6.8,E,
104,'372,Ireland,6620,Cropland,7209,Share in Land area,2008,2008,%,7.09,E,
104,'372,Ireland,6620,Cropland,7209,Share in Land area,2009,2009,%,6.76,E,
104,'372,Ireland,6620,Cropland,7209,Share in Land area,2010,2010,%,6.4,E,
104,'372,Ireland,6620,Cropland,7209,Share in Land area,2011,2011,%,6.68,E,
104,'372,Ireland,6620,Cropland,7209,Share in Land area,2012,2012,%,7.02,E,
104,'372,Ireland,6620,Cropland,7209,Share in Land area,2013,2013,%,6.9,E,
104,'372,Ireland,6620,Cropland,7209,Share in Land area,2014,2014,%,6.77,E,
104,'372,Ireland,6620,Cropland,7209,Share in Land area,2015,2015,%,6.59,A,
104,'372,Ireland,6620,Cropland,7209,Share in Land area,2016,2016,%,6.71,A,
104,'372,Ireland,6620,Cropland,7209,Share in Land area,2017,2017,%,6.71,A,
104,'372,Ireland,6620,Cropland,7209,Share in Land area,2018,2018,%,6.56,A,
104,'372,Ireland,6620,Cropland,7209,Share in Land area,2019,2019,%,6.45,A,
104,'372,Ireland,6620,Cropland,7209,Share in Land area,2020,2020,%,6.46,A,
104,'372,Ireland,6620,Cropland,7209,Share in Land area,2021,2021,%,6.34,A,
104,'372,Ireland,6620,Cropland,7209,Share in Land area,2022,2022,%,6.49,A,
104,'372,Ireland,6620,Cropland,7209,Share in Land area,2023,2023,%,6.4,A,
104,'372,Ireland,6620,Cropland,7277,Area per capita,1961,1961,ha/cap,0.2317,E,
104,'372,Ireland,6620,Cropland,7277,Area per capita,1962,1962,ha/cap,0.2295,E,
104,'372,Ireland,6620,Cropland,7277,Area per capita,1963,1963,ha/cap,0.2174,E,
104,'372,Ireland,6620,Cropland,7277,Area per capita,1964,1964,ha/cap,0.206,E,
104,'372,Ireland,6620,Cropland,7277,Area per capita,1965,1965,ha/cap,0.1985,E,
104,'372,Ireland,6620,Cropland,7277,Area per capita,1966,1966,ha/cap,0.1787,E,
104,'372,Ireland,6620,Cropland,7277,Area per capita,1967,1967,ha/cap,0.1828,E,
104,'372,Ireland,6620,Cropland,7277,Area per capita,1968,1968,ha/cap,0.1822,E,
104,'372,Ireland,6620,Cropland,7277,Area per capita,1969,1969,ha/cap,0.1762,E,
104,'372,Ireland,6620,Cropland,7277,Area per capita,1970,1970,ha/cap,0.1807,E,
104,'372,Ireland,6620,Cropland,7277,Area per capita,1971,1971,ha/cap,0.1796,E,
104,'372,Ireland,6620,Cropland,7277,Area per capita,1972,1972,ha/cap,0.1685,E,
104,'372,Ireland,6620,Cropland,7277,Area per capita,1973,1973,ha/cap,0.157,E,
104,'372,Ireland,6620,Cropland,7277,Area per capita,1974,1974,ha/cap,0.1509,E,
104,'372,Ireland,6620,Cropland,7277,Area per capita,1975,1975,ha/cap,0.1445,E,
104,'372,Ireland,6620,Cropland,7277,Area per capita,1976,1976,ha/cap,0.1474,E,
104,'372,Ireland,6620,Cropland,7277,Area per capita,1977,1977,ha/cap,0.154,E,
104,'372,Ireland,6620,Cropland,7277,Area per capita,1978,1978,ha/cap,0.153,E,
104,'372,Ireland,6620,Cropland,7277,Area per capita,1979,1979,ha/cap,0.1541,E,
104,'372,Ireland,6620,Cropland,7277,Area per capita,1980,1980,ha/cap,0.1627,E,
104,'372,Ireland,6620,Cropland,7277,Area per capita,1981,1981,ha/cap,0.1546,E,
104,'372,Ireland,6620,Cropland,7277,Area per capita,1982,1982,ha/cap,0.1494,E,
104,'372,Ireland,6620,Cropland,7277,Area per capita,1983,1983,ha/cap,0.1431,E,
104,'372,Ireland,6620,Cropland,7277,Area per capita,1984,1984,ha/cap,0.1472,E,
104,'372,Ireland,6620,Cropland,7277,Area per capita,1985,1985,ha/cap,0.1437,E,
104,'372,Ireland,6620,Cropland,7277,Area per capita,1986,1986,ha/cap,0.1324,E,
104,'372,Ireland,6620,Cropland,7277,Area per capita,1987,1987,ha/cap,0.1246,E,
104,'372,Ireland,6620,Cropland,7277,Area per capita,1988,1988,ha/cap,0.1203,E,
104,'372,Ireland,6620,Cropland,7277,Area per capita,1989,1989,ha/cap,0.1189,E,
104,'372,Ireland,6620,Cropland,7277,Area per capita,1990,1990,ha/cap,0.1131,E,
104,'372,Ireland,6620,Cropland,7277,Area per capita,1991,1991,ha/cap,0.1117,E,
104,'372,Ireland,6620,Cropland,7277,Area per capita,1992,1992,ha/cap,0.1113,E,
104,'372,Ireland,6620,Cropland,7277,Area per capita,1993,1993,ha/cap,0.1138,E,
104,'372,Ireland,6620,Cropland,7277,Area per capita,1994,1994,ha/cap,0.1123,E,
104,'372,Ireland,6620,Cropland,7277,Area per capita,1995,1995,ha/cap,0.1107,E,
104,'372,Ireland,6620,Cropland,7277,Area per capita,1996,1996,ha/cap,0.1118,E,
104,'372,Ireland,6620,Cropland,7277,Area per capita,1997,1997,ha/cap,0.1165,E,
104,'372,Ireland,6620,Cropland,7277,Area per capita,1998,1998,ha/cap,0.121,E,
104,'372,Ireland,6620,Cropland,7277,Area per capita,1999,1999,ha/cap,0.1252,E,
104,'372,Ireland,6620,Cropland,7277,Area per capita,2000,2000,ha/cap,0.1289,E,
104,'372,Ireland,6620,Cropland,7277,Area per capita,2001,2001,ha/cap,0.1323,E,
104,'372,Ireland,6620,Cropland,7277,Area per capita,2002,2002,ha/cap,0.1324,E,
104,'372,Ireland,6620,Cropland,7277,Area per capita,2003,2003,ha/cap,0.1335,E,
104,'372,Ireland,6620,Cropland,7277,Area per capita,2004,2004,ha/cap,0.1288,E,
104,'372,Ireland,6620,Cropland,7277,Area per capita,2005,2005,ha/cap,0.1183,E,
104,'372,Ireland,6620,Cropland,7277,Area per capita,2006,2006,ha/cap,0.1101,E,
104,'372,Ireland,6620,Cropland,7277,Area per capita,2007,2007,ha/cap,0.1066,E,
104,'372,Ireland,6620,Cropland,7277,Area per capita,2008,2008,ha/cap,0.1089,E,
104,'372,Ireland,6620,Cropland,7277,Area per capita,2009,2009,ha/cap,0.1027,E,
104,'372,Ireland,6620,Cropland,7277,Area per capita,2010,2010,ha/cap,0.0967,E,
104,'372,Ireland,6620,Cropland,7277,Area per capita,2011,2011,ha/cap,0.1005,E,
104,'372,Ireland,6620,Cropland,7277,Area per capita,2012,2012,ha/cap,0.1051,E,
104,'372,Ireland,6620,Cropland,7277,Area per capita,2013,2013,ha/cap,0.1027,E,
104,'372,Ireland,6620,Cropland,7277,Area per capita,2014,2014,ha/cap,0.1001,E,
104,'372,Ireland,6620,Cropland,7277,Area per capita,2015,2015,ha/cap,0.0965,E,
104,'372,Ireland,6620,Cropland,7277,Area per capita,2016,2016,ha/cap,0.0972,E,
104,'372,Ireland,6620,Cropland,7277,Area per capita,2017,2017,ha/cap,0.096,E,
104,'372,Ireland,6620,Cropland,7277,Area per capita,2018,2018,ha/cap,0.0928,E,
104,'372,Ireland,6620,Cropland,7277,Area per capita,2019,2019,ha/cap,0.09,E,
104,'372,Ireland,6620,Cropland,7277,Area per capita,2020,2020,ha/cap,0.0893,E,
104,'372,Ireland,6620,Cropland,7277,Area per capita,2021,2021,ha/cap,0.0869,E,
104,'372,Ireland,6620,Cropland,7277,Area per capita,2022,2022,ha/cap,0.0875,E,
104,'372,Ireland,6620,Cropland,7277,Area per capita,2023,2023,ha/cap,0.0849,E,
104,'372,Ireland,6621,Arable land,5110,Area,1961,1961,1000 ha,651.6,I,
104,'372,Ireland,6621,Arable land,5110,Area,1962,1962,1000 ha,646.8,I,
104,'372,Ireland,6621,Arable land,5110,Area,1963,1963,1000 ha,615.1,I,
104,'372,Ireland,6621,Arable land,5110,Area,1964,1964,1000 ha,585.6,I,
104,'372,Ireland,6621,Arable land,5110,Area,1965,1965,1000 ha,567.3,I,
104,'372,Ireland,6621,Arable land,5110,Area,1966,1966,1000 ha,513.1,I,
104,'372,Ireland,6621,Arable land,5110,Area,1967,1967,1000 ha,528.1,I,
104,'372,Ireland,6621,Arable land,5110,Area,1968,1968,1000 ha,529.5,I,
104,'372,Ireland,6621,Arable land,5110,Area,1969,1969,1000 ha,515.3,I,
104,'372,Ireland,6621,Arable land,5110,Area,1970,1970,1000 ha,532.2,I,
104,'372,Ireland,6621,Arable land,5110,Area,1971,1971,1000 ha,535.5,I,
104,'372,Ireland,6621,Arable land,5110,Area,1972,1972,1000 ha,509.7,I,
104,'372,Ireland,6621,Arable land,5110,Area,1973,1973,1000 ha,482.2,I,
104,'372,Ireland,6621,Arable land,5110,Area,1974,1974,1000 ha,470.5,I,
104,'372,Ireland,6621,Arable land,5110,Area,1975,1975,1000 ha,457.5,I,
104,'372,Ireland,6621,Arable land,5110,Area,1976,1976,1000 ha,474.0,I,
104,'372,Ireland,6621,Arable land,5110,Area,1977,1977,1000 ha,502.8,I,
104,'372,Ireland,6621,Arable land,5110,Area,1978,1978,1000 ha,507.3,I,
104,'372,Ireland,6621,Arable land,5110,Area,1979,1979,1000 ha,518.2,I,
104,'372,Ireland,6621,Arable land,5110,Area,1980,1980,1000 ha,553.5,I,
104,'372,Ireland,6621,Arable land,5110,Area,1981,1981,1000 ha,531.1,I,
104,'372,Ireland,6621,Arable land,5110,Area,1982,1982,1000 ha,517.2,I,
104,'372,Ireland,6621,Arable land,5110,Area,1983,1983,1000 ha,497.5,I,
104,'372,Ireland,6621,Arable land,5110,Area,1984,1984,1000 ha,514.4,I,
104,'372,Ireland,6621,Arable land,5110,Area,1985,1985,1000 ha,504.6,I,
104,'372,Ireland,6621,Arable land,5110,Area,1986,1986,1000 ha,465.9,I,
104,'372,Ireland,6621,Arable land,5110,Area,1987,1987,1000 ha,438.0,I,
104,'372,Ireland,6621,Arable land,5110,Area,1988,1988,1000 ha,421.1,I,
104,'372,Ireland,6621,Arable land,5110,Area,1989,1989,1000 ha,414.4,I,
104,'372,Ireland,6621,Arable land,5110,Area,1990,1990,1000 ha,394.6,I,
104,'372,Ireland,6621,Arable land,5110,Area,1991,1991,1000 ha,391.7,I,
104,'372,Ireland,6621,Arable land,5110,Area,1992,1992,1000 ha,392.9,I,
104,'372,Ireland,6621,Arable land,5110,Area,1993,1993,1000 ha,403.9,I,
104,'372,Ireland,6621,Arable land,5110,Area,1994,1994,1000 ha,400.3,I,
104,'372,Ireland,6621,Arable land,5110,Area,1995,1995,1000 ha,396.6,I,
104,'372,Ireland,6621,Arable land,5110,Area,1996,1996,1000 ha,403.7,I,
104,'372,Ireland,6621,Arable land,5110,Area,1997,1997,1000 ha,424.8,I,
104,'372,Ireland,6621,Arable land,5110,Area,1998,1998,1000 ha,445.9,I,
104,'372,Ireland,6621,Arable land,5110,Area,1999,1999,1000 ha,467.0,I,
104,'372,Ireland,6621,Arable land,5110,Area,2000,2000,1000 ha,488.1,I,
104,'372,Ireland,6621,Arable land,5110,Area,2001,2001,1000 ha,509.2,I,
104,'372,Ireland,6621,Arable land,5110,Area,2002,2002,1000 ha,518.2,I,
104,'372,Ireland,6621,Arable land,5110,Area,2003,2003,1000 ha,531.23,A,
104,'372,Ireland,6621,Arable land,5110,Area,2004,2004,1000 ha,521.65,I,
104,'372,Ireland,6621,Arable land,5110,Area,2005,2005,1000 ha,488.69,I,
104,'372,Ireland,6621,Arable land,5110,Area,2006,2006,1000 ha,467.08,I,
104,'372,Ireland,6621,Arable land,5110,Area,2007,2007,1000 ha,465.45,I,
104,'372,Ireland,6621,Arable land,5110,Area,2008,2008,1000 ha,485.65,I,
104,'372,Ireland,6621,Arable land,5110,Area,2009,2009,1000 ha,462.59,I,
104,'372,Ireland,6621,Arable land,5110,Area,2010,2010,1000 ha,438.84,I,
104,'372,Ireland,6621,Arable land,5110,Area,2011,2011,1000 ha,459.14,I,
104,'372,Ireland,6621,Arable land,5110,Area,2012,2012,1000 ha,482.61,I,
104,'372,Ireland,6621,Arable land,5110,Area,2013,2013,1000 ha,474.04,I,
104,'372,Ireland,6621,Arable land,5110,Area,2014,2014,1000 ha,465.18,I,
104,'372,Ireland,6621,Arable land,5110,Area,2015,2015,1000 ha,453.0,A,
104,'372,Ireland,6621,Arable land,5110,Area,2016,2016,1000 ha,461.0,A,
104,'372,Ireland,6621,Arable land,5110,Area,2017,2017,1000 ha,461.0,A,
104,'372,Ireland,6621,Arable land,5110,Area,2018,2018,1000 ha,451.0,A,
104,'372,Ireland,6621,Arable land,5110,Area,2019,2019,1000 ha,443.0,A,
104,'372,Ireland,6621,Arable land,5110,Area,2020,2020,1000 ha,444.0,A,
104,'372,Ireland,6621,Arable land,5110,Area,2021,2021,1000 ha,436.0,A,
104,'372,Ireland,6621,Arable land,5110,Area,2022,2022,1000 ha,446.0,A,
104,'372,Ireland,6621,Arable land,5110,Area,2023,2023,1000 ha,439.0,A,
104,'372,Ireland,6621,Arable land,7208,Share in Agricultural land,1961,1961,%,14.3,E,
104,'372,Ireland,6621,Arable land,7208,Share in Agricultural land,1962,1962,%,14.02,E,
104,'372,Ireland,6621,Arable land,7208,Share in Agricultural land,1963,1963,%,13.32,E,
104,'372,Ireland,6621,Arable land,7208,Share in Agricultural land,1964,1964,%,12.57,E,
104,'372,Ireland,6621,Arable land,7208,Share in Agricultural land,1965,1965,%,12.05,E,
104,'372,Ireland,6621,Arable land,7208,Share in Agricultural land,1966,1966,%,10.79,E,
104,'372,Ireland,6621,Arable land,7208,Share in Agricultural land,1967,1967,%,11.04,E,
104,'372,Ireland,6621,Arable land,7208,Share in Agricultural land,1968,1968,%,11.02,E,
104,'372,Ireland,6621,Arable land,7208,Share in Agricultural land,1969,1969,%,10.7,E,
104,'372,Ireland,6621,Arable land,7208,Share in Agricultural land,1970,1970,%,11.1,E,
104,'372,Ireland,6621,Arable land,7208,Share in Agricultural land,1971,1971,%,11.1,E,
104,'372,Ireland,6621,Arable land,7208,Share in Agricultural land,1972,1972,%,10.56,E,
104,'372,Ireland,6621,Arable land,7208,Share in Agricultural land,1973,1973,%,9.96,E,
104,'372,Ireland,6621,Arable land,7208,Share in Agricultural land,1974,1974,%,9.7,E,
104,'372,Ireland,6621,Arable land,7208,Share in Agricultural land,1975,1975,%,9.46,E,
104,'372,Ireland,6621,Arable land,7208,Share in Agricultural land,1976,1976,%,9.77,E,
104,'372,Ireland,6621,Arable land,7208,Share in Agricultural land,1977,1977,%,10.3,E,
104,'372,Ireland,6621,Arable land,7208,Share in Agricultural land,1978,1978,%,10.38,E,
104,'372,Ireland,6621,Arable land,7208,Share in Agricultural land,1979,1979,%,10.58,E,
104,'372,Ireland,6621,Arable land,7208,Share in Agricultural land,1980,1980,%,11.22,E,
104,'372,Ireland,6621,Arable land,7208,Share in Agricultural land,1981,1981,%,10.82,E,
104,'372,Ireland,6621,Arable land,7208,Share in Agricultural land,1982,1982,%,10.57,E,
104,'372,Ireland,6621,Arable land,7208,Share in Agricultural land,1983,1983,%,10.2,E,
104,'372,Ireland,6621,Arable land,7208,Share in Agricultural land,1984,1984,%,10.51,E,
104,'372,Ireland,6621,Arable land,7208,Share in Agricultural land,1985,1985,%,10.33,E,
104,'372,Ireland,6621,Arable land,7208,Share in Agricultural land,1986,1986,%,9.62,E,
104,'372,Ireland,6621,Arable land,7208,Share in Agricultural land,1987,1987,%,9.09,E,
104,'372,Ireland,6621,Arable land,7208,Share in Agricultural land,1988,1988,%,8.77,E,
104,'372,Ireland,6621,Arable land,7208,Share in Agricultural land,1989,1989,%,8.86,E,
104,'372,Ireland,6621,Arable land,7208,Share in Agricultural land,1990,1990,%,8.7,E,
104,'372,Ireland,6621,Arable land,7208,Share in Agricultural land,1991,1991,%,8.81,E,
104,'372,Ireland,6621,Arable land,7208,Share in Agricultural land,1992,1992,%,8.9,E,
104,'372,Ireland,6621,Arable land,7208,Share in Agricultural land,1993,1993,%,9.16,E,
104,'372,Ireland,6621,Arable land,7208,Share in Agricultural land,1994,1994,%,9.11,E,
104,'372,Ireland,6621,Arable land,7208,Share in Agricultural land,1995,1995,%,9.04,E,
104,'372,Ireland,6621,Arable land,7208,Share in Agricultural land,1996,1996,%,9.3,E,
104,'372,Ireland,6621,Arable land,7208,Share in Agricultural land,1997,1997,%,9.75,E,
104,'372,Ireland,6621,Arable land,7208,Share in Agricultural land,1998,1998,%,10.2,E,
104,'372,Ireland,6621,Arable land,7208,Share in Agricultural land,1999,1999,%,10.65,E,
104,'372,Ireland,6621,Arable land,7208,Share in Agricultural land,2000,2000,%,11.1,E,
104,'372,Ireland,6621,Arable land,7208,Share in Agricultural land,2001,2001,%,11.55,E,
104,'372,Ireland,6621,Arable land,7208,Share in Agricultural land,2002,2002,%,11.85,E,
104,'372,Ireland,6621,Arable land,7208,Share in Agricultural land,2003,2003,%,12.16,A,
104,'372,Ireland,6621,Arable land,7208,Share in Agricultural land,2004,2004,%,12.12,E,
104,'372,Ireland,6621,Arable land,7208,Share in Agricultural land,2005,2005,%,11.36,E,
104,'372,Ireland,6621,Arable land,7208,Share in Agricultural land,2006,2006,%,10.96,E,
104,'372,Ireland,6621,Arable land,7208,Share in Agricultural land,2007,2007,%,10.89,E,
104,'372,Ireland,6621,Arable land,7208,Share in Agricultural land,2008,2008,%,10.49,E,
104,'372,Ireland,6621,Arable land,7208,Share in Agricultural land,2009,2009,%,10.07,E,
104,'372,Ireland,6621,Arable land,7208,Share in Agricultural land,2010,2010,%,9.61,E,
104,'372,Ireland,6621,Arable land,7208,Share in Agricultural land,2011,2011,%,10.08,E,
104,'372,Ireland,6621,Arable land,7208,Share in Agricultural land,2012,2012,%,10.65,E,
104,'372,Ireland,6621,Arable land,7208,Share in Agricultural land,2013,2013,%,10.59,E,
104,'372,Ireland,6621,Arable land,7208,Share in Agricultural land,2014,2014,%,10.42,E,
104,'372,Ireland,6621,Arable land,7208,Share in Agricultural land,2015,2015,%,10.23,A,
104,'372,Ireland,6621,Arable land,7208,Share in Agricultural land,2016,2016,%,10.33,A,
104,'372,Ireland,6621,Arable land,7208,Share in Agricultural land,2017,2017,%,10.27,A,
104,'372,Ireland,6621,Arable land,7208,Share in Agricultural land,2018,2018,%,9.99,A,
104,'372,Ireland,6621,Arable land,7208,Share in Agricultural land,2019,2019,%,9.79,A,
104,'372,Ireland,6621,Arable land,7208,Share in Agricultural land,2020,2020,%,9.84,A,
104,'372,Ireland,6621,Arable land,7208,Share in Agricultural land,2021,2021,%,10.05,A,
104,'372,Ireland,6621,Arable land,7208,Share in Agricultural land,2022,2022,%,10.26,A,
104,'372,Ireland,6621,Arable land,7208,Share in Agricultural land,2023,2023,%,10.48,A,
104,'372,Ireland,6630,Temporary crops,5110,Area,2001,2001,1000 ha,413.0,A,
104,'372,Ireland,6630,Temporary crops,5110,Area,2002,2002,1000 ha,422.0,A,
104,'372,Ireland,6630,Temporary crops,5110,Area,2003,2003,1000 ha,434.0,A,
104,'372,Ireland,6630,Temporary crops,5110,Area,2004,2004,1000 ha,422.0,A,
104,'372,Ireland,6630,Temporary crops,5110,Area,2005,2005,1000 ha,398.0,A,
104,'372,Ireland,6630,Temporary crops,5110,Area,2006,2006,1000 ha,378.0,A,
104,'372,Ireland,6630,Temporary crops,5110,Area,2007,2007,1000 ha,377.0,A,
104,'372,Ireland,6630,Temporary crops,5110,Area,2008,2008,1000 ha,416.0,A,
104,'372,Ireland,6630,Temporary crops,5110,Area,2009,2009,1000 ha,399.0,A,
104,'372,Ireland,6630,Temporary crops,5110,Area,2010,2010,1000 ha,352.0,A,
104,'372,Ireland,6630,Temporary crops,5110,Area,2011,2011,1000 ha,364.0,A,
104,'372,Ireland,6630,Temporary crops,5110,Area,2012,2012,1000 ha,381.0,A,
104,'372,Ireland,6630,Temporary crops,5110,Area,2013,2013,1000 ha,376.0,A,
104,'372,Ireland,6630,Temporary crops,5110,Area,2014,2014,1000 ha,366.0,A,
104,'372,Ireland,6630,Temporary crops,5110,Area,2015,2015,1000 ha,358.0,A,
104,'372,Ireland,6630,Temporary crops,5110,Area,2016,2016,1000 ha,365.0,A,
104,'372,Ireland,6630,Temporary crops,5110,Area,2017,2017,1000 ha,364.0,A,
104,'372,Ireland,6630,Temporary crops,5110,Area,2018,2018,1000 ha,356.0,A,
104,'372,Ireland,6630,Temporary crops,5110,Area,2019,2019,1000 ha,355.0,A,
104,'372,Ireland,6630,Temporary crops,5110,Area,2020,2020,1000 ha,358.0,A,
104,'372,Ireland,6630,Temporary crops,5110,Area,2021,2021,1000 ha,361.0,A,
104,'372,Ireland,6630,Temporary crops,5110,Area,2022,2022,1000 ha,380.0,A,
104,'372,Ireland,6630,Temporary crops,5110,Area,2023,2023,1000 ha,371.0,A,
104,'372,Ireland,6633,Temporary meadows and pastures,5110,Area,2001,2001,1000 ha,96.2,I,
104,'372,Ireland,6633,Temporary meadows and pastures,5110,Area,2002,2002,1000 ha,96.2,I,
104,'372,Ireland,6633,Temporary meadows and pastures,5110,Area,2003,2003,1000 ha,97.23,I,
104,'372,Ireland,6633,Temporary meadows and pastures,5110,Area,2004,2004,1000 ha,99.65,I,
104,'372,Ireland,6633,Temporary meadows and pastures,5110,Area,2005,2005,1000 ha,90.69,I,
104,'372,Ireland,6633,Temporary meadows and pastures,5110,Area,2006,2006,1000 ha,89.08,I,
104,'372,Ireland,6633,Temporary meadows and pastures,5110,Area,2007,2007,1000 ha,88.45,I,
104,'372,Ireland,6633,Temporary meadows and pastures,5110,Area,2008,2008,1000 ha,69.65,I,
104,'372,Ireland,6633,Temporary meadows and pastures,5110,Area,2009,2009,1000 ha,63.59,I,
104,'372,Ireland,6633,Temporary meadows and pastures,5110,Area,2010,2010,1000 ha,86.84,I,
104,'372,Ireland,6633,Temporary meadows and pastures,5110,Area,2011,2011,1000 ha,95.14,I,
104,'372,Ireland,6633,Temporary meadows and pastures,5110,Area,2012,2012,1000 ha,101.61,I,
104,'372,Ireland,6633,Temporary meadows and pastures,5110,Area,2013,2013,1000 ha,98.04,I,
104,'372,Ireland,6633,Temporary meadows and pastures,5110,Area,2014,2014,1000 ha,99.18,I,
104,'372,Ireland,6633,Temporary meadows and pastures,5110,Area,2015,2015,1000 ha,95.0,A,
104,'372,Ireland,6633,Temporary meadows and pastures,5110,Area,2016,2016,1000 ha,96.0,A,
104,'372,Ireland,6633,Temporary meadows and pastures,5110,Area,2017,2017,1000 ha,97.0,A,
104,'372,Ireland,6633,Temporary meadows and pastures,5110,Area,2018,2018,1000 ha,95.0,A,
104,'372,Ireland,6633,Temporary meadows and pastures,5110,Area,2019,2019,1000 ha,87.0,A,
104,'372,Ireland,6633,Temporary meadows and pastures,5110,Area,2020,2020,1000 ha,85.0,A,
104,'372,Ireland,6633,Temporary meadows and pastures,5110,Area,2021,2021,1000 ha,74.0,A,
104,'372,Ireland,6633,Temporary meadows and pastures,5110,Area,2022,2022,1000 ha,66.0,A,
104,'372,Ireland,6633,Temporary meadows and pastures,5110,Area,2023,2023,1000 ha,68.0,A,
104,'372,Ireland,6640,Temporary fallow,5110,Area,2001,2001,1000 ha,0.0,I,
104,'372,Ireland,6640,Temporary fallow,5110,Area,2002,2002,1000 ha,0.0,I,
104,'372,Ireland,6640,Temporary fallow,5110,Area,2003,2003,1000 ha,0.0,I,
104,'372,Ireland,6640,Temporary fallow,5110,Area,2004,2004,1000 ha,0.0,I,
104,'372,Ireland,6640,Temporary fallow,5110,Area,2005,2005,1000 ha,0.0,I,
104,'372,Ireland,6640,Temporary fallow,5110,Area,2006,2006,1000 ha,0.0,I,
104,'372,Ireland,6640,Temporary fallow,5110,Area,2007,2007,1000 ha,0.0,I,
104,'372,Ireland,6640,Temporary fallow,5110,Area,2008,2008,1000 ha,0.0,I,
104,'372,Ireland,6640,Temporary fallow,5110,Area,2009,2009,1000 ha,0.0,I,
104,'372,Ireland,6640,Temporary fallow,5110,Area,2010,2010,1000 ha,0.0,I,
104,'372,Ireland,6640,Temporary fallow,5110,Area,2011,2011,1000 ha,0.0,I,
104,'372,Ireland,6640,Temporary fallow,5110,Area,2012,2012,1000 ha,0.0,I,
104,'372,Ireland,6640,Temporary fallow,5110,Area,2013,2013,1000 ha,0.0,I,
104,'372,Ireland,6640,Temporary fallow,5110,Area,2014,2014,1000 ha,0.0,I,
104,'372,Ireland,6640,Temporary fallow,5110,Area,2015,2015,1000 ha,0.0,I,
104,'372,Ireland,6640,Temporary fallow,5110,Area,2016,2016,1000 ha,0.0,I,
104,'372,Ireland,6640,Temporary fallow,5110,Area,2017,2017,1000 ha,0.0,I,
104,'372,Ireland,6640,Temporary fallow,5110,Area,2018,2018,1000 ha,0.0,I,
104,'372,Ireland,6640,Temporary fallow,5110,Area,2019,2019,1000 ha,0.0,I,
104,'372,Ireland,6640,Temporary fallow,5110,Area,2020,2020,1000 ha,0.0,I,
104,'372,Ireland,6640,Temporary fallow,5110,Area,2021,2021,1000 ha,0.0,I,
104,'372,Ireland,6640,Temporary fallow,5110,Area,2022,2022,1000 ha,0.0,I,
104,'372,Ireland,6650,Permanent crops,5110,Area,1961,1961,1000 ha,3.0,I,
104,'372,Ireland,6650,Permanent crops,5110,Area,1962,1962,1000 ha,3.0,I,
104,'372,Ireland,6650,Permanent crops,5110,Area,1963,1963,1000 ha,3.0,I,
104,'372,Ireland,6650,Permanent crops,5110,Area,1964,1964,1000 ha,3.0,I,
104,'372,Ireland,6650,Permanent crops,5110,Area,1965,1965,1000 ha,3.0,I,
104,'372,Ireland,6650,Permanent crops,5110,Area,1966,1966,1000 ha,3.0,A,
104,'372,Ireland,6650,Permanent crops,5110,Area,1967,1967,1000 ha,3.0,A,
104,'372,Ireland,6650,Permanent crops,5110,Area,1968,1968,1000 ha,3.0,A,
104,'372,Ireland,6650,Permanent crops,5110,Area,1969,1969,1000 ha,3.0,A,
104,'372,Ireland,6650,Permanent crops,5110,Area,1970,1970,1000 ha,3.0,A,
104,'372,Ireland,6650,Permanent crops,5110,Area,1971,1971,1000 ha,2.0,I,
104,'372,Ireland,6650,Permanent crops,5110,Area,1972,1972,1000 ha,2.0,I,
104,'372,Ireland,6650,Permanent crops,5110,Area,1973,1973,1000 ha,2.0,I,
104,'372,Ireland,6650,Permanent crops,5110,Area,1974,1974,1000 ha,2.0,I,
104,'372,Ireland,6650,Permanent crops,5110,Area,1975,1975,1000 ha,2.0,A,
104,'372,Ireland,6650,Permanent crops,5110,Area,1976,1976,1000 ha,2.0,A,
104,'372,Ireland,6650,Permanent crops,5110,Area,1977,1977,1000 ha,2.0,A,
104,'372,Ireland,6650,Permanent crops,5110,Area,1978,1978,1000 ha,2.0,A,
104,'372,Ireland,6650,Permanent crops,5110,Area,1979,1979,1000 ha,2.0,I,
104,'372,Ireland,6650,Permanent crops,5110,Area,1980,1980,1000 ha,2.0,I,
104,'372,Ireland,6650,Permanent crops,5110,Area,1981,1981,1000 ha,2.0,I,
104,'372,Ireland,6650,Permanent crops,5110,Area,1982,1982,1000 ha,2.0,I,
104,'372,Ireland,6650,Permanent crops,5110,Area,1983,1983,1000 ha,3.0,A,
104,'372,Ireland,6650,Permanent crops,5110,Area,1984,1984,1000 ha,3.0,A,
104,'372,Ireland,6650,Permanent crops,5110,Area,1985,1985,1000 ha,3.0,A,
104,'372,Ireland,6650,Permanent crops,5110,Area,1986,1986,1000 ha,3.0,A,
104,'372,Ireland,6650,Permanent crops,5110,Area,1987,1987,1000 ha,3.0,A,
104,'372,Ireland,6650,Permanent crops,5110,Area,1988,1988,1000 ha,3.0,A,
104,'372,Ireland,6650,Permanent crops,5110,Area,1989,1989,1000 ha,3.0,A,
104,'372,Ireland,6650,Permanent crops,5110,Area,1990,1990,1000 ha,3.0,A,
104,'372,Ireland,6650,Permanent crops,5110,Area,1991,1991,1000 ha,3.0,A,
104,'372,Ireland,6650,Permanent crops,5110,Area,1992,1992,1000 ha,3.0,A,
104,'372,Ireland,6650,Permanent crops,5110,Area,1993,1993,1000 ha,3.0,A,
104,'372,Ireland,6650,Permanent crops,5110,Area,1994,1994,1000 ha,3.0,A,
104,'372,Ireland,6650,Permanent crops,5110,Area,1995,1995,1000 ha,3.0,A,
104,'372,Ireland,6650,Permanent crops,5110,Area,1996,1996,1000 ha,3.0,A,
104,'372,Ireland,6650,Permanent crops,5110,Area,1997,1997,1000 ha,3.0,A,
104,'372,Ireland,6650,Permanent crops,5110,Area,1998,1998,1000 ha,3.0,A,
104,'372,Ireland,6650,Permanent crops,5110,Area,1999,1999,1000 ha,3.0,A,
104,'372,Ireland,6650,Permanent crops,5110,Area,2000,2000,1000 ha,2.0,A,
104,'372,Ireland,6650,Permanent crops,5110,Area,2001,2001,1000 ha,2.0,A,
104,'372,Ireland,6650,Permanent crops,5110,Area,2002,2002,1000 ha,2.0,A,
104,'372,Ireland,6650,Permanent crops,5110,Area,2003,2003,1000 ha,2.0,A,
104,'372,Ireland,6650,Permanent crops,5110,Area,2004,2004,1000 ha,2.0,A,
104,'372,Ireland,6650,Permanent crops,5110,Area,2005,2005,1000 ha,3.0,A,
104,'372,Ireland,6650,Permanent crops,5110,Area,2006,2006,1000 ha,3.0,A,
104,'372,Ireland,6650,Permanent crops,5110,Area,2007,2007,1000 ha,3.0,A,
104,'372,Ireland,6650,Permanent crops,5110,Area,2008,2008,1000 ha,2.7,A,
104,'372,Ireland,6650,Permanent crops,5110,Area,2009,2009,1000 ha,3.0,A,
104,'372,Ireland,6650,Permanent crops,5110,Area,2010,2010,1000 ha,2.0,A,
104,'372,Ireland,6650,Permanent crops,5110,Area,2011,2011,1000 ha,1.0,A,
104,'372,Ireland,6650,Permanent crops,5110,Area,2012,2012,1000 ha,1.0,A,
104,'372,Ireland,6650,Permanent crops,5110,Area,2013,2013,1000 ha,1.0,A,
104,'372,Ireland,6650,Permanent crops,5110,Area,2014,2014,1000 ha,1.0,A,
104,'372,Ireland,6650,Permanent crops,5110,Area,2015,2015,1000 ha,1.0,A,
104,'372,Ireland,6650,Permanent crops,5110,Area,2016,2016,1000 ha,1.0,A,
104,'372,Ireland,6650,Permanent crops,5110,Area,2017,2017,1000 ha,1.0,A,
104,'372,Ireland,6650,Permanent crops,5110,Area,2018,2018,1000 ha,1.0,A,
104,'372,Ireland,6650,Permanent crops,5110,Area,2019,2019,1000 ha,1.0,A,
104,'372,Ireland,6650,Permanent crops,5110,Area,2020,2020,1000 ha,1.0,A,
104,'372,Ireland,6650,Permanent crops,5110,Area,2021,2021,1000 ha,1.0,A,
104,'372,Ireland,6650,Permanent crops,5110,Area,2022,2022,1000 ha,1.0,A,
104,'372,Ireland,6650,Permanent crops,5110,Area,2023,2023,1000 ha,1.0,A,
104,'372,Ireland,6650,Permanent crops,7208,Share in Agricultural land,1961,1961,%,0.07,E,
104,'372,Ireland,6650,Permanent crops,7208,Share in Agricultural land,1962,1962,%,0.07,E,
104,'372,Ireland,6650,Permanent crops,7208,Share in Agricultural land,1963,1963,%,0.06,E,
104,'372,Ireland,6650,Permanent crops,7208,Share in Agricultural land,1964,1964,%,0.06,E,
104,'372,Ireland,6650,Permanent crops,7208,Share in Agricultural land,1965,1965,%,0.06,E,
104,'372,Ireland,6650,Permanent crops,7208,Share in Agricultural land,1966,1966,%,0.06,E,
104,'372,Ireland,6650,Permanent crops,7208,Share in Agricultural land,1967,1967,%,0.06,E,
104,'372,Ireland,6650,Permanent crops,7208,Share in Agricultural land,1968,1968,%,0.06,E,
104,'372,Ireland,6650,Permanent crops,7208,Share in Agricultural land,1969,1969,%,0.06,E,
104,'372,Ireland,6650,Permanent crops,7208,Share in Agricultural land,1970,1970,%,0.06,E,
104,'372,Ireland,6650,Permanent crops,7208,Share in Agricultural land,1971,1971,%,0.04,E,
104,'372,Ireland,6650,Permanent crops,7208,Share in Agricultural land,1972,1972,%,0.04,E,
104,'372,Ireland,6650,Permanent crops,7208,Share in Agricultural land,1973,1973,%,0.04,E,
104,'372,Ireland,6650,Permanent crops,7208,Share in Agricultural land,1974,1974,%,0.04,E,
104,'372,Ireland,6650,Permanent crops,7208,Share in Agricultural land,1975,1975,%,0.04,E,
104,'372,Ireland,6650,Permanent crops,7208,Share in Agricultural land,1976,1976,%,0.04,E,
104,'372,Ireland,6650,Permanent crops,7208,Share in Agricultural land,1977,1977,%,0.04,E,
104,'372,Ireland,6650,Permanent crops,7208,Share in Agricultural land,1978,1978,%,0.04,E,
104,'372,Ireland,6650,Permanent crops,7208,Share in Agricultural land,1979,1979,%,0.04,E,
104,'372,Ireland,6650,Permanent crops,7208,Share in Agricultural land,1980,1980,%,0.04,E,
104,'372,Ireland,6650,Permanent crops,7208,Share in Agricultural land,1981,1981,%,0.04,E,
104,'372,Ireland,6650,Permanent crops,7208,Share in Agricultural land,1982,1982,%,0.04,E,
104,'372,Ireland,6650,Permanent crops,7208,Share in Agricultural land,1983,1983,%,0.06,E,
104,'372,Ireland,6650,Permanent crops,7208,Share in Agricultural land,1984,1984,%,0.06,E,
104,'372,Ireland,6650,Permanent crops,7208,Share in Agricultural land,1985,1985,%,0.06,E,
104,'372,Ireland,6650,Permanent crops,7208,Share in Agricultural land,1986,1986,%,0.06,E,
104,'372,Ireland,6650,Permanent crops,7208,Share in Agricultural land,1987,1987,%,0.06,E,
104,'372,Ireland,6650,Permanent crops,7208,Share in Agricultural land,1988,1988,%,0.06,E,
104,'372,Ireland,6650,Permanent crops,7208,Share in Agricultural land,1989,1989,%,0.06,E,
104,'372,Ireland,6650,Permanent crops,7208,Share in Agricultural land,1990,1990,%,0.07,E,
104,'372,Ireland,6650,Permanent crops,7208,Share in Agricultural land,1991,1991,%,0.07,E,
104,'372,Ireland,6650,Permanent crops,7208,Share in Agricultural land,1992,1992,%,0.07,E,
104,'372,Ireland,6650,Permanent crops,7208,Share in Agricultural land,1993,1993,%,0.07,E,
104,'372,Ireland,6650,Permanent crops,7208,Share in Agricultural land,1994,1994,%,0.07,E,
104,'372,Ireland,6650,Permanent crops,7208,Share in Agricultural land,1995,1995,%,0.07,E,
104,'372,Ireland,6650,Permanent crops,7208,Share in Agricultural land,1996,1996,%,0.07,E,
104,'372,Ireland,6650,Permanent crops,7208,Share in Agricultural land,1997,1997,%,0.07,E,
104,'372,Ireland,6650,Permanent crops,7208,Share in Agricultural land,1998,1998,%,0.07,E,
104,'372,Ireland,6650,Permanent crops,7208,Share in Agricultural land,1999,1999,%,0.07,E,
104,'372,Ireland,6650,Permanent crops,7208,Share in Agricultural land,2000,2000,%,0.05,E,
104,'372,Ireland,6650,Permanent crops,7208,Share in Agricultural land,2001,2001,%,0.05,A,
104,'372,Ireland,6650,Permanent crops,7208,Share in Agricultural land,2002,2002,%,0.05,A,
104,'372,Ireland,6650,Permanent crops,7208,Share in Agricultural land,2003,2003,%,0.05,A,
104,'372,Ireland,6650,Permanent crops,7208,Share in Agricultural land,2004,2004,%,0.05,A,
104,'372,Ireland,6650,Permanent crops,7208,Share in Agricultural land,2005,2005,%,0.07,A,
104,'372,Ireland,6650,Permanent crops,7208,Share in Agricultural land,2006,2006,%,0.07,A,
104,'372,Ireland,6650,Permanent crops,7208,Share in Agricultural land,2007,2007,%,0.07,A,
104,'372,Ireland,6650,Permanent crops,7208,Share in Agricultural land,2008,2008,%,0.06,A,
104,'372,Ireland,6650,Permanent crops,7208,Share in Agricultural land,2009,2009,%,0.07,A,
104,'372,Ireland,6650,Permanent crops,7208,Share in Agricultural land,2010,2010,%,0.04,A,
104,'372,Ireland,6650,Permanent crops,7208,Share in Agricultural land,2011,2011,%,0.02,A,
104,'372,Ireland,6650,Permanent crops,7208,Share in Agricultural land,2012,2012,%,0.02,A,
104,'372,Ireland,6650,Permanent crops,7208,Share in Agricultural land,2013,2013,%,0.02,A,
104,'372,Ireland,6650,Permanent crops,7208,Share in Agricultural land,2014,2014,%,0.02,A,
104,'372,Ireland,6650,Permanent crops,7208,Share in Agricultural land,2015,2015,%,0.02,A,
104,'372,Ireland,6650,Permanent crops,7208,Share in Agricultural land,2016,2016,%,0.02,A,
104,'372,Ireland,6650,Permanent crops,7208,Share in Agricultural land,2017,2017,%,0.02,A,
104,'372,Ireland,6650,Permanent crops,7208,Share in Agricultural land,2018,2018,%,0.02,A,
104,'372,Ireland,6650,Permanent crops,7208,Share in Agricultural land,2019,2019,%,0.02,A,
104,'372,Ireland,6650,Permanent crops,7208,Share in Agricultural land,2020,2020,%,0.02,A,
104,'372,Ireland,6650,Permanent crops,7208,Share in Agricultural land,2021,2021,%,0.02,A,
104,'372,Ireland,6650,Permanent crops,7208,Share in Agricultural land,2022,2022,%,0.02,A,
104,'372,Ireland,6650,Permanent crops,7208,Share in Agricultural land,2023,2023,%,0.02,A,
104,'372,Ireland,6655,Permanent meadows and pastures,5110,Area,1961,1961,1000 ha,3903.4,I,
104,'372,Ireland,6655,Permanent meadows and pastures,5110,Area,1962,1962,1000 ha,3963.9,I,
104,'372,Ireland,6655,Permanent meadows and pastures,5110,Area,1963,1963,1000 ha,3998.8,I,
104,'372,Ireland,6655,Permanent meadows and pastures,5110,Area,1964,1964,1000 ha,4071.0,I,
104,'372,Ireland,6655,Permanent meadows and pastures,5110,Area,1965,1965,1000 ha,4137.5,I,
104,'372,Ireland,6655,Permanent meadows and pastures,5110,Area,1966,1966,1000 ha,4237.6,I,
104,'372,Ireland,6655,Permanent meadows and pastures,5110,Area,1967,1967,1000 ha,4251.5,I,
104,'372,Ireland,6655,Permanent meadows and pastures,5110,Area,1968,1968,1000 ha,4270.4,I,
104,'372,Ireland,6655,Permanent meadows and pastures,5110,Area,1969,1969,1000 ha,4297.7,I,
104,'372,Ireland,6655,Permanent meadows and pastures,5110,Area,1970,1970,1000 ha,4259.1,I,
104,'372,Ireland,6655,Permanent meadows and pastures,5110,Area,1971,1971,1000 ha,4286.5,I,
104,'372,Ireland,6655,Permanent meadows and pastures,5110,Area,1972,1972,1000 ha,4315.7,I,
104,'372,Ireland,6655,Permanent meadows and pastures,5110,Area,1973,1973,1000 ha,4357.8,I,
104,'372,Ireland,6655,Permanent meadows and pastures,5110,Area,1974,1974,1000 ha,4376.3,I,
104,'372,Ireland,6655,Permanent meadows and pastures,5110,Area,1975,1975,1000 ha,4376.0,I,
104,'372,Ireland,6655,Permanent meadows and pastures,5110,Area,1976,1976,1000 ha,4376.0,I,
104,'372,Ireland,6655,Permanent meadows and pastures,5110,Area,1977,1977,1000 ha,4376.0,I,
104,'372,Ireland,6655,Permanent meadows and pastures,5110,Area,1978,1978,1000 ha,4376.0,I,
104,'372,Ireland,6655,Permanent meadows and pastures,5110,Area,1979,1979,1000 ha,4376.0,I,
104,'372,Ireland,6655,Permanent meadows and pastures,5110,Area,1980,1980,1000 ha,4376.0,I,
104,'372,Ireland,6655,Permanent meadows and pastures,5110,Area,1981,1981,1000 ha,4376.0,I,
104,'372,Ireland,6655,Permanent meadows and pastures,5110,Area,1982,1982,1000 ha,4376.0,I,
104,'372,Ireland,6655,Permanent meadows and pastures,5110,Area,1983,1983,1000 ha,4376.0,I,
104,'372,Ireland,6655,Permanent meadows and pastures,5110,Area,1984,1984,1000 ha,4376.0,I,
104,'372,Ireland,6655,Permanent meadows and pastures,5110,Area,1985,1985,1000 ha,4376.0,I,
104,'372,Ireland,6655,Permanent meadows and pastures,5110,Area,1986,1986,1000 ha,4376.0,I,
104,'372,Ireland,6655,Permanent meadows and pastures,5110,Area,1987,1987,1000 ha,4376.0,I,
104,'372,Ireland,6655,Permanent meadows and pastures,5110,Area,1988,1988,1000 ha,4376.4,I,
104,'372,Ireland,6655,Permanent meadows and pastures,5110,Area,1989,1989,1000 ha,4259.3,I,
104,'372,Ireland,6655,Permanent meadows and pastures,5110,Area,1990,1990,1000 ha,4139.8,I,
104,'372,Ireland,6655,Permanent meadows and pastures,5110,Area,1991,1991,1000 ha,4050.1,I,
104,'372,Ireland,6655,Permanent meadows and pastures,5110,Area,1992,1992,1000 ha,4020.3,I,
104,'372,Ireland,6655,Permanent meadows and pastures,5110,Area,1993,1993,1000 ha,4000.4,I,
104,'372,Ireland,6655,Permanent meadows and pastures,5110,Area,1994,1994,1000 ha,3990.3,I,
104,'372,Ireland,6655,Permanent meadows and pastures,5110,Area,1995,1995,1000 ha,3989.1,I,
104,'372,Ireland,6655,Permanent meadows and pastures,5110,Area,1996,1996,1000 ha,3935.1,I,
104,'372,Ireland,6655,Permanent meadows and pastures,5110,Area,1997,1997,1000 ha,3927.84,I,
104,'372,Ireland,6655,Permanent meadows and pastures,5110,Area,1998,1998,1000 ha,3920.58,I,
104,'372,Ireland,6655,Permanent meadows and pastures,5110,Area,1999,1999,1000 ha,3913.32,I,
104,'372,Ireland,6655,Permanent meadows and pastures,5110,Area,2000,2000,1000 ha,3906.06,I,
104,'372,Ireland,6655,Permanent meadows and pastures,5110,Area,2001,2001,1000 ha,3898.8,I,
104,'372,Ireland,6655,Permanent meadows and pastures,5110,Area,2002,2002,1000 ha,3852.8,I,
104,'372,Ireland,6655,Permanent meadows and pastures,5110,Area,2003,2003,1000 ha,3836.77,A,
104,'372,Ireland,6655,Permanent meadows and pastures,5110,Area,2004,2004,1000 ha,3781.35,A,
104,'372,Ireland,6655,Permanent meadows and pastures,5110,Area,2005,2005,1000 ha,3810.31,A,
104,'372,Ireland,6655,Permanent meadows and pastures,5110,Area,2006,2006,1000 ha,3789.92,A,
104,'372,Ireland,6655,Permanent meadows and pastures,5110,Area,2007,2007,1000 ha,3807.55,A,
104,'372,Ireland,6655,Permanent meadows and pastures,5110,Area,2008,2008,1000 ha,4140.65,A,
104,'372,Ireland,6655,Permanent meadows and pastures,5110,Area,2009,2009,1000 ha,4128.33,A,
104,'372,Ireland,6655,Permanent meadows and pastures,5110,Area,2010,2010,1000 ha,4127.16,A,
104,'372,Ireland,6655,Permanent meadows and pastures,5110,Area,2011,2011,1000 ha,4094.86,A,
104,'372,Ireland,6655,Permanent meadows and pastures,5110,Area,2012,2012,1000 ha,4049.39,A,
104,'372,Ireland,6655,Permanent meadows and pastures,5110,Area,2013,2013,1000 ha,4001.96,A,
104,'372,Ireland,6655,Permanent meadows and pastures,5110,Area,2014,2014,1000 ha,3999.82,A,
104,'372,Ireland,6655,Permanent meadows and pastures,5110,Area,2015,2015,1000 ha,3976.0,A,
104,'372,Ireland,6655,Permanent meadows and pastures,5110,Area,2016,2016,1000 ha,3999.0,A,
104,'372,Ireland,6655,Permanent meadows and pastures,5110,Area,2017,2017,1000 ha,4027.0,A,
104,'372,Ireland,6655,Permanent meadows and pastures,5110,Area,2018,2018,1000 ha,4064.0,A,
104,'372,Ireland,6655,Permanent meadows and pastures,5110,Area,2019,2019,1000 ha,4080.0,A,
104,'372,Ireland,6655,Permanent meadows and pastures,5110,Area,2020,2020,1000 ha,4067.0,A,
104,'372,Ireland,6655,Permanent meadows and pastures,5110,Area,2021,2021,1000 ha,3901.0,A,
104,'372,Ireland,6655,Permanent meadows and pastures,5110,Area,2022,2022,1000 ha,3901.0,A,
104,'372,Ireland,6655,Permanent meadows and pastures,5110,Area,2023,2023,1000 ha,3749.0,A,
104,'372,Ireland,6655,Permanent meadows and pastures,7208,Share in Agricultural land,1961,1961,%,85.64,E,
104,'372,Ireland,6655,Permanent meadows and pastures,7208,Share in Agricultural land,1962,1962,%,85.92,E,
104,'372,Ireland,6655,Permanent meadows and pastures,7208,Share in Agricultural land,1963,1963,%,86.61,E,
104,'372,Ireland,6655,Permanent meadows and pastures,7208,Share in Agricultural land,1964,1964,%,87.37,E,
104,'372,Ireland,6655,Permanent meadows and pastures,7208,Share in Agricultural land,1965,1965,%,87.89,E,
104,'372,Ireland,6655,Permanent meadows and pastures,7208,Share in Agricultural land,1966,1966,%,89.14,E,
104,'372,Ireland,6655,Permanent meadows and pastures,7208,Share in Agricultural land,1967,1967,%,88.9,E,
104,'372,Ireland,6655,Permanent meadows and pastures,7208,Share in Agricultural land,1968,1968,%,88.91,E,
104,'372,Ireland,6655,Permanent meadows and pastures,7208,Share in Agricultural land,1969,1969,%,89.24,E,
104,'372,Ireland,6655,Permanent meadows and pastures,7208,Share in Agricultural land,1970,1970,%,88.84,E,
104,'372,Ireland,6655,Permanent meadows and pastures,7208,Share in Agricultural land,1971,1971,%,88.86,E,
104,'372,Ireland,6655,Permanent meadows and pastures,7208,Share in Agricultural land,1972,1972,%,89.4,E,
104,'372,Ireland,6655,Permanent meadows and pastures,7208,Share in Agricultural land,1973,1973,%,90.0,E,
104,'372,Ireland,6655,Permanent meadows and pastures,7208,Share in Agricultural land,1974,1974,%,90.26,E,
104,'372,Ireland,6655,Permanent meadows and pastures,7208,Share in Agricultural land,1975,1975,%,90.5,E,
104,'372,Ireland,6655,Permanent meadows and pastures,7208,Share in Agricultural land,1976,1976,%,90.19,E,
104,'372,Ireland,6655,Permanent meadows and pastures,7208,Share in Agricultural land,1977,1977,%,89.66,E,
104,'372,Ireland,6655,Permanent meadows and pastures,7208,Share in Agricultural land,1978,1978,%,89.57,E,
104,'372,Ireland,6655,Permanent meadows and pastures,7208,Share in Agricultural land,1979,1979,%,89.38,E,
104,'372,Ireland,6655,Permanent meadows and pastures,7208,Share in Agricultural land,1980,1980,%,88.74,E,
104,'372,Ireland,6655,Permanent meadows and pastures,7208,Share in Agricultural land,1981,1981,%,89.14,E,
104,'372,Ireland,6655,Permanent meadows and pastures,7208,Share in Agricultural land,1982,1982,%,89.39,E,
104,'372,Ireland,6655,Permanent meadows and pastures,7208,Share in Agricultural land,1983,1983,%,89.74,E,
104,'372,Ireland,6655,Permanent meadows and pastures,7208,Share in Agricultural land,1984,1984,%,89.43,E,
104,'372,Ireland,6655,Permanent meadows and pastures,7208,Share in Agricultural land,1985,1985,%,89.61,E,
104,'372,Ireland,6655,Permanent meadows and pastures,7208,Share in Agricultural land,1986,1986,%,90.32,E,
104,'372,Ireland,6655,Permanent meadows and pastures,7208,Share in Agricultural land,1987,1987,%,90.84,E,
104,'372,Ireland,6655,Permanent meadows and pastures,7208,Share in Agricultural land,1988,1988,%,91.17,E,
104,'372,Ireland,6655,Permanent meadows and pastures,7208,Share in Agricultural land,1989,1989,%,91.07,E,
104,'372,Ireland,6655,Permanent meadows and pastures,7208,Share in Agricultural land,1990,1990,%,91.24,E,
104,'372,Ireland,6655,Permanent meadows and pastures,7208,Share in Agricultural land,1991,1991,%,91.12,E,
104,'372,Ireland,6655,Permanent meadows and pastures,7208,Share in Agricultural land,1992,1992,%,91.04,E,
104,'372,Ireland,6655,Permanent meadows and pastures,7208,Share in Agricultural land,1993,1993,%,90.77,E,
104,'372,Ireland,6655,Permanent meadows and pastures,7208,Share in Agricultural land,1994,1994,%,90.82,E,
104,'372,Ireland,6655,Permanent meadows and pastures,7208,Share in Agricultural land,1995,1995,%,90.89,E,
104,'372,Ireland,6655,Permanent meadows and pastures,7208,Share in Agricultural land,1996,1996,%,90.63,E,
104,'372,Ireland,6655,Permanent meadows and pastures,7208,Share in Agricultural land,1997,1997,%,90.18,E,
104,'372,Ireland,6655,Permanent meadows and pastures,7208,Share in Agricultural land,1998,1998,%,89.73,E,
104,'372,Ireland,6655,Permanent meadows and pastures,7208,Share in Agricultural land,1999,1999,%,89.28,E,
104,'372,Ireland,6655,Permanent meadows and pastures,7208,Share in Agricultural land,2000,2000,%,88.85,E,
104,'372,Ireland,6655,Permanent meadows and pastures,7208,Share in Agricultural land,2001,2001,%,88.41,E,
104,'372,Ireland,6655,Permanent meadows and pastures,7208,Share in Agricultural land,2002,2002,%,88.1,E,
104,'372,Ireland,6655,Permanent meadows and pastures,7208,Share in Agricultural land,2003,2003,%,87.8,A,
104,'372,Ireland,6655,Permanent meadows and pastures,7208,Share in Agricultural land,2004,2004,%,87.84,A,
104,'372,Ireland,6655,Permanent meadows and pastures,7208,Share in Agricultural land,2005,2005,%,88.57,A,
104,'372,Ireland,6655,Permanent meadows and pastures,7208,Share in Agricultural land,2006,2006,%,88.97,A,
104,'372,Ireland,6655,Permanent meadows and pastures,7208,Share in Agricultural land,2007,2007,%,89.04,A,
104,'372,Ireland,6655,Permanent meadows and pastures,7208,Share in Agricultural land,2008,2008,%,89.45,A,
104,'372,Ireland,6655,Permanent meadows and pastures,7208,Share in Agricultural land,2009,2009,%,89.87,A,
104,'372,Ireland,6655,Permanent meadows and pastures,7208,Share in Agricultural land,2010,2010,%,90.35,A,
104,'372,Ireland,6655,Permanent meadows and pastures,7208,Share in Agricultural land,2011,2011,%,89.9,A,
104,'372,Ireland,6655,Permanent meadows and pastures,7208,Share in Agricultural land,2012,2012,%,89.33,A,
104,'372,Ireland,6655,Permanent meadows and pastures,7208,Share in Agricultural land,2013,2013,%,89.39,A,
104,'372,Ireland,6655,Permanent meadows and pastures,7208,Share in Agricultural land,2014,2014,%,89.56,A,
104,'372,Ireland,6655,Permanent meadows and pastures,7208,Share in Agricultural land,2015,2015,%,89.75,A,
104,'372,Ireland,6655,Permanent meadows and pastures,7208,Share in Agricultural land,2016,2016,%,89.64,A,
104,'372,Ireland,6655,Permanent meadows and pastures,7208,Share in Agricultural land,2017,2017,%,89.71,A,
104,'372,Ireland,6655,Permanent meadows and pastures,7208,Share in Agricultural land,2018,2018,%,89.99,A,
104,'372,Ireland,6655,Permanent meadows and pastures,7208,Share in Agricultural land,2019,2019,%,90.19,A,
104,'372,Ireland,6655,Permanent meadows and pastures,7208,Share in Agricultural land,2020,2020,%,90.14,A,
104,'372,Ireland,6655,Permanent meadows and pastures,7208,Share in Agricultural land,2021,2021,%,89.95,A,
104,'372,Ireland,6655,Permanent meadows and pastures,7208,Share in Agricultural land,2022,2022,%,89.72,A,
104,'372,Ireland,6655,Permanent meadows and pastures,7208,Share in Agricultural land,2023,2023,%,89.5,A,
104,'372,Ireland,6655,Permanent meadows and pastures,7209,Share in Land area,1961,1961,%,56.66,E,
104,'372,Ireland,6655,Permanent meadows and pastures,7209,Share in Land area,1962,1962,%,57.54,E,
104,'372,Ireland,6655,Permanent meadows and pastures,7209,Share in Land area,1963,1963,%,58.05,E,
104,'372,Ireland,6655,Permanent meadows and pastures,7209,Share in Land area,1964,1964,%,59.09,E,
104,'372,Ireland,6655,Permanent meadows and pastures,7209,Share in Land area,1965,1965,%,60.06,E,
104,'372,Ireland,6655,Permanent meadows and pastures,7209,Share in Land area,1966,1966,%,61.51,E,
104,'372,Ireland,6655,Permanent meadows and pastures,7209,Share in Land area,1967,1967,%,61.71,E,
104,'372,Ireland,6655,Permanent meadows and pastures,7209,Share in Land area,1968,1968,%,61.99,E,
104,'372,Ireland,6655,Permanent meadows and pastures,7209,Share in Land area,1969,1969,%,62.38,E,
104,'372,Ireland,6655,Permanent meadows and pastures,7209,Share in Land area,1970,1970,%,61.82,E,
104,'372,Ireland,6655,Permanent meadows and pastures,7209,Share in Land area,1971,1971,%,62.22,E,
104,'372,Ireland,6655,Permanent meadows and pastures,7209,Share in Land area,1972,1972,%,62.65,E,
104,'372,Ireland,6655,Permanent meadows and pastures,7209,Share in Land area,1973,1973,%,63.26,E,
104,'372,Ireland,6655,Permanent meadows and pastures,7209,Share in Land area,1974,1974,%,63.53,E,
104,'372,Ireland,6655,Permanent meadows and pastures,7209,Share in Land area,1975,1975,%,63.52,E,
104,'372,Ireland,6655,Permanent meadows and pastures,7209,Share in Land area,1976,1976,%,63.52,E,
104,'372,Ireland,6655,Permanent meadows and pastures,7209,Share in Land area,1977,1977,%,63.52,E,
104,'372,Ireland,6655,Permanent meadows and pastures,7209,Share in Land area,1978,1978,%,63.52,E,
104,'372,Ireland,6655,Permanent meadows and pastures,7209,Share in Land area,1979,1979,%,63.52,E,
104,'372,Ireland,6655,Permanent meadows and pastures,7209,Share in Land area,1980,1980,%,63.52,E,
104,'372,Ireland,6655,Permanent meadows and pastures,7209,Share in Land area,1981,1981,%,63.52,E,
104,'372,Ireland,6655,Permanent meadows and pastures,7209,Share in Land area,1982,1982,%,63.52,E,
104,'372,Ireland,6655,Permanent meadows and pastures,7209,Share in Land area,1983,1983,%,63.52,E,
104,'372,Ireland,6655,Permanent meadows and pastures,7209,Share in Land area,1984,1984,%,63.52,E,
104,'372,Ireland,6655,Permanent meadows and pastures,7209,Share in Land area,1985,1985,%,63.52,E,
104,'372,Ireland,6655,Permanent meadows and pastures,7209,Share in Land area,1986,1986,%,63.52,E,
104,'372,Ireland,6655,Permanent meadows and pastures,7209,Share in Land area,1987,1987,%,63.52,E,
104,'372,Ireland,6655,Permanent meadows and pastures,7209,Share in Land area,1988,1988,%,63.53,E,
104,'372,Ireland,6655,Permanent meadows and pastures,7209,Share in Land area,1989,1989,%,61.83,E,
104,'372,Ireland,6655,Permanent meadows and pastures,7209,Share in Land area,1990,1990,%,60.09,E,
104,'372,Ireland,6655,Permanent meadows and pastures,7209,Share in Land area,1991,1991,%,58.79,E,
104,'372,Ireland,6655,Permanent meadows and pastures,7209,Share in Land area,1992,1992,%,58.36,E,
104,'372,Ireland,6655,Permanent meadows and pastures,7209,Share in Land area,1993,1993,%,58.07,E,
104,'372,Ireland,6655,Permanent meadows and pastures,7209,Share in Land area,1994,1994,%,57.92,E,
104,'372,Ireland,6655,Permanent meadows and pastures,7209,Share in Land area,1995,1995,%,57.91,E,
104,'372,Ireland,6655,Permanent meadows and pastures,7209,Share in Land area,1996,1996,%,57.12,E,
104,'372,Ireland,6655,Permanent meadows and pastures,7209,Share in Land area,1997,1997,%,57.02,E,
104,'372,Ireland,6655,Permanent meadows and pastures,7209,Share in Land area,1998,1998,%,56.91,E,
104,'372,Ireland,6655,Permanent meadows and pastures,7209,Share in Land area,1999,1999,%,56.81,E,
104,'372,Ireland,6655,Permanent meadows and pastures,7209,Share in Land area,2000,2000,%,56.7,E,
104,'372,Ireland,6655,Permanent meadows and pastures,7209,Share in Land area,2001,2001,%,56.59,E,
104,'372,Ireland,6655,Permanent meadows and pastures,7209,Share in Land area,2002,2002,%,55.93,E,
104,'372,Ireland,6655,Permanent meadows and pastures,7209,Share in Land area,2003,2003,%,55.69,A,
104,'372,Ireland,6655,Permanent meadows and pastures,7209,Share in Land area,2004,2004,%,54.89,A,
104,'372,Ireland,6655,Permanent meadows and pastures,7209,Share in Land area,2005,2005,%,55.31,A,
104,'372,Ireland,6655,Permanent meadows and pastures,7209,Share in Land area,2006,2006,%,55.01,A,
104,'372,Ireland,6655,Permanent meadows and pastures,7209,Share in Land area,2007,2007,%,55.27,A,
104,'372,Ireland,6655,Permanent meadows and pastures,7209,Share in Land area,2008,2008,%,60.11,A,
104,'372,Ireland,6655,Permanent meadows and pastures,7209,Share in Land area,2009,2009,%,59.93,A,
104,'372,Ireland,6655,Permanent meadows and pastures,7209,Share in Land area,2010,2010,%,59.91,A,
104,'372,Ireland,6655,Permanent meadows and pastures,7209,Share in Land area,2011,2011,%,59.44,A,
104,'372,Ireland,6655,Permanent meadows and pastures,7209,Share in Land area,2012,2012,%,58.78,A,
104,'372,Ireland,6655,Permanent meadows and pastures,7209,Share in Land area,2013,2013,%,58.09,A,
104,'372,Ireland,6655,Permanent meadows and pastures,7209,Share in Land area,2014,2014,%,58.06,A,
104,'372,Ireland,6655,Permanent meadows and pastures,7209,Share in Land area,2015,2015,%,57.72,A,
104,'372,Ireland,6655,Permanent meadows and pastures,7209,Share in Land area,2016,2016,%,58.05,A,
104,'372,Ireland,6655,Permanent meadows and pastures,7209,Share in Land area,2017,2017,%,58.46,A,
104,'372,Ireland,6655,Permanent meadows and pastures,7209,Share in Land area,2018,2018,%,58.99,A,
104,'372,Ireland,6655,Permanent meadows and pastures,7209,Share in Land area,2019,2019,%,59.22,A,
104,'372,Ireland,6655,Permanent meadows and pastures,7209,Share in Land area,2020,2020,%,59.04,A,
104,'372,Ireland,6655,Permanent meadows and pastures,7209,Share in Land area,2021,2021,%,56.63,A,
104,'372,Ireland,6655,Permanent meadows and pastures,7209,Share in Land area,2022,2022,%,56.63,A,
104,'372,Ireland,6655,Permanent meadows and pastures,7209,Share in Land area,2023,2023,%,54.42,A,
104,'372,Ireland,6656,Perm. meadows & pastures - Cultivated,5110,Area,2001,2001,1000 ha,3435.8,I,
104,'372,Ireland,6656,Perm. meadows & pastures - Cultivated,5110,Area,2002,2002,1000 ha,3380.8,I,
104,'372,Ireland,6656,Perm. meadows & pastures - Cultivated,5110,Area,2003,2003,1000 ha,3368.77,I,
104,'372,Ireland,6656,Perm. meadows & pastures - Cultivated,5110,Area,2004,2004,1000 ha,3327.35,I,
104,'372,Ireland,6656,Perm. meadows & pastures - Cultivated,5110,Area,2005,2005,1000 ha,3339.31,I,
104,'372,Ireland,6656,Perm. meadows & pastures - Cultivated,5110,Area,2006,2006,1000 ha,3318.92,I,
104,'372,Ireland,6656,Perm. meadows & pastures - Cultivated,5110,Area,2007,2007,1000 ha,3352.55,I,
104,'372,Ireland,6656,Perm. meadows & pastures - Cultivated,5110,Area,2008,2008,1000 ha,3694.85,I,
104,'372,Ireland,6656,Perm. meadows & pastures - Cultivated,5110,Area,2009,2009,1000 ha,3687.33,I,
104,'372,Ireland,6656,Perm. meadows & pastures - Cultivated,5110,Area,2010,2010,1000 ha,3690.16,I,
104,'372,Ireland,6656,Perm. meadows & pastures - Cultivated,5110,Area,2011,2011,1000 ha,3647.86,I,
104,'372,Ireland,6656,Perm. meadows & pastures - Cultivated,5110,Area,2012,2012,1000 ha,3568.39,I,
104,'372,Ireland,6656,Perm. meadows & pastures - Cultivated,5110,Area,2013,2013,1000 ha,3528.96,I,
104,'372,Ireland,6656,Perm. meadows & pastures - Cultivated,5110,Area,2014,2014,1000 ha,3505.82,I,
104,'372,Ireland,6656,Perm. meadows & pastures - Cultivated,5110,Area,2015,2015,1000 ha,3472.0,A,
104,'372,Ireland,6656,Perm. meadows & pastures - Cultivated,5110,Area,2016,2016,1000 ha,3467.0,A,
104,'372,Ireland,6656,Perm. meadows & pastures - Cultivated,5110,Area,2017,2017,1000 ha,3507.0,A,
104,'372,Ireland,6656,Perm. meadows & pastures - Cultivated,5110,Area,2018,2018,1000 ha,3540.0,A,
104,'372,Ireland,6656,Perm. meadows & pastures - Cultivated,5110,Area,2019,2019,1000 ha,3559.0,A,
104,'372,Ireland,6656,Perm. meadows & pastures - Cultivated,5110,Area,2020,2020,1000 ha,3595.0,A,
104,'372,Ireland,6656,Perm. meadows & pastures - Cultivated,5110,Area,2021,2021,1000 ha,3453.0,A,
104,'372,Ireland,6656,Perm. meadows & pastures - Cultivated,5110,Area,2022,2022,1000 ha,3298.0,A,
104,'372,Ireland,6656,Perm. meadows & pastures - Cultivated,5110,Area,2023,2023,1000 ha,2928.0,A,
104,'372,Ireland,6659,Perm. meadows & pastures - Nat. growing,5110,Area,2001,2001,1000 ha,463.0,A,
104,'372,Ireland,6659,Perm. meadows & pastures - Nat. growing,5110,Area,2002,2002,1000 ha,472.0,A,
104,'372,Ireland,6659,Perm. meadows & pastures - Nat. growing,5110,Area,2003,2003,1000 ha,468.0,A,
104,'372,Ireland,6659,Perm. meadows & pastures - Nat. growing,5110,Area,2004,2004,1000 ha,454.0,A,
104,'372,Ireland,6659,Perm. meadows & pastures - Nat. growing,5110,Area,2005,2005,1000 ha,471.0,A,
104,'372,Ireland,6659,Perm. meadows & pastures - Nat. growing,5110,Area,2006,2006,1000 ha,471.0,A,
104,'372,Ireland,6659,Perm. meadows & pastures - Nat. growing,5110,Area,2007,2007,1000 ha,455.0,A,
104,'372,Ireland,6659,Perm. meadows & pastures - Nat. growing,5110,Area,2008,2008,1000 ha,445.8,A,
104,'372,Ireland,6659,Perm. meadows & pastures - Nat. growing,5110,Area,2009,2009,1000 ha,441.0,A,
104,'372,Ireland,6659,Perm. meadows & pastures - Nat. growing,5110,Area,2010,2010,1000 ha,437.0,A,
104,'372,Ireland,6659,Perm. meadows & pastures - Nat. growing,5110,Area,2011,2011,1000 ha,447.0,A,
104,'372,Ireland,6659,Perm. meadows & pastures - Nat. growing,5110,Area,2012,2012,1000 ha,481.0,A,
104,'372,Ireland,6659,Perm. meadows & pastures - Nat. growing,5110,Area,2013,2013,1000 ha,473.0,A,
104,'372,Ireland,6659,Perm. meadows & pastures - Nat. growing,5110,Area,2014,2014,1000 ha,494.0,A,
104,'372,Ireland,6659,Perm. meadows & pastures - Nat. growing,5110,Area,2015,2015,1000 ha,504.0,A,
104,'372,Ireland,6659,Perm. meadows & pastures - Nat. growing,5110,Area,2016,2016,1000 ha,532.0,A,
104,'372,Ireland,6659,Perm. meadows & pastures - Nat. growing,5110,Area,2017,2017,1000 ha,520.0,A,
104,'372,Ireland,6659,Perm. meadows & pastures - Nat. growing,5110,Area,2018,2018,1000 ha,524.0,A,
104,'372,Ireland,6659,Perm. meadows & pastures - Nat. growing,5110,Area,2019,2019,1000 ha,522.0,A,
104,'372,Ireland,6659,Perm. meadows & pastures - Nat. growing,5110,Area,2020,2020,1000 ha,472.0,A,
104,'372,Ireland,6659,Perm. meadows & pastures - Nat. growing,5110,Area,2021,2021,1000 ha,447.0,A,
104,'372,Ireland,6659,Perm. meadows & pastures - Nat. growing,5110,Area,2022,2022,1000 ha,602.0,A,
104,'372,Ireland,6659,Perm. meadows & pastures - Nat. growing,5110,Area,2023,2023,1000 ha,821.0,A,
104,'372,Ireland,6646,Forest land,5110,Area,1990,1990,1000 ha,461.64,X,
104,'372,Ireland,6646,Forest land,5110,Area,1991,1991,1000 ha,478.512,I,
104,'372,Ireland,6646,Forest land,5110,Area,1992,1992,1000 ha,495.384,I,
104,'372,Ireland,6646,Forest land,5110,Area,1993,1993,1000 ha,512.256,I,
104,'372,Ireland,6646,Forest land,5110,Area,1994,1994,1000 ha,529.128,I,
104,'372,Ireland,6646,Forest land,5110,Area,1995,1995,1000 ha,546.0,I,
104,'372,Ireland,6646,Forest land,5110,Area,1996,1996,1000 ha,562.872,I,
104,'372,Ireland,6646,Forest land,5110,Area,1997,1997,1000 ha,579.744,I,
104,'372,Ireland,6646,Forest land,5110,Area,1998,1998,1000 ha,596.616,I,
104,'372,Ireland,6646,Forest land,5110,Area,1999,1999,1000 ha,613.488,I,
104,'372,Ireland,6646,Forest land,5110,Area,2000,2000,1000 ha,630.36,X,
104,'372,Ireland,6646,Forest land,5110,Area,2001,2001,1000 ha,639.362,I,
104,'372,Ireland,6646,Forest land,5110,Area,2002,2002,1000 ha,648.364,I,
104,'372,Ireland,6646,Forest land,5110,Area,2003,2003,1000 ha,657.366,I,
104,'372,Ireland,6646,Forest land,5110,Area,2004,2004,1000 ha,666.368,I,
104,'372,Ireland,6646,Forest land,5110,Area,2005,2005,1000 ha,675.37,I,
104,'372,Ireland,6646,Forest land,5110,Area,2006,2006,1000 ha,684.372,I,
104,'372,Ireland,6646,Forest land,5110,Area,2007,2007,1000 ha,693.374,I,
104,'372,Ireland,6646,Forest land,5110,Area,2008,2008,1000 ha,702.376,I,
104,'372,Ireland,6646,Forest land,5110,Area,2009,2009,1000 ha,711.378,I,
104,'372,Ireland,6646,Forest land,5110,Area,2010,2010,1000 ha,720.38,X,
104,'372,Ireland,6646,Forest land,5110,Area,2011,2011,1000 ha,727.238,I,
104,'372,Ireland,6646,Forest land,5110,Area,2012,2012,1000 ha,734.096,I,
104,'372,Ireland,6646,Forest land,5110,Area,2013,2013,1000 ha,740.954,I,
104,'372,Ireland,6646,Forest land,5110,Area,2014,2014,1000 ha,747.812,I,
104,'372,Ireland,6646,Forest land,5110,Area,2015,2015,1000 ha,754.67,X,
104,'372,Ireland,6646,Forest land,5110,Area,2016,2016,1000 ha,762.4,I,
104,'372,Ireland,6646,Forest land,5110,Area,2017,2017,1000 ha,770.13,I,
104,'372,Ireland,6646,Forest land,5110,Area,2018,2018,1000 ha,777.86,I,
104,'372,Ireland,6646,Forest land,5110,Area,2019,2019,1000 ha,785.59,I,
104,'372,Ireland,6646,Forest land,5110,Area,2020,2020,1000 ha,793.32,X,
104,'372,Ireland,6646,Forest land,5110,Area,2021,2021,1000 ha,801.226,I,
104,'372,Ireland,6646,Forest land,5110,Area,2022,2022,1000 ha,809.132,I,
104,'372,Ireland,6646,Forest land,5110,Area,2023,2023,1000 ha,817.038,I,
104,'372,Ireland,6646,Forest land,5110,Area,2024,2024,1000 ha,824.944,I,
104,'372,Ireland,6646,Forest land,5110,Area,2025,2025,1000 ha,832.85,X,
104,'372,Ireland,6646,Forest land,72151,Carbon stock in living biomass,1990,1990,million t,22.76,X,
104,'372,Ireland,6646,Forest land,72151,Carbon stock in living biomass,1991,1991,million t,23.867,I,
104,'372,Ireland,6646,Forest land,72151,Carbon stock in living biomass,1992,1992,million t,24.974,I,
104,'372,Ireland,6646,Forest land,72151,Carbon stock in living biomass,1993,1993,million t,26.081,I,
104,'372,Ireland,6646,Forest land,72151,Carbon stock in living biomass,1994,1994,million t,27.188,I,
104,'372,Ireland,6646,Forest land,72151,Carbon stock in living biomass,1995,1995,million t,28.295,I,
104,'372,Ireland,6646,Forest land,72151,Carbon stock in living biomass,1996,1996,million t,29.402,I,
104,'372,Ireland,6646,Forest land,72151,Carbon stock in living biomass,1997,1997,million t,30.509,I,
104,'372,Ireland,6646,Forest land,72151,Carbon stock in living biomass,1998,1998,million t,31.616,I,
104,'372,Ireland,6646,Forest land,72151,Carbon stock in living biomass,1999,1999,million t,32.723,I,
104,'372,Ireland,6646,Forest land,72151,Carbon stock in living biomass,2000,2000,million t,33.83,X,
104,'372,Ireland,6646,Forest land,72151,Carbon stock in living biomass,2001,2001,million t,35.01,I,
104,'372,Ireland,6646,Forest land,72151,Carbon stock in living biomass,2002,2002,million t,36.19,I,
104,'372,Ireland,6646,Forest land,72151,Carbon stock in living biomass,2003,2003,million t,37.37,I,
104,'372,Ireland,6646,Forest land,72151,Carbon stock in living biomass,2004,2004,million t,38.55,I,
104,'372,Ireland,6646,Forest land,72151,Carbon stock in living biomass,2005,2005,million t,39.73,I,
104,'372,Ireland,6646,Forest land,72151,Carbon stock in living biomass,2006,2006,million t,40.91,I,
104,'372,Ireland,6646,Forest land,72151,Carbon stock in living biomass,2007,2007,million t,42.09,I,
104,'372,Ireland,6646,Forest land,72151,Carbon stock in living biomass,2008,2008,million t,43.27,I,
104,'372,Ireland,6646,Forest land,72151,Carbon stock in living biomass,2009,2009,million t,44.45,I,
104,'372,Ireland,6646,Forest land,72151,Carbon stock in living biomass,2010,2010,million t,45.63,X,
104,'372,Ireland,6646,Forest land,72151,Carbon stock in living biomass,2011,2011,million t,47.112,I,
104,'372,Ireland,6646,Forest land,72151,Carbon stock in living biomass,2012,2012,million t,48.594,I,
104,'372,Ireland,6646,Forest land,72151,Carbon stock in living biomass,2013,2013,million t,50.076,I,
104,'372,Ireland,6646,Forest land,72151,Carbon stock in living biomass,2014,2014,million t,51.558,I,
104,'372,Ireland,6646,Forest land,72151,Carbon stock in living biomass,2015,2015,million t,53.04,X,
104,'372,Ireland,6646,Forest land,72151,Carbon stock in living biomass,2016,2016,million t,54.232,I,
104,'372,Ireland,6646,Forest land,72151,Carbon stock in living biomass,2017,2017,million t,55.424,I,
104,'372,Ireland,6646,Forest land,72151,Carbon stock in living biomass,2018,2018,million t,56.616,I,
104,'372,Ireland,6646,Forest land,72151,Carbon stock in living biomass,2019,2019,million t,57.808,I,
104,'372,Ireland,6646,Forest land,72151,Carbon stock in living biomass,2020,2020,million t,59.0,X,
104,'372,Ireland,6646,Forest land,72151,Carbon stock in living biomass,2021,2021,million t,59.058,I,
104,'372,Ireland,6646,Forest land,72151,Carbon stock in living biomass,2022,2022,million t,59.116,I,
104,'372,Ireland,6646,Forest land,72151,Carbon stock in living biomass,2023,2023,million t,59.174,I,
104,'372,Ireland,6646,Forest land,72151,Carbon stock in living biomass,2024,2024,million t,59.232,I,
104,'372,Ireland,6646,Forest land,72151,Carbon stock in living biomass,2025,2025,million t,59.29,X,
104,'372,Ireland,6646,Forest land,7209,Share in Land area,1990,1990,%,6.7,E,
104,'372,Ireland,6646,Forest land,7209,Share in Land area,1991,1991,%,6.95,E,
104,'372,Ireland,6646,Forest land,7209,Share in Land area,1992,1992,%,7.19,E,
104,'372,Ireland,6646,Forest land,7209,Share in Land area,1993,1993,%,7.44,E,
104,'372,Ireland,6646,Forest land,7209,Share in Land area,1994,1994,%,7.68,E,
104,'372,Ireland,6646,Forest land,7209,Share in Land area,1995,1995,%,7.93,E,
104,'372,Ireland,6646,Forest land,7209,Share in Land area,1996,1996,%,8.17,E,
104,'372,Ireland,6646,Forest land,7209,Share in Land area,1997,1997,%,8.42,E,
104,'372,Ireland,6646,Forest land,7209,Share in Land area,1998,1998,%,8.66,E,
104,'372,Ireland,6646,Forest land,7209,Share in Land area,1999,1999,%,8.91,E,
104,'372,Ireland,6646,Forest land,7209,Share in Land area,2000,2000,%,9.15,E,
104,'372,Ireland,6646,Forest land,7209,Share in Land area,2001,2001,%,9.28,E,
104,'372,Ireland,6646,Forest land,7209,Share in Land area,2002,2002,%,9.41,E,
104,'372,Ireland,6646,Forest land,7209,Share in Land area,2003,2003,%,9.54,E,
104,'372,Ireland,6646,Forest land,7209,Share in Land area,2004,2004,%,9.67,E,
104,'372,Ireland,6646,Forest land,7209,Share in Land area,2005,2005,%,9.8,E,
104,'372,Ireland,6646,Forest land,7209,Share in Land area,2006,2006,%,9.93,E,
104,'372,Ireland,6646,Forest land,7209,Share in Land area,2007,2007,%,10.06,E,
104,'372,Ireland,6646,Forest land,7209,Share in Land area,2008,2008,%,10.2,E,
104,'372,Ireland,6646,Forest land,7209,Share in Land area,2009,2009,%,10.33,E,
104,'372,Ireland,6646,Forest land,7209,Share in Land area,2010,2010,%,10.46,E,
104,'372,Ireland,6646,Forest land,7209,Share in Land area,2011,2011,%,10.56,E,
104,'372,Ireland,6646,Forest land,7209,Share in Land area,2012,2012,%,10.66,E,
104,'372,Ireland,6646,Forest land,7209,Share in Land area,2013,2013,%,10.76,E,
104,'372,Ireland,6646,Forest land,7209,Share in Land area,2014,2014,%,10.86,E,
104,'372,Ireland,6646,Forest land,7209,Share in Land area,2015,2015,%,10.95,E,
104,'372,Ireland,6646,Forest land,7209,Share in Land area,2016,2016,%,11.07,E,
104,'372,Ireland,6646,Forest land,7209,Share in Land area,2017,2017,%,11.18,E,
104,'372,Ireland,6646,Forest land,7209,Share in Land area,2018,2018,%,11.29,E,
104,'372,Ireland,6646,Forest land,7209,Share in Land area,2019,2019,%,11.4,E,
104,'372,Ireland,6646,Forest land,7209,Share in Land area,2020,2020,%,11.52,E,
104,'372,Ireland,6646,Forest land,7209,Share in Land area,2021,2021,%,11.63,E,
104,'372,Ireland,6646,Forest land,7209,Share in Land area,2022,2022,%,11.75,E,
104,'372,Ireland,6646,Forest land,7209,Share in Land area,2023,2023,%,11.86,E,
104,'372,Ireland,6717,Naturally regenerating forest,5110,Area,1990,1990,1000 ha,81.39,X,
104,'372,Ireland,6717,Naturally regenerating forest,5110,Area,1991,1991,1000 ha,81.395,I,
104,'372,Ireland,6717,Naturally regenerating forest,5110,Area,1992,1992,1000 ha,81.4,I,
104,'372,Ireland,6717,Naturally regenerating forest,5110,Area,1993,1993,1000 ha,81.405,I,
104,'372,Ireland,6717,Naturally regenerating forest,5110,Area,1994,1994,1000 ha,81.41,I,
104,'372,Ireland,6717,Naturally regenerating forest,5110,Area,1995,1995,1000 ha,81.415,I,
104,'372,Ireland,6717,Naturally regenerating forest,5110,Area,1996,1996,1000 ha,81.42,I,
104,'372,Ireland,6717,Naturally regenerating forest,5110,Area,1997,1997,1000 ha,81.425,I,
104,'372,Ireland,6717,Naturally regenerating forest,5110,Area,1998,1998,1000 ha,81.43,I,
104,'372,Ireland,6717,Naturally regenerating forest,5110,Area,1999,1999,1000 ha,81.435,I,
104,'372,Ireland,6717,Naturally regenerating forest,5110,Area,2000,2000,1000 ha,81.44,X,
104,'372,Ireland,6717,Naturally regenerating forest,5110,Area,2001,2001,1000 ha,81.376,I,
104,'372,Ireland,6717,Naturally regenerating forest,5110,Area,2002,2002,1000 ha,81.312,I,
104,'372,Ireland,6717,Naturally regenerating forest,5110,Area,2003,2003,1000 ha,81.248,I,
104,'372,Ireland,6717,Naturally regenerating forest,5110,Area,2004,2004,1000 ha,81.184,I,
104,'372,Ireland,6717,Naturally regenerating forest,5110,Area,2005,2005,1000 ha,81.12,I,
104,'372,Ireland,6717,Naturally regenerating forest,5110,Area,2006,2006,1000 ha,81.056,I,
104,'372,Ireland,6717,Naturally regenerating forest,5110,Area,2007,2007,1000 ha,80.992,I,
104,'372,Ireland,6717,Naturally regenerating forest,5110,Area,2008,2008,1000 ha,80.928,I,
104,'372,Ireland,6717,Naturally regenerating forest,5110,Area,2009,2009,1000 ha,80.864,I,
104,'372,Ireland,6717,Naturally regenerating forest,5110,Area,2010,2010,1000 ha,80.8,X,
104,'372,Ireland,6717,Naturally regenerating forest,5110,Area,2011,2011,1000 ha,84.014,I,
104,'372,Ireland,6717,Naturally regenerating forest,5110,Area,2012,2012,1000 ha,87.228,I,
104,'372,Ireland,6717,Naturally regenerating forest,5110,Area,2013,2013,1000 ha,90.442,I,
104,'372,Ireland,6717,Naturally regenerating forest,5110,Area,2014,2014,1000 ha,93.656,I,
104,'372,Ireland,6717,Naturally regenerating forest,5110,Area,2015,2015,1000 ha,96.87,X,
104,'372,Ireland,6717,Naturally regenerating forest,5110,Area,2016,2016,1000 ha,99.908,I,
104,'372,Ireland,6717,Naturally regenerating forest,5110,Area,2017,2017,1000 ha,102.946,I,
104,'372,Ireland,6717,Naturally regenerating forest,5110,Area,2018,2018,1000 ha,105.984,I,
104,'372,Ireland,6717,Naturally regenerating forest,5110,Area,2019,2019,1000 ha,109.022,I,
104,'372,Ireland,6717,Naturally regenerating forest,5110,Area,2020,2020,1000 ha,112.06,X,
104,'372,Ireland,6717,Naturally regenerating forest,5110,Area,2021,2021,1000 ha,113.114,I,
104,'372,Ireland,6717,Naturally regenerating forest,5110,Area,2022,2022,1000 ha,114.168,I,
104,'372,Ireland,6717,Naturally regenerating forest,5110,Area,2023,2023,1000 ha,115.222,I,
104,'372,Ireland,6717,Naturally regenerating forest,5110,Area,2024,2024,1000 ha,116.276,I,
104,'372,Ireland,6717,Naturally regenerating forest,5110,Area,2025,2025,1000 ha,117.33,X,
104,'372,Ireland,6717,Naturally regenerating forest,7210,Share in Forest land,1990,1990,%,17.63,X,
104,'372,Ireland,6717,Naturally regenerating forest,7210,Share in Forest land,1991,1991,%,17.01,E,
104,'372,Ireland,6717,Naturally regenerating forest,7210,Share in Forest land,1992,1992,%,16.43,E,
104,'372,Ireland,6717,Naturally regenerating forest,7210,Share in Forest land,1993,1993,%,15.89,E,
104,'372,Ireland,6717,Naturally regenerating forest,7210,Share in Forest land,1994,1994,%,15.39,E,
104,'372,Ireland,6717,Naturally regenerating forest,7210,Share in Forest land,1995,1995,%,14.91,E,
104,'372,Ireland,6717,Naturally regenerating forest,7210,Share in Forest land,1996,1996,%,14.47,E,
104,'372,Ireland,6717,Naturally regenerating forest,7210,Share in Forest land,1997,1997,%,14.04,E,
104,'372,Ireland,6717,Naturally regenerating forest,7210,Share in Forest land,1998,1998,%,13.65,E,
104,'372,Ireland,6717,Naturally regenerating forest,7210,Share in Forest land,1999,1999,%,13.27,E,
104,'372,Ireland,6717,Naturally regenerating forest,7210,Share in Forest land,2000,2000,%,12.92,X,
104,'372,Ireland,6717,Naturally regenerating forest,7210,Share in Forest land,2001,2001,%,12.73,E,
104,'372,Ireland,6717,Naturally regenerating forest,7210,Share in Forest land,2002,2002,%,12.54,E,
104,'372,Ireland,6717,Naturally regenerating forest,7210,Share in Forest land,2003,2003,%,12.36,E,
104,'372,Ireland,6717,Naturally regenerating forest,7210,Share in Forest land,2004,2004,%,12.18,E,
104,'372,Ireland,6717,Naturally regenerating forest,7210,Share in Forest land,2005,2005,%,12.01,E,
104,'372,Ireland,6717,Naturally regenerating forest,7210,Share in Forest land,2006,2006,%,11.84,E,
104,'372,Ireland,6717,Naturally regenerating forest,7210,Share in Forest land,2007,2007,%,11.68,E,
104,'372,Ireland,6717,Naturally regenerating forest,7210,Share in Forest land,2008,2008,%,11.52,E,
104,'372,Ireland,6717,Naturally regenerating forest,7210,Share in Forest land,2009,2009,%,11.37,E,
104,'372,Ireland,6717,Naturally regenerating forest,7210,Share in Forest land,2010,2010,%,11.22,X,
104,'372,Ireland,6717,Naturally regenerating forest,7210,Share in Forest land,2011,2011,%,11.55,E,
104,'372,Ireland,6717,Naturally regenerating forest,7210,Share in Forest land,2012,2012,%,11.88,E,
104,'372,Ireland,6717,Naturally regenerating forest,7210,Share in Forest land,2013,2013,%,12.21,E,
104,'372,Ireland,6717,Naturally regenerating forest,7210,Share in Forest land,2014,2014,%,12.52,E,
104,'372,Ireland,6717,Naturally regenerating forest,7210,Share in Forest land,2015,2015,%,12.84,X,
104,'372,Ireland,6717,Naturally regenerating forest,7210,Share in Forest land,2016,2016,%,13.1,E,
104,'372,Ireland,6717,Naturally regenerating forest,7210,Share in Forest land,2017,2017,%,13.37,E,
104,'372,Ireland,6717,Naturally regenerating forest,7210,Share in Forest land,2018,2018,%,13.63,E,
104,'372,Ireland,6717,Naturally regenerating forest,7210,Share in Forest land,2019,2019,%,13.88,E,
104,'372,Ireland,6717,Naturally regenerating forest,7210,Share in Forest land,2020,2020,%,14.13,X,
104,'372,Ireland,6717,Naturally regenerating forest,7210,Share in Forest land,2021,2021,%,14.12,E,
104,'372,Ireland,6717,Naturally regenerating forest,7210,Share in Forest land,2022,2022,%,14.11,E,
104,'372,Ireland,6717,Naturally regenerating forest,7210,Share in Forest land,2023,2023,%,14.1,E,
104,'372,Ireland,6717,Naturally regenerating forest,7210,Share in Forest land,2024,2024,%,14.1,E,
104,'372,Ireland,6717,Naturally regenerating forest,7210,Share in Forest land,2025,2025,%,14.09,X,
104,'372,Ireland,6714,Primary Forest,5110,Area,1990,1990,1000 ha,0.0,X,
104,'372,Ireland,6714,Primary Forest,5110,Area,1991,1991,1000 ha,0.0,I,
104,'372,Ireland,6714,Primary Forest,5110,Area,1992,1992,1000 ha,0.0,I,
104,'372,Ireland,6714,Primary Forest,5110,Area,1993,1993,1000 ha,0.0,I,
104,'372,Ireland,6714,Primary Forest,5110,Area,1994,1994,1000 ha,0.0,I,
104,'372,Ireland,6714,Primary Forest,5110,Area,1995,1995,1000 ha,0.0,I,
104,'372,Ireland,6714,Primary Forest,5110,Area,1996,1996,1000 ha,0.0,I,
104,'372,Ireland,6714,Primary Forest,5110,Area,1997,1997,1000 ha,0.0,I,
104,'372,Ireland,6714,Primary Forest,5110,Area,1998,1998,1000 ha,0.0,I,
104,'372,Ireland,6714,Primary Forest,5110,Area,1999,1999,1000 ha,0.0,I,
104,'372,Ireland,6714,Primary Forest,5110,Area,2000,2000,1000 ha,0.0,X,
104,'372,Ireland,6714,Primary Forest,5110,Area,2001,2001,1000 ha,0.0,I,
104,'372,Ireland,6714,Primary Forest,5110,Area,2002,2002,1000 ha,0.0,I,
104,'372,Ireland,6714,Primary Forest,5110,Area,2003,2003,1000 ha,0.0,I,
104,'372,Ireland,6714,Primary Forest,5110,Area,2004,2004,1000 ha,0.0,I,
104,'372,Ireland,6714,Primary Forest,5110,Area,2005,2005,1000 ha,0.0,I,
104,'372,Ireland,6714,Primary Forest,5110,Area,2006,2006,1000 ha,0.0,I,
104,'372,Ireland,6714,Primary Forest,5110,Area,2007,2007,1000 ha,0.0,I,
104,'372,Ireland,6714,Primary Forest,5110,Area,2008,2008,1000 ha,0.0,I,
104,'372,Ireland,6714,Primary Forest,5110,Area,2009,2009,1000 ha,0.0,I,
104,'372,Ireland,6714,Primary Forest,5110,Area,2010,2010,1000 ha,0.0,X,
104,'372,Ireland,6714,Primary Forest,5110,Area,2011,2011,1000 ha,0.0,I,
104,'372,Ireland,6714,Primary Forest,5110,Area,2012,2012,1000 ha,0.0,I,
104,'372,Ireland,6714,Primary Forest,5110,Area,2013,2013,1000 ha,0.0,I,
104,'372,Ireland,6714,Primary Forest,5110,Area,2014,2014,1000 ha,0.0,I,
104,'372,Ireland,6714,Primary Forest,5110,Area,2015,2015,1000 ha,0.0,X,
104,'372,Ireland,6714,Primary Forest,5110,Area,2016,2016,1000 ha,0.0,I,
104,'372,Ireland,6714,Primary Forest,5110,Area,2017,2017,1000 ha,0.0,I,
104,'372,Ireland,6714,Primary Forest,5110,Area,2018,2018,1000 ha,0.0,I,
104,'372,Ireland,6714,Primary Forest,5110,Area,2019,2019,1000 ha,0.0,I,
104,'372,Ireland,6714,Primary Forest,5110,Area,2020,2020,1000 ha,0.0,X,
104,'372,Ireland,6714,Primary Forest,5110,Area,2021,2021,1000 ha,0.0,I,
104,'372,Ireland,6714,Primary Forest,5110,Area,2022,2022,1000 ha,0.0,I,
104,'372,Ireland,6714,Primary Forest,5110,Area,2023,2023,1000 ha,0.0,I,
104,'372,Ireland,6714,Primary Forest,5110,Area,2024,2024,1000 ha,0.0,I,
104,'372,Ireland,6714,Primary Forest,5110,Area,2025,2025,1000 ha,0.0,X,
104,'372,Ireland,6716,Planted Forest,5110,Area,1990,1990,1000 ha,380.25,X,
104,'372,Ireland,6716,Planted Forest,5110,Area,1991,1991,1000 ha,397.117,I,
104,'372,Ireland,6716,Planted Forest,5110,Area,1992,1992,1000 ha,413.984,I,
104,'372,Ireland,6716,Planted Forest,5110,Area,1993,1993,1000 ha,430.851,I,
104,'372,Ireland,6716,Planted Forest,5110,Area,1994,1994,1000 ha,447.718,I,
104,'372,Ireland,6716,Planted Forest,5110,Area,1995,1995,1000 ha,464.585,I,
104,'372,Ireland,6716,Planted Forest,5110,Area,1996,1996,1000 ha,481.452,I,
104,'372,Ireland,6716,Planted Forest,5110,Area,1997,1997,1000 ha,498.319,I,
104,'372,Ireland,6716,Planted Forest,5110,Area,1998,1998,1000 ha,515.186,I,
104,'372,Ireland,6716,Planted Forest,5110,Area,1999,1999,1000 ha,532.053,I,
104,'372,Ireland,6716,Planted Forest,5110,Area,2000,2000,1000 ha,548.92,X,
104,'372,Ireland,6716,Planted Forest,5110,Area,2001,2001,1000 ha,557.986,I,
104,'372,Ireland,6716,Planted Forest,5110,Area,2002,2002,1000 ha,567.052,I,
104,'372,Ireland,6716,Planted Forest,5110,Area,2003,2003,1000 ha,576.118,I,
104,'372,Ireland,6716,Planted Forest,5110,Area,2004,2004,1000 ha,585.184,I,
104,'372,Ireland,6716,Planted Forest,5110,Area,2005,2005,1000 ha,594.25,I,
104,'372,Ireland,6716,Planted Forest,5110,Area,2006,2006,1000 ha,603.316,I,
104,'372,Ireland,6716,Planted Forest,5110,Area,2007,2007,1000 ha,612.382,I,
104,'372,Ireland,6716,Planted Forest,5110,Area,2008,2008,1000 ha,621.448,I,
104,'372,Ireland,6716,Planted Forest,5110,Area,2009,2009,1000 ha,630.514,I,
104,'372,Ireland,6716,Planted Forest,5110,Area,2010,2010,1000 ha,639.58,X,
104,'372,Ireland,6716,Planted Forest,5110,Area,2011,2011,1000 ha,643.224,I,
104,'372,Ireland,6716,Planted Forest,5110,Area,2012,2012,1000 ha,646.868,I,
104,'372,Ireland,6716,Planted Forest,5110,Area,2013,2013,1000 ha,650.512,I,
104,'372,Ireland,6716,Planted Forest,5110,Area,2014,2014,1000 ha,654.156,I,
104,'372,Ireland,6716,Planted Forest,5110,Area,2015,2015,1000 ha,657.8,X,
104,'372,Ireland,6716,Planted Forest,5110,Area,2016,2016,1000 ha,662.492,I,
104,'372,Ireland,6716,Planted Forest,5110,Area,2017,2017,1000 ha,667.184,I,
104,'372,Ireland,6716,Planted Forest,5110,Area,2018,2018,1000 ha,671.876,I,
104,'372,Ireland,6716,Planted Forest,5110,Area,2019,2019,1000 ha,676.568,I,
104,'372,Ireland,6716,Planted Forest,5110,Area,2020,2020,1000 ha,681.26,X,
104,'372,Ireland,6716,Planted Forest,5110,Area,2021,2021,1000 ha,688.112,I,
104,'372,Ireland,6716,Planted Forest,5110,Area,2022,2022,1000 ha,694.964,I,
104,'372,Ireland,6716,Planted Forest,5110,Area,2023,2023,1000 ha,701.816,I,
104,'372,Ireland,6716,Planted Forest,5110,Area,2024,2024,1000 ha,708.668,I,
104,'372,Ireland,6716,Planted Forest,5110,Area,2025,2025,1000 ha,715.52,X,
104,'372,Ireland,6716,Planted Forest,7210,Share in Forest land,1990,1990,%,82.37,X,
104,'372,Ireland,6716,Planted Forest,7210,Share in Forest land,1991,1991,%,82.99,E,
104,'372,Ireland,6716,Planted Forest,7210,Share in Forest land,1992,1992,%,83.57,E,
104,'372,Ireland,6716,Planted Forest,7210,Share in Forest land,1993,1993,%,84.11,E,
104,'372,Ireland,6716,Planted Forest,7210,Share in Forest land,1994,1994,%,84.61,E,
104,'372,Ireland,6716,Planted Forest,7210,Share in Forest land,1995,1995,%,85.09,E,
104,'372,Ireland,6716,Planted Forest,7210,Share in Forest land,1996,1996,%,85.53,E,
104,'372,Ireland,6716,Planted Forest,7210,Share in Forest land,1997,1997,%,85.96,E,
104,'372,Ireland,6716,Planted Forest,7210,Share in Forest land,1998,1998,%,86.35,E,
104,'372,Ireland,6716,Planted Forest,7210,Share in Forest land,1999,1999,%,86.73,E,
104,'372,Ireland,6716,Planted Forest,7210,Share in Forest land,2000,2000,%,87.08,X,
104,'372,Ireland,6716,Planted Forest,7210,Share in Forest land,2001,2001,%,87.27,E,
104,'372,Ireland,6716,Planted Forest,7210,Share in Forest land,2002,2002,%,87.46,E,
104,'372,Ireland,6716,Planted Forest,7210,Share in Forest land,2003,2003,%,87.64,E,
104,'372,Ireland,6716,Planted Forest,7210,Share in Forest land,2004,2004,%,87.82,E,
104,'372,Ireland,6716,Planted Forest,7210,Share in Forest land,2005,2005,%,87.99,E,
104,'372,Ireland,6716,Planted Forest,7210,Share in Forest land,2006,2006,%,88.16,E,
104,'372,Ireland,6716,Planted Forest,7210,Share in Forest land,2007,2007,%,88.32,E,
104,'372,Ireland,6716,Planted Forest,7210,Share in Forest land,2008,2008,%,88.48,E,
104,'372,Ireland,6716,Planted Forest,7210,Share in Forest land,2009,2009,%,88.63,E,
104,'372,Ireland,6716,Planted Forest,7210,Share in Forest land,2010,2010,%,88.78,X,
104,'372,Ireland,6716,Planted Forest,7210,Share in Forest land,2011,2011,%,88.45,E,
104,'372,Ireland,6716,Planted Forest,7210,Share in Forest land,2012,2012,%,88.12,E,
104,'372,Ireland,6716,Planted Forest,7210,Share in Forest land,2013,2013,%,87.79,E,
104,'372,Ireland,6716,Planted Forest,7210,Share in Forest land,2014,2014,%,87.48,E,
104,'372,Ireland,6716,Planted Forest,7210,Share in Forest land,2015,2015,%,87.16,X,
104,'372,Ireland,6716,Planted Forest,7210,Share in Forest land,2016,2016,%,86.9,E,
104,'372,Ireland,6716,Planted Forest,7210,Share in Forest land,2017,2017,%,86.63,E,
104,'372,Ireland,6716,Planted Forest,7210,Share in Forest land,2018,2018,%,86.37,E,
104,'372,Ireland,6716,Planted Forest,7210,Share in Forest land,2019,2019,%,86.12,E,
104,'372,Ireland,6716,Planted Forest,7210,Share in Forest land,2020,2020,%,85.87,X,
104,'372,Ireland,6716,Planted Forest,7210,Share in Forest land,2021,2021,%,85.88,E,
104,'372,Ireland,6716,Planted Forest,7210,Share in Forest land,2022,2022,%,85.89,E,
104,'372,Ireland,6716,Planted Forest,7210,Share in Forest land,2023,2023,%,85.9,E,
104,'372,Ireland,6716,Planted Forest,7210,Share in Forest land,2024,2024,%,85.9,E,
104,'372,Ireland,6716,Planted Forest,7210,Share in Forest land,2025,2025,%,85.91,X,
104,'372,Ireland,6670,Other land,5110,Area,1990,1990,1000 ha,1889.96,I,
104,'372,Ireland,6670,Other land,5110,Area,1991,1991,1000 ha,1965.688,I,
104,'372,Ireland,6670,Other land,5110,Area,1992,1992,1000 ha,1977.416,I,
104,'372,Ireland,6670,Other land,5110,Area,1993,1993,1000 ha,1969.444,I,
104,'372,Ireland,6670,Other land,5110,Area,1994,1994,1000 ha,1966.272,I,
104,'372,Ireland,6670,Other land,5110,Area,1995,1995,1000 ha,1954.3,I,
104,'372,Ireland,6670,Other land,5110,Area,1996,1996,1000 ha,1984.328,I,
104,'372,Ireland,6670,Other land,5110,Area,1997,1997,1000 ha,1953.616,I,
104,'372,Ireland,6670,Other land,5110,Area,1998,1998,1000 ha,1922.904,I,
104,'372,Ireland,6670,Other land,5110,Area,1999,1999,1000 ha,1892.192,I,
104,'372,Ireland,6670,Other land,5110,Area,2000,2000,1000 ha,1862.48,I,
104,'372,Ireland,6670,Other land,5110,Area,2001,2001,1000 ha,1839.638,I,
104,'372,Ireland,6670,Other land,5110,Area,2002,2002,1000 ha,1867.636,I,
104,'372,Ireland,6670,Other land,5110,Area,2003,2003,1000 ha,1861.634,I,
104,'372,Ireland,6670,Other land,5110,Area,2004,2004,1000 ha,1917.632,I,
104,'372,Ireland,6670,Other land,5110,Area,2005,2005,1000 ha,1911.63,I,
104,'372,Ireland,6670,Other land,5110,Area,2006,2006,1000 ha,1944.628,I,
104,'372,Ireland,6670,Other land,5110,Area,2007,2007,1000 ha,1919.626,I,
104,'372,Ireland,6670,Other land,5110,Area,2008,2008,1000 ha,1557.624,I,
104,'372,Ireland,6670,Other land,5110,Area,2009,2009,1000 ha,1583.702,I,
104,'372,Ireland,6670,Other land,5110,Area,2010,2010,1000 ha,1600.62,I,
104,'372,Ireland,6670,Other land,5110,Area,2011,2011,1000 ha,1606.762,I,
104,'372,Ireland,6670,Other land,5110,Area,2012,2012,1000 ha,1621.904,I,
104,'372,Ireland,6670,Other land,5110,Area,2013,2013,1000 ha,1671.046,I,
104,'372,Ireland,6670,Other land,5110,Area,2014,2014,1000 ha,1675.188,I,
104,'372,Ireland,6670,Other land,5110,Area,2015,2015,1000 ha,1704.33,I,
104,'372,Ireland,6670,Other land,5110,Area,2016,2016,1000 ha,1665.6,I,
104,'372,Ireland,6670,Other land,5110,Area,2017,2017,1000 ha,1629.87,I,
104,'372,Ireland,6670,Other land,5110,Area,2018,2018,1000 ha,1595.14,I,
104,'372,Ireland,6670,Other land,5110,Area,2019,2019,1000 ha,1579.41,I,
104,'372,Ireland,6670,Other land,5110,Area,2020,2020,1000 ha,1583.68,I,
104,'372,Ireland,6670,Other land,5110,Area,2021,2021,1000 ha,1750.774,I,
104,'372,Ireland,6670,Other land,5110,Area,2022,2022,1000 ha,1731.868,I,
104,'372,Ireland,6670,Other land,5110,Area,2023,2023,1000 ha,1882.962,I,
104,'372,Ireland,6680,Inland waters,5110,Area,1961,1961,1000 ha,139.0,I,
104,'372,Ireland,6680,Inland waters,5110,Area,1962,1962,1000 ha,139.0,I,
104,'372,Ireland,6680,Inland waters,5110,Area,1963,1963,1000 ha,139.0,I,
104,'372,Ireland,6680,Inland waters,5110,Area,1964,1964,1000 ha,139.0,I,
104,'372,Ireland,6680,Inland waters,5110,Area,1965,1965,1000 ha,139.0,I,
104,'372,Ireland,6680,Inland waters,5110,Area,1966,1966,1000 ha,139.0,I,
104,'372,Ireland,6680,Inland waters,5110,Area,1967,1967,1000 ha,139.0,I,
104,'372,Ireland,6680,Inland waters,5110,Area,1968,1968,1000 ha,139.0,I,
104,'372,Ireland,6680,Inland waters,5110,Area,1969,1969,1000 ha,139.0,I,
104,'372,Ireland,6680,Inland waters,5110,Area,1970,1970,1000 ha,139.0,I,
104,'372,Ireland,6680,Inland waters,5110,Area,1971,1971,1000 ha,139.0,I,
104,'372,Ireland,6680,Inland waters,5110,Area,1972,1972,1000 ha,139.0,I,
104,'372,Ireland,6680,Inland waters,5110,Area,1973,1973,1000 ha,139.0,I,
104,'372,Ireland,6680,Inland waters,5110,Area,1974,1974,1000 ha,139.0,I,
104,'372,Ireland,6680,Inland waters,5110,Area,1975,1975,1000 ha,139.0,I,
104,'372,Ireland,6680,Inland waters,5110,Area,1976,1976,1000 ha,139.0,I,
104,'372,Ireland,6680,Inland waters,5110,Area,1977,1977,1000 ha,139.0,I,
104,'372,Ireland,6680,Inland waters,5110,Area,1978,1978,1000 ha,139.0,I,
104,'372,Ireland,6680,Inland waters,5110,Area,1979,1979,1000 ha,139.0,I,
104,'372,Ireland,6680,Inland waters,5110,Area,1980,1980,1000 ha,139.0,I,
104,'372,Ireland,6680,Inland waters,5110,Area,1981,1981,1000 ha,139.0,I,
104,'372,Ireland,6680,Inland waters,5110,Area,1982,1982,1000 ha,139.0,I,
104,'372,Ireland,6680,Inland waters,5110,Area,1983,1983,1000 ha,139.0,I,
104,'372,Ireland,6680,Inland waters,5110,Area,1984,1984,1000 ha,139.0,I,
104,'372,Ireland,6680,Inland waters,5110,Area,1985,1985,1000 ha,139.0,I,
104,'372,Ireland,6680,Inland waters,5110,Area,1986,1986,1000 ha,139.0,I,
104,'372,Ireland,6680,Inland waters,5110,Area,1987,1987,1000 ha,139.0,I,
104,'372,Ireland,6680,Inland waters,5110,Area,1988,1988,1000 ha,139.0,I,
104,'372,Ireland,6680,Inland waters,5110,Area,1989,1989,1000 ha,139.0,I,
104,'372,Ireland,6680,Inland waters,5110,Area,1990,1990,1000 ha,139.0,I,
104,'372,Ireland,6680,Inland waters,5110,Area,1991,1991,1000 ha,139.0,I,
104,'372,Ireland,6680,Inland waters,5110,Area,1992,1992,1000 ha,139.0,I,
104,'372,Ireland,6680,Inland waters,5110,Area,1993,1993,1000 ha,139.0,I,
104,'372,Ireland,6680,Inland waters,5110,Area,1994,1994,1000 ha,139.0,I,
104,'372,Ireland,6680,Inland waters,5110,Area,1995,1995,1000 ha,139.0,I,
104,'372,Ireland,6680,Inland waters,5110,Area,1996,1996,1000 ha,139.0,I,
104,'372,Ireland,6680,Inland waters,5110,Area,1997,1997,1000 ha,139.0,I,
104,'372,Ireland,6680,Inland waters,5110,Area,1998,1998,1000 ha,139.0,I,
104,'372,Ireland,6680,Inland waters,5110,Area,1999,1999,1000 ha,139.0,I,
104,'372,Ireland,6680,Inland waters,5110,Area,2000,2000,1000 ha,139.0,I,
104,'372,Ireland,6680,Inland waters,5110,Area,2001,2001,1000 ha,139.0,I,
104,'372,Ireland,6680,Inland waters,5110,Area,2002,2002,1000 ha,139.0,I,
104,'372,Ireland,6680,Inland waters,5110,Area,2003,2003,1000 ha,139.0,I,
104,'372,Ireland,6680,Inland waters,5110,Area,2004,2004,1000 ha,139.0,I,
104,'372,Ireland,6680,Inland waters,5110,Area,2005,2005,1000 ha,139.0,I,
104,'372,Ireland,6680,Inland waters,5110,Area,2006,2006,1000 ha,139.0,I,
104,'372,Ireland,6680,Inland waters,5110,Area,2007,2007,1000 ha,139.0,I,
104,'372,Ireland,6680,Inland waters,5110,Area,2008,2008,1000 ha,139.0,I,
104,'372,Ireland,6680,Inland waters,5110,Area,2009,2009,1000 ha,139.0,I,
104,'372,Ireland,6680,Inland waters,5110,Area,2010,2010,1000 ha,139.0,I,
104,'372,Ireland,6680,Inland waters,5110,Area,2011,2011,1000 ha,139.0,I,
104,'372,Ireland,6680,Inland waters,5110,Area,2012,2012,1000 ha,139.0,I,
104,'372,Ireland,6680,Inland waters,5110,Area,2013,2013,1000 ha,139.0,I,
104,'372,Ireland,6680,Inland waters,5110,Area,2014,2014,1000 ha,139.0,I,
104,'372,Ireland,6680,Inland waters,5110,Area,2015,2015,1000 ha,139.0,I,
104,'372,Ireland,6680,Inland waters,5110,Area,2016,2016,1000 ha,139.0,I,
104,'372,Ireland,6680,Inland waters,5110,Area,2017,2017,1000 ha,139.0,I,
104,'372,Ireland,6680,Inland waters,5110,Area,2018,2018,1000 ha,139.0,I,
104,'372,Ireland,6680,Inland waters,5110,Area,2019,2019,1000 ha,139.0,I,
104,'372,Ireland,6680,Inland waters,5110,Area,2020,2020,1000 ha,139.0,I,
104,'372,Ireland,6680,Inland waters,5110,Area,2021,2021,1000 ha,139.0,I,
104,'372,Ireland,6680,Inland waters,5110,Area,2022,2022,1000 ha,139.0,I,
104,'372,Ireland,6680,Inland waters,5110,Area,2023,2023,1000 ha,139.0,I,
104,'372,Ireland,6694,Cropland area actually irrigated,5110,Area,2008,2008,1000 ha,0.0,I,
104,'372,Ireland,6694,Cropland area actually irrigated,5110,Area,2009,2009,1000 ha,0.0,I,
104,'372,Ireland,6694,Cropland area actually irrigated,5110,Area,2010,2010,1000 ha,0.0,I,
104,'372,Ireland,6694,Cropland area actually irrigated,5110,Area,2011,2011,1000 ha,0.0,I,
104,'372,Ireland,6694,Cropland area actually irrigated,5110,Area,2012,2012,1000 ha,0.0,I,
104,'372,Ireland,6694,Cropland area actually irrigated,5110,Area,2013,2013,1000 ha,0.0,I,
104,'372,Ireland,6694,Cropland area actually irrigated,5110,Area,2014,2014,1000 ha,0.0,I,
104,'372,Ireland,6694,Cropland area actually irrigated,5110,Area,2015,2015,1000 ha,0.0,I,
104,'372,Ireland,6694,Cropland area actually irrigated,5110,Area,2016,2016,1000 ha,0.0,I,
104,'372,Ireland,6694,Cropland area actually irrigated,5110,Area,2017,2017,1000 ha,0.0,I,
104,'372,Ireland,6694,Cropland area actually irrigated,5110,Area,2018,2018,1000 ha,0.0,I,
104,'372,Ireland,6694,Cropland area actually irrigated,5110,Area,2019,2019,1000 ha,0.0,I,
104,'372,Ireland,6694,Cropland area actually irrigated,5110,Area,2020,2020,1000 ha,0.0,I,
104,'372,Ireland,6694,Cropland area actually irrigated,5110,Area,2021,2021,1000 ha,0.0,I,
104,'372,Ireland,6694,Cropland area actually irrigated,5110,Area,2022,2022,1000 ha,0.0,I,
104,'372,Ireland,6694,Cropland area actually irrigated,5110,Area,2023,2023,1000 ha,0.0,I,
104,'372,Ireland,6671,Agriculture area under organic agric.,5110,Area,2004,2004,1000 ha,30.7,A,
104,'372,Ireland,6671,Agriculture area under organic agric.,5110,Area,2005,2005,1000 ha,34.9,A,
104,'372,Ireland,6671,Agriculture area under organic agric.,5110,Area,2006,2006,1000 ha,37.3,A,
104,'372,Ireland,6671,Agriculture area under organic agric.,5110,Area,2007,2007,1000 ha,41.1,A,
104,'372,Ireland,6671,Agriculture area under organic agric.,5110,Area,2008,2008,1000 ha,42.8,A,
104,'372,Ireland,6671,Agriculture area under organic agric.,5110,Area,2009,2009,1000 ha,47.9,A,
104,'372,Ireland,6671,Agriculture area under organic agric.,5110,Area,2010,2010,1000 ha,47.9,A,
104,'372,Ireland,6671,Agriculture area under organic agric.,5110,Area,2011,2011,1000 ha,54.0,A,
104,'372,Ireland,6671,Agriculture area under organic agric.,5110,Area,2012,2012,1000 ha,52.6,A,
104,'372,Ireland,6671,Agriculture area under organic agric.,5110,Area,2013,2013,1000 ha,56.3,A,
104,'372,Ireland,6671,Agriculture area under organic agric.,5110,Area,2014,2014,1000 ha,51.9,A,
104,'372,Ireland,6671,Agriculture area under organic agric.,5110,Area,2015,2015,1000 ha,73.0,A,
104,'372,Ireland,6671,Agriculture area under organic agric.,5110,Area,2016,2016,1000 ha,76.7,A,
104,'372,Ireland,6671,Agriculture area under organic agric.,5110,Area,2017,2017,1000 ha,74.3,A,
104,'372,Ireland,6671,Agriculture area under organic agric.,5110,Area,2018,2018,1000 ha,118.699,A,
104,'372,Ireland,6671,Agriculture area under organic agric.,5110,Area,2019,2019,1000 ha,73.95,A,
104,'372,Ireland,6671,Agriculture area under organic agric.,5110,Area,2020,2020,1000 ha,74.66,A,
104,'372,Ireland,6671,Agriculture area under organic agric.,5110,Area,2021,2021,1000 ha,86.87,A,
104,'372,Ireland,6671,Agriculture area under organic agric.,5110,Area,2022,2022,1000 ha,98.49,A,
104,'372,Ireland,6671,Agriculture area under organic agric.,5110,Area,2023,2023,1000 ha,179.18,A,
104,'372,Ireland,6671,Agriculture area under organic agric.,7208,Share in Agricultural land,2004,2004,%,0.71,A,
104,'372,Ireland,6671,Agriculture area under organic agric.,7208,Share in Agricultural land,2005,2005,%,0.81,A,
104,'372,Ireland,6671,Agriculture area under organic agric.,7208,Share in Agricultural land,2006,2006,%,0.88,A,
104,'372,Ireland,6671,Agriculture area under organic agric.,7208,Share in Agricultural land,2007,2007,%,0.96,A,
104,'372,Ireland,6671,Agriculture area under organic agric.,7208,Share in Agricultural land,2008,2008,%,0.92,A,
104,'372,Ireland,6671,Agriculture area under organic agric.,7208,Share in Agricultural land,2009,2009,%,1.04,A,
104,'372,Ireland,6671,Agriculture area under organic agric.,7208,Share in Agricultural land,2010,2010,%,1.05,A,
104,'372,Ireland,6671,Agriculture area under organic agric.,7208,Share in Agricultural land,2011,2011,%,1.19,A,
104,'372,Ireland,6671,Agriculture area under organic agric.,7208,Share in Agricultural land,2012,2012,%,1.16,A,
104,'372,Ireland,6671,Agriculture area under organic agric.,7208,Share in Agricultural land,2013,2013,%,1.26,A,
104,'372,Ireland,6671,Agriculture area under organic agric.,7208,Share in Agricultural land,2014,2014,%,1.16,A,
104,'372,Ireland,6671,Agriculture area under organic agric.,7208,Share in Agricultural land,2015,2015,%,1.65,A,
104,'372,Ireland,6671,Agriculture area under organic agric.,7208,Share in Agricultural land,2016,2016,%,1.72,A,
104,'372,Ireland,6671,Agriculture area under organic agric.,7208,Share in Agricultural land,2017,2017,%,1.66,A,
104,'372,Ireland,6671,Agriculture area under organic agric.,7208,Share in Agricultural land,2018,2018,%,2.63,A,
104,'372,Ireland,6671,Agriculture area under organic agric.,7208,Share in Agricultural land,2019,2019,%,1.63,A,
104,'372,Ireland,6671,Agriculture area under organic agric.,7208,Share in Agricultural land,2020,2020,%,1.65,A,
104,'372,Ireland,6671,Agriculture area under organic agric.,7208,Share in Agricultural land,2021,2021,%,2.0,A,
104,'372,Ireland,6671,Agriculture area under organic agric.,7208,Share in Agricultural land,2022,2022,%,2.27,A,
104,'372,Ireland,6671,Agriculture area under organic agric.,7208,Share in Agricultural land,2023,2023,%,4.28,A,
104,'372,Ireland,6672,Agriculture area certified organic,5110,Area,2004,2004,1000 ha,24.6,A,
104,'372,Ireland,6672,Agriculture area certified organic,5110,Area,2005,2005,1000 ha,23.5,A,
104,'372,Ireland,6672,Agriculture area certified organic,5110,Area,2007,2007,1000 ha,30.8,A,
104,'372,Ireland,6672,Agriculture area certified organic,5110,Area,2009,2009,1000 ha,37.7,A,
104,'372,Ireland,6672,Agriculture area certified organic,5110,Area,2010,2010,1000 ha,37.7,A,
104,'372,Ireland,6672,Agriculture area certified organic,5110,Area,2011,2011,1000 ha,38.0,A,
104,'372,Ireland,6672,Agriculture area certified organic,5110,Area,2012,2012,1000 ha,41.3,A,
104,'372,Ireland,6672,Agriculture area certified organic,5110,Area,2013,2013,1000 ha,47.3,A,
104,'372,Ireland,6672,Agriculture area certified organic,5110,Area,2014,2014,1000 ha,47.8,A,
104,'372,Ireland,6672,Agriculture area certified organic,5110,Area,2015,2015,1000 ha,48.0,A,
104,'372,Ireland,6672,Agriculture area certified organic,5110,Area,2016,2016,1000 ha,46.5,A,
104,'372,Ireland,6672,Agriculture area certified organic,5110,Area,2017,2017,1000 ha,66.5,A,
104,'372,Ireland,6672,Agriculture area certified organic,5110,Area,2018,2018,1000 ha,71.328,A,
104,'372,Ireland,6672,Agriculture area certified organic,5110,Area,2019,2019,1000 ha,67.06,A,
104,'372,Ireland,6672,Agriculture area certified organic,5110,Area,2020,2020,1000 ha,68.49,A,
104,'372,Ireland,6672,Agriculture area certified organic,5110,Area,2021,2021,1000 ha,70.36,A,
104,'372,Ireland,6672,Agriculture area certified organic,5110,Area,2022,2022,1000 ha,70.88,A,
104,'372,Ireland,6672,Agriculture area certified organic,5110,Area,2023,2023,1000 ha,73.12,A,
104,'372,Ireland,6668,Cropland area under organic agric.,5110,Area,2014,2014,1000 ha,4.0,A,
104,'372,Ireland,6668,Cropland area under organic agric.,5110,Area,2015,2015,1000 ha,4.6,A,
104,'372,Ireland,6668,Cropland area under organic agric.,5110,Area,2016,2016,1000 ha,6.2,A,
104,'372,Ireland,6668,Cropland area under organic agric.,5110,Area,2017,2017,1000 ha,3.6,A,
104,'372,Ireland,6668,Cropland area under organic agric.,5110,Area,2018,2018,1000 ha,4.498,A,
104,'372,Ireland,6668,Cropland area under organic agric.,5110,Area,2019,2019,1000 ha,4.56,A,
104,'372,Ireland,6668,Cropland area under organic agric.,5110,Area,2020,2020,1000 ha,8.1,A,
104,'372,Ireland,6668,Cropland area under organic agric.,5110,Area,2021,2021,1000 ha,8.34,A,
104,'372,Ireland,6668,Cropland area under organic agric.,5110,Area,2022,2022,1000 ha,9.24,A,
104,'372,Ireland,6668,Cropland area under organic agric.,5110,Area,2023,2023,1000 ha,6.8,A,
104,'372,Ireland,6669,Cropland area certified organic,5110,Area,2014,2014,1000 ha,3.8,A,
104,'372,Ireland,6669,Cropland area certified organic,5110,Area,2015,2015,1000 ha,4.0,A,
104,'372,Ireland,6669,Cropland area certified organic,5110,Area,2016,2016,1000 ha,4.7,A,
104,'372,Ireland,6669,Cropland area certified organic,5110,Area,2017,2017,1000 ha,3.3,A,
104,'372,Ireland,6669,Cropland area certified organic,5110,Area,2018,2018,1000 ha,3.372,A,
104,'372,Ireland,6669,Cropland area certified organic,5110,Area,2019,2019,1000 ha,3.83,A,
104,'372,Ireland,6669,Cropland area certified organic,5110,Area,2020,2020,1000 ha,6.86,A,
104,'372,Ireland,6669,Cropland area certified organic,5110,Area,2021,2021,1000 ha,6.9,A,
104,'372,Ireland,6669,Cropland area certified organic,5110,Area,2022,2022,1000 ha,7.31,A,
104,'372,Ireland,6669,Cropland area certified organic,5110,Area,2023,2023,1000 ha,5.4,A,
104,'372,Ireland,6681,Perm. meadows & pastures area under organic agric.,5110,Area,2014,2014,1000 ha,47.9,A,
104,'372,Ireland,6681,Perm. meadows & pastures area under organic agric.,5110,Area,2015,2015,1000 ha,68.4,A,
104,'372,Ireland,6681,Perm. meadows & pastures area under organic agric.,5110,Area,2016,2016,1000 ha,70.5,A,
104,'372,Ireland,6681,Perm. meadows & pastures area under organic agric.,5110,Area,2017,2017,1000 ha,70.6,A,
104,'372,Ireland,6681,Perm. meadows & pastures area under organic agric.,5110,Area,2018,2018,1000 ha,114.201,A,
104,'372,Ireland,6681,Perm. meadows & pastures area under organic agric.,5110,Area,2019,2019,1000 ha,69.32,A,
104,'372,Ireland,6681,Perm. meadows & pastures area under organic agric.,5110,Area,2020,2020,1000 ha,66.48,A,
104,'372,Ireland,6681,Perm. meadows & pastures area under organic agric.,5110,Area,2021,2021,1000 ha,78.26,A,
104,'372,Ireland,6681,Perm. meadows & pastures area under organic agric.,5110,Area,2022,2022,1000 ha,88.45,A,
104,'372,Ireland,6681,Perm. meadows & pastures area under organic agric.,5110,Area,2023,2023,1000 ha,168.58,A,
104,'372,Ireland,6682,Perm. meadows & pastures area certified organic,5110,Area,2014,2014,1000 ha,44.0,A,
104,'372,Ireland,6682,Perm. meadows & pastures area certified organic,5110,Area,2015,2015,1000 ha,44.0,A,
104,'372,Ireland,6682,Perm. meadows & pastures area certified organic,5110,Area,2016,2016,1000 ha,41.8,A,
104,'372,Ireland,6682,Perm. meadows & pastures area certified organic,5110,Area,2017,2017,1000 ha,63.1,A,
104,'372,Ireland,6682,Perm. meadows & pastures area certified organic,5110,Area,2018,2018,1000 ha,67.956,A,
104,'372,Ireland,6682,Perm. meadows & pastures area certified organic,5110,Area,2019,2019,1000 ha,63.18,A,
104,'372,Ireland,6682,Perm. meadows & pastures area certified organic,5110,Area,2020,2020,1000 ha,61.56,A,
104,'372,Ireland,6682,Perm. meadows & pastures area certified organic,5110,Area,2021,2021,1000 ha,67.37,A,
104,'372,Ireland,6682,Perm. meadows & pastures area certified organic,5110,Area,2022,2022,1000 ha,62.91,A,
104,'372,Ireland,6682,Perm. meadows & pastures area certified organic,5110,Area,2023,2023,1000 ha,65.75,A,
104,'372,Ireland,6774,Cropland area under protective cover,5110,Area,2008,2008,1000 ha,0.44,A,
104,'372,Ireland,6774,Cropland area under protective cover,5110,Area,2009,2009,1000 ha,0.49,A,
104,'372,Ireland,6774,Cropland area under protective cover,5110,Area,2010,2010,1000 ha,0.49,A,
104,'372,Ireland,6774,Cropland area under protective cover,5110,Area,2011,2011,1000 ha,0.49,A,
104,'372,Ireland,6774,Cropland area under protective cover,5110,Area,2012,2012,1000 ha,0.49,A,
104,'372,Ireland,6774,Cropland area under protective cover,5110,Area,2013,2013,1000 ha,0.49,A,
104,'372,Ireland,6774,Cropland area under protective cover,5110,Area,2014,2014,1000 ha,0.491,A,
104,'372,Ireland,6774,Cropland area under protective cover,5110,Area,2015,2015,1000 ha,0.495,A,
104,'372,Ireland,6774,Cropland area under protective cover,5110,Area,2016,2016,1000 ha,0.497,A,
104,'372,Ireland,6762,Land used for aquaculture,5110,Area,2023,2023,1000 ha,0.181,A,
104,'372,Ireland,6641,Coastal waters used for aquac. or holding facilities,5110,Area,2023,2023,1000 ha,8.024,A,
104,'372,Ireland,6644,EEZ used for aquac. or holding facilities,5110,Area,2023,2023,1000 ha,8.205,A,
